family,product-type,steel,carbon,hardness,temper_rolling,condition,formability,strength,non-ageing,surface-finish,surface-quality,enamelability,bc,bf,bt,bw-me,bl,m,chrom,phos,cbond,marvi,exptl,ferro,corr,blue-bright-varn-clean,lustre,jurofm,s,p,shape,thick,width,len,oil,bore,packing,target
,C,A,8,0,,S,,0,,,G,,,,,,,,,,,,,,,,,,,,COIL,0.7,610.0,0,,0,,3
,C,R,0,0,,S,2.0,0,,,E,,,,,,,,,,,,,,,,Y,,,,COIL,3.2,610.0,0,,0,,3
,C,R,0,0,,S,2.0,0,,,E,,,Y,,B,,,,,,,,,,,,,,,SHEET,0.7,1300.0,762,,0,,3
,C,A,0,60,T,,,0,,,G,,,,,M,,,,,,,,,,,,,,,COIL,2.801,385.1,0,,0,,3
,C,A,0,60,T,,,0,,,G,,,,,B,Y,,,,Y,,,,,,,,,,SHEET,0.801,255.0,269,,0,,3
,C,A,0,45,,S,,0,,,D,,,,,,,,,,,,,,,,,,,,COIL,1.6,610.0,0,,0,,3
,C,R,0,0,,S,2.0,0,,,E,,,,,,Y,,,,,,,,,,,,,,SHEET,0.699,610.0,4880,Y,0,,3
,C,A,0,0,,S,2.0,0,,,E,,,,,,,,,,,,,,,,Y,,,,COIL,3.3,152.0,0,,0,,3
,C,R,0,0,,S,2.0,0,,,E,,,,,,,,,,,,,,,,Y,,,,COIL,0.699,1320.0,0,,0,,3
,C,A,0,0,,S,3.0,0,N,,E,,,,,,,,,,,,,,,,,,,,SHEET,1.0,1320.0,762,,0,,3
,C,R,0,0,,S,2.0,0,,,E,,,,,,,,,,,,,,,,,,,,COIL,1.2,610.0,0,,0,,3
,C,R,0,0,,S,2.0,0,,,E,,,,,,Y,,,,,,,,,,,,,,SHEET,0.3,1320.0,4880,Y,0,,3
,C,R,0,0,,S,2.0,0,,,E,,,,,B,Y,,,,Y,,,,,,,,,,SHEET,1.2,610.0,150,,0,,3
,C,A,0,45,,S,,0,,,D,,,,,,,,,,,,,,,,,,,,COIL,1.2,609.9,0,,0,,3
,C,A,0,0,,S,2.0,0,,,F,,,Y,,,,,,,,,,,,,,,,,SHEET,0.6,1220.0,761,,0,,3
,C,A,0,0,,S,2.0,0,,,E,,,,,,,,,,,,,,,,,,,,SHEET,4.0,1320.0,762,,0,,3
,C,A,10,0,,,,0,,,E,,,,,,,,,,,,,,,,,,,,COIL,3.201,600.0,0,,0,,U
,C,A,0,80,T,,,0,,,G,,,,,,,,,,,,,,,,,,,,SHEET,0.8,610.0,4170,Y,0,,U
,C,A,0,0,,S,2.0,0,,,E,,,,,,,,,,,,,,,,,,,,SHEET,3.2,1320.1,762,,0,,3
,C,A,0,70,T,,,0,,,G,,,,,,,,,,,,,,,,,,,,COIL,0.501,1200.1,0,,0,,3
,C,A,0,0,,S,2.0,0,,,F,,,Y,,,Y,,,,,,,,,,,,,,SHEET,0.6,610.0,761,,0,,3
,C,K,55,0,,,,0,,,,,,,,,,,,,,,,,,,,,,,COIL,0.8,610.0,0,,0,,3
,C,A,0,85,T,,,0,,,G,,,,,,,,,,,,,,,,,,,,COIL,1.001,50.0,0,,0,,U
,C,S,70,0,,,,0,,,,,,,,,,,,,,,,,,,,,,,COIL,3.2,609.9,0,,0,,3
,C,A,3,0,T,,,0,,,,,,Y,,,,,,,,,,,,,,,,,COIL,0.5,610.0,0,,0,,1
,C,,0,50,T,,,0,,,G,,,,Y,,,,,,,,,,,,,,,,COIL,3.2,1320.0,0,,0,,3
,C,A,0,60,T,,,0,,,G,,,,,B,Y,,,,Y,,,,,,,,,,SHEET,0.8,356.0,4880,,0,,3
,C,R,0,0,,S,2.0,0,,,E,,,,,,,,,,Y,,,,,,,,,,SHEET,0.7,609.9,4170,,0,,3
,C,K,55,0,,,,0,,,,,,,,,,,,,,,,,,,,,,,COIL,0.8,900.0,0,,0,,3
,C,W,0,0,,,,310,,,G,,,,,,,,,,,,,,,,,,,,COIL,1.6,610.0,0,,500,,3
TN,C,A,0,0,,,3.0,0,N,,,,,,,B,,,,,,,,Y,,,,,,,SHEET,0.6,610.0,4880,,0,,5
,C,,0,45,,S,,0,,,E,,,,,,,,,,Y,,,,,,,,,,SHEET,1.4,1320.0,4170,,0,,3
,C,A,0,45,,S,,0,,,D,,,,,B,,,,,,,,,,,,,,,SHEET,0.699,1320.0,762,,0,,3
,C,A,0,85,T,,,0,,,G,,,,,,,,,,,,,,,,,,,,COIL,4.0,450.0,0,,0,,U
,C,A,0,0,,S,3.0,0,N,,F,,,,,,,,,,,,,,,,,,,,SHEET,0.75,1320.0,4880,,0,,3
TN,C,A,0,0,,,3.0,0,N,,,,,,,B,,,,,,,,,,,,,,,COIL,1.6,1220.0,0,,0,,5
,C,M,0,0,,,,350,,,G,,,,Y,,,,,,,,,,,,,,,,COIL,1.399,1320.0,0,,0,,3
,C,A,0,50,T,,,0,,,G,,,,Y,,,,,,,,,,,,,,,,COIL,0.6,1320.0,0,,0,,3
,C,R,0,0,,S,2.0,0,,,E,,,,,,,,,,,,,,,,,,,,COIL,0.651,20.0,0,,0,,3
,C,R,0,0,,S,2.0,0,,,E,,,,,,,,,,,,,,,,,,,,SHEET,1.6,374.9,4880,,0,,3
ZS,C,A,0,0,,S,3.0,0,N,,E,,,,,,,,,,,,,,,,,,,,COIL,1.6,50.0,0,,0,,3
,C,R,0,0,,S,2.0,0,,,E,,,Y,,,Y,,,,,,,,,,,,,,SHEET,0.699,1320.0,4880,Y,0,,3
ZS,C,A,0,50,T,,,0,,,E,,,,,,,,,,,,,,,,,,,,COIL,0.7,610.0,0,,0,,3
,C,R,0,0,,S,3.0,0,,,E,,,,,,,,,,,,,,,,,,,,SHEET,0.6,610.0,762,,0,,3
TN,C,A,0,0,,,3.0,0,N,,,,,,,,,,,,,,,Y,,,,,,,COIL,0.799,20.0,0,,0,,5
,C,A,0,0,,S,2.0,0,,,F,,,Y,,,,,,,,,,,,,,,,,SHEET,0.6,610.0,301,,0,,3
,C,R,0,0,,S,3.0,0,,,E,,,,,,,,,,,,,,,,,,,,SHEET,0.601,610.0,4880,,0,,3
,C,A,0,45,,S,,0,,,D,,,,,,Y,,,,,,,,,,,,,,SHEET,0.7,1320.0,4880,,0,,3
,C,W,0,0,,,,310,,,G,,,,,B,,,,,,,,,,,,,,,COIL,2.5,1274.9,0,,500,,3
,C,A,0,0,,S,2.0,0,,,G,,,,,,,,,,,,,,,,,,,,SHEET,0.699,1320.0,4880,N,0,,3
,C,A,0,0,,S,2.0,0,,,E,,,,,B,Y,,,,,,,,,,,,,,SHEET,0.7,609.9,762,,0,,3
,C,,0,0,,S,1.0,0,,,G,,,,,,,,,,,,,,,,,,,,SHEET,0.3,1320.0,761,,0,,3
,C,R,0,0,,S,2.0,0,,,E,,,,,B,Y,,,,,,,,,,,,,,SHEET,1.599,1300.0,762,,0,,3
,C,A,0,45,,S,,0,,,D,,,,,,,,,,,,,,,,,,,,SHEET,0.599,150.0,4880,,0,,3
,C,A,0,0,,S,2.0,0,,,E,,,,Y,,,,,,,,,,,,,,,,COIL,0.7,1320.0,0,,0,,3
,C,R,0,0,,S,2.0,0,,,E,,,,,,,,,,,,,,,,,,,,SHEET,0.7,374.9,4880,,0,,3
,C,,0,0,,A,2.0,0,,,G,,,,,,,,,,,,,,,,,,,,SHEET,0.301,610.0,762,Y,0,,3
,C,A,0,0,,,,500,,,G,,,,,,,,,,,,,,,,,,,,COIL,1.6,1320.0,0,,0,,3
,C,A,0,0,,S,2.0,0,,,G,,,,Y,,,,,,,,,,,,,,,,SHEET,3.2,1300.0,762,,0,,3
ZS,C,A,0,0,,S,5.0,0,N,,E,,,,,,,,,,,,,,,,,,,,SHEET,1.2,610.0,762,,0,,3
ZS,C,A,0,0,,S,5.0,0,N,,E,,,,,,,,,,,,,,,,,,,,SHEET,1.2,610.0,4880,,0,,3
,C,A,0,0,,S,3.0,0,N,,F,,,,,B,Y,,,,Y,,,,,,,,,,SHEET,0.6,1220.0,762,,0,,3
,C,A,0,45,,S,,0,,,D,,,,,,,,,,,,,,,,,,,,COIL,0.301,610.0,0,,0,,3
ZS,C,A,0,85,T,,,0,,,E,,,,Y,,,,,,,,,,,,,,,,SHEET,1.0,610.0,762,,0,,U
,C,R,0,0,,S,2.0,0,,,E,,,,,B,,,,,,,,,,,,,,,SHEET,1.6,500.0,762,,0,,3
,C,,0,0,,S,1.0,0,,,G,,,,,B,Y,,,,,,,,,,,,,,SHEET,0.301,515.0,610,Y,0,,3
TN,C,A,0,0,,,3.0,0,N,,,,,,,,,,C,,,,,,,,,,,,SHEET,1.2,335.0,611,,0,,5
,C,R,0,0,,S,3.0,0,,,,,,,,,,,,,,,,,,,,,,,SHEET,0.8,1320.0,762,,0,,2
,C,A,0,0,,S,2.0,0,,,E,,,,,,,,,,,,,,,,,,,,COIL,0.4,20.0,0,,0,,3
TN,C,A,0,0,,,3.0,0,N,,,,,,,,,,C,,,,,,,,,,,,COIL,0.6,250.0,0,,0,,5
,C,A,0,70,T,,,0,,,G,,,,,,,,,,,,,,,,,,,,COIL,0.801,610.0,0,,600,,3
,C,R,0,0,,S,2.0,0,,,E,,,,Y,M,,,,,,,,,,,,,,,COIL,3.5,610.0,0,,600,,3
,C,,0,0,,S,1.0,0,,,G,,,,,,,,,,,,,,,,,,,,SHEET,0.699,610.0,762,Y,0,,3
,C,R,0,0,,S,2.0,0,,,E,,,,,B,,,,,,,,,,,,,,,COIL,0.799,1300.0,0,,0,,3
,C,A,4,0,T,,,0,,,G,,,,,,,,,,,,,,,,,,,,COIL,0.5,1130.0,0,,0,,3
,C,R,0,0,,S,3.0,0,,,E,,,,,,,,,,,,,,,,,,,,SHEET,0.6,609.0,612,,0,,3
,C,,0,0,,,,500,,P,,,,,,,,,,,,,,,,,,,,,SHEET,1.6,609.9,4880,,0,,2
,C,A,0,0,,S,3.0,0,N,,G,,,,,,,,,,,,,,,,,,,,COIL,0.601,1320.0,0,,0,,3
ZS,C,A,0,70,T,,,0,,,E,,,,,,,,,,,,,,,,,,,,COIL,2.0,1250.0,0,,0,,3
,C,R,0,0,,S,2.0,0,,,E,,,Y,,,,,,,,,,,,,,,,,SHEET,3.2,1320.0,4880,,0,,3
,C,A,0,45,,S,,0,,,E,,,,,,,,,,Y,,,,,,,,,,COIL,0.7,610.0,0,,0,,3
,C,A,0,0,,S,2.0,0,,,F,,,Y,,,,,,,,,,,,,,,,,SHEET,0.6,610.0,762,,0,,3
,C,V,0,0,,S,2.0,0,,,,2.0,,,,,,,,,,,,,,,,,,,SHEET,1.599,610.0,1,,0,,2
,C,A,0,50,T,,,0,,,G,,,,,,,,,,,,,,,,,,,,COIL,0.8,609.9,0,,0,,3
ZS,C,R,0,0,,S,3.0,0,,,E,,,,,,,,,,,,,,,,,,,,SHEET,1.6,610.0,4880,,0,,3
,C,K,45,0,,,,0,,,,,,,Y,M,,,,,,,,,,,,,,,COIL,3.2,640.0,0,,600,,3
,C,R,0,0,,S,3.0,0,,,,,,,,B,,,,,,,,,,,,,,,SHEET,0.8,1320.0,4880,,0,,2
,C,A,0,0,,S,2.0,0,,,E,,,,,,,,,,Y,,,,,,,,,,COIL,1.6,610.0,0,,0,3.0,3
,C,M,0,0,,,,600,,,G,,,,Y,,,,,,,,,,,,,,,,COIL,1.6,1090.0,0,,0,,2
TN,C,,0,0,,A,1.0,0,,,,,,,,,,,C,,,,,,,,,,,,COIL,0.5,610.0,0,,0,,5
,C,A,10,0,,,,0,,,E,,,,,,,,,,,,,,,,,,,,COIL,1.201,1320.0,0,,0,,U
,C,,0,0,,S,1.0,0,,,G,,,,,,,,,,,,,,,,,,,,SHEET,0.3,610.0,762,Y,0,,3
,C,A,0,0,,S,2.0,0,,,E,,,,,,,,,,,,,,,,,,,,SHEET,0.7,1320.1,4880,,0,,3
,C,A,0,0,,S,2.0,0,,,E,,,,,,Y,,,,,,,,,,,,,,SHEET,0.7,610.0,4880,,0,,3
,C,K,55,0,,,,0,,,,,,,Y,M,,,,,,,,,,,Y,,,,COIL,1.5,640.0,0,,0,,3
,C,A,0,45,,S,,0,,,D,,,,,,,,,,,,,,,,,,,,SHEET,0.599,609.9,4880,,0,,3
,C,R,0,0,,S,3.0,0,,,,,,,,B,Y,,,,,,,,,,,,,,SHEET,0.8,610.0,762,,0,,2
TN,C,A,0,0,,,3.0,0,N,,,,,,,,,,,,,,,Y,,,,,,,SHEET,1.6,610.0,761,,0,,5
TN,C,A,0,0,,,3.0,0,N,,,,,,,B,,,,,,,,,,,,,,,COIL,0.6,610.0,0,,0,,5
,C,R,0,0,,S,2.0,0,,,,,,,,,Y,,,,,,,,,,,,,,SHEET,1.599,610.0,4880,,0,,2
,C,R,0,0,,S,2.0,0,,,,,,,,B,Y,,,,,,,,,,,,,,SHEET,2.0,610.0,612,,0,,2
,C,R,0,0,,,,500,,,,,,,,,,,,,,,,,,,,,,,SHEET,1.0,610.0,4880,,0,,3
,C,A,0,0,,S,2.0,0,,,F,,,,,,,,,,,,,,,,,,,,SHEET,0.999,610.0,762,,0,,3
,C,A,0,0,,S,2.0,0,,,F,,,Y,,B,Y,,,,,,,,,,,,,,SHEET,0.699,610.0,761,,0,,3
,C,R,6,0,T,,,0,,,,,,Y,,,,,,,,,,,,,,,,,COIL,0.5,25.0,0,,0,,3
,C,A,0,45,,S,,0,,,D,,,,,,Y,,,,,,,,,,,,,,SHEET,0.7,610.0,762,,0,,3
,C,A,0,45,,S,,0,,,D,,,,,B,,,,,,,,,,,,,,,COIL,1.6,610.0,0,,0,,3
TN,C,A,0,0,,,3.0,0,N,,,,,,,,,,,P,,,,,,,,,,,SHEET,0.5,1220.0,4880,,0,,5
,C,R,0,0,,S,2.0,0,,,E,,,Y,,B,,,,,,,,,,,,,,,SHEET,0.7,1300.0,4880,,0,,3
,C,A,0,0,,S,2.0,0,,,E,,,,,B,,,,,,,,,,,,,,,SHEET,0.7,609.9,762,,0,,3
,C,,0,0,T,S,2.0,0,,,,,,,,,,,,,,,,,,,,,,,COIL,0.7,1320.0,0,,0,,3
,C,A,0,70,T,,,0,,,G,,,,,B,,,,,,,,,,,,,,,COIL,0.8,50.0,0,,0,,3
TN,C,A,0,0,,,3.0,0,N,,,,,,,,,,C,,,,,,,,,,,,SHEET,0.6,1220.0,761,,0,,5
,C,R,0,0,,S,2.0,0,,,E,,,Y,,,,,,,,,,,,,,,,,SHEET,0.699,610.0,4880,Y,0,,3
,C,R,0,0,,,,500,,,,,,,,,,,,,,,,,,,,,,,SHEET,1.0,1100.0,762,,0,,3
,C,M,0,0,,,,600,,,G,,,,,,,,,,,,,,,,,,,,COIL,1.6,1090.0,0,,0,,2
,C,A,0,85,T,,,0,,,G,,,,,,,,,,,,,,,,,,,,COIL,3.2,610.0,0,Y,0,,U
,C,A,0,45,,S,,0,,,D,,,,,,,,,,,,,,,,,,,,SHEET,0.599,520.0,4880,,0,,3
ZS,C,R,0,0,,A,2.0,0,,,G,,,,,,,,,,,,,,,,,,,,COIL,0.25,20.0,0,,0,,3
,C,S,0,0,,,,400,,,,,,,,,,,,,,,,,,V,,,,,COIL,0.8,75.0,0,,0,,1
,C,R,0,0,,S,2.0,0,,,E,,,,,,,,,,,,,,,,,,,,SHEET,0.699,610.0,4880,Y,0,,3
,C,A,0,0,,S,2.0,0,,,G,,,,Y,,,,,,,,,,,,,,,,SHEET,0.7,1300.0,4880,,0,,3
,C,A,0,45,,S,,0,,,D,,,,,B,,,,,,,,,,,,,,,COIL,0.699,1320.0,0,,0,,3
,C,A,4,0,T,,,0,,,G,,,,,,,,,,,,,,,,,,,,COIL,1.0,1130.0,0,,0,,3
,C,,0,50,T,,,0,,,G,,,,,,,,,,,,,,,,Y,,,,COIL,0.451,1320.0,0,,0,,3
TN,C,A,0,0,,,3.0,0,N,,,,,,,,,,,,,,,Y,,,,,,,COIL,1.6,1220.0,0,,0,,5
,C,W,0,0,,,,310,,,G,,,,,,,,,,,,,,,,,,,,COIL,1.599,1275.0,0,,0,,3
TN,C,A,0,0,,,3.0,0,N,,,,,,,,,,C,,,,,,,,,,,,SHEET,1.6,610.0,4880,,0,,5
,C,R,0,0,,S,3.0,0,,,,,,,,,,,,,,,,,,,,,,,COIL,1.599,610.0,0,,0,,2
,C,R,0,0,,S,2.0,0,,,,,,,,B,Y,,,,,,,,,,,,,,SHEET,2.0,610.0,4170,,0,,2
,C,R,0,0,,S,2.0,0,,,E,,,,,,,,,,,,,,,,,,,,COIL,1.2,1220.0,0,,0,,3
,C,K,45,0,,,,0,,,,,,,,,,,,,,,,,,,,,,,COIL,1.09,610.0,0,,0,,3
,C,R,0,0,,S,2.0,0,,,,,,,,B,Y,,,,,,,,,,,,,,SHEET,1.599,1300.0,762,,0,,2
,C,V,0,0,,S,2.0,0,,,,2.0,,,,,,,,,,,,,,,,,,,COIL,1.201,1525.0,0,,0,,2
,C,K,55,0,,,,0,,,,,,,Y,,,,,,,,,,,,,,,,COIL,1.1,900.0,0,,0,,3
,C,R,0,0,,S,3.0,0,,,,,,,,,,,,,,,,,,,,,,,SHEET,2.0,1525.0,612,,0,,2
,C,A,0,0,,S,2.0,0,,,E,,,,,M,,,,,,,,,,,,,,,COIL,3.5,610.0,0,,600,,3
,C,A,0,50,T,,,0,,,G,,,,Y,,,,,,,,,,,,,,,,COIL,0.6,610.0,0,,0,,3
TN,C,A,0,0,,,3.0,0,N,,,,,,,,,,,P,,,,,,,,,,,COIL,1.6,610.0,0,,0,,5
,C,W,0,0,,,,310,,,G,,,Y,,,,,,,,,,,,,,,,,SHEET,2.5,610.0,4880,,0,,3
,C,A,0,60,T,,,0,,,G,,,,,,,,,,,,,,,,Y,,,,COIL,0.6,50.0,0,,0,,3
,C,A,0,45,,S,,0,,,D,,,,,,,,,,,,,,,,,,,,SHEET,0.699,1320.0,760,N,0,,3
,C,R,0,0,,A,3.0,0,,,G,,,,,,,,,,Y,,,,,,,,,,COIL,0.4,58.0,0,,0,,3
,C,R,0,0,,S,2.0,0,,,E,,,,,B,,,,,,,,,,,,,,,COIL,3.2,609.9,0,,0,,3
,C,,0,0,,A,2.0,0,,,G,,,,,,,,,,,,,,,,,,,,COIL,0.7,1320.0,0,,0,,3
ZS,C,A,0,50,T,,,0,,,E,,,Y,,,,,,,,,,,,,,,,,COIL,1.6,1250.0,0,,0,,3
,C,R,0,0,,S,3.0,0,,,,,,,,,,,,,,,,,,,,,,,SHEET,1.601,830.0,881,,0,,2
,C,M,0,0,,,,350,,,G,,,,Y,,,,,,,,,,,,,,,,COIL,0.9,1320.0,0,,0,,3
,C,V,0,0,,S,2.0,0,,,,2.0,,,,,,,,,,,,,,,,,,,COIL,2.0,1525.0,0,,0,,2
,C,A,0,0,,S,2.0,0,,,F,,,Y,,B,,,,,,,,,,,,,,,SHEET,0.699,520.0,762,,0,,3
,C,A,0,60,T,,,0,,,G,,,,,,,,,,Y,,,,,,,,,,COIL,0.8,710.1,0,,0,,3
ZS,C,A,0,50,T,,,0,,,E,,,,,,,,,,,,,,,,,,,,COIL,0.6,610.0,0,,0,,3
,C,R,0,0,,,,500,,,,,,,Y,,,,,,,,,,,,,,,,COIL,1.6,1320.0,0,,0,,3
,C,R,0,0,,S,3.0,0,,,E,,,,,,,,,,,,,,,,,,,,SHEET,0.6,610.0,4880,,0,,3
,C,A,0,0,,S,2.0,0,,,E,,,,,B,Y,,,,,,,,,,,,,,SHEET,1.6,1320.0,1000,,0,,3
,C,A,0,0,,S,2.0,0,,,G,,,,,B,Y,,,,,,,,,,,,,,SHEET,0.7,610.0,4880,,0,,3
,C,A,0,45,,S,,0,,,D,,,,,,,,,,,,,,,,,,,,COIL,0.699,1320.0,0,N,0,,3
,C,A,0,85,T,,,0,,,G,,,,,M,,,,,,,,,,,Y,,,,COIL,3.201,1000.0,0,,600,,U
TN,C,A,0,0,,,3.0,0,N,,,,,,,B,,,,,,,,Y,,,,,,,SHEET,0.6,1220.0,4880,,0,,5
ZS,C,A,0,0,,S,3.0,0,N,,E,,,,,,,,,,,,,,,,,,,,COIL,1.0,75.0,0,,0,,3
TN,C,,0,0,,A,1.0,0,,,,,,,,,,,,P,,,,,,,,,,,COIL,1.6,1220.0,0,,0,,5
,C,A,0,0,,S,2.0,0,,,E,,,,,B,,,,,,,,,,,,,,,COIL,3.2,609.9,0,,0,,3
,C,R,0,0,,S,2.0,0,,,E,,,,,,,,,,,,,,,,Y,,,,COIL,0.7,1320.0,0,,0,,3
,C,A,0,70,T,,,0,,,G,,,,,B,,,,,,,,,,,,,,,COIL,2.5,609.9,0,,0,,3
,C,A,0,0,,S,2.0,0,,,F,,,Y,,B,Y,,,,,,,,,,,,,,SHEET,0.699,609.9,0,,0,,3
,C,R,0,0,,S,2.0,0,,,E,,,,,B,Y,,,,,,,,,,,,,,SHEET,3.2,610.0,1000,,0,,3
,C,R,0,0,,S,2.0,0,,,E,,,,,,,,,,,,,,,,,,,,COIL,0.9,966.1,0,,0,,3
,C,A,0,0,,S,3.0,0,N,,E,,,,Y,,,,,,,,,,,,,,,,COIL,1.001,610.0,0,,0,,3
,C,R,0,0,,S,3.0,0,,,E,,,,,,,,,,,,,,,,,,,,SHEET,0.601,375.0,612,,0,,3
TN,C,A,0,0,,,3.0,0,N,,,,,,,,,,C,,,,,,,,,,,,COIL,0.8,50.0,0,,0,,5
,C,K,45,0,,,,0,,,,,,,,,,,,,,,,,,,,,,,COIL,0.6,610.0,0,,0,,3
,C,A,0,0,,S,2.0,0,,,E,,,,,,,,,,,,,,,,,,,,COIL,3.2,1320.0,0,,0,,3
TN,C,A,0,0,,,3.0,0,N,,,,,,,,,,C,,,,,,,,,,,,SHEET,0.6,610.0,4880,,0,,5
,C,A,0,0,,S,2.0,0,,,F,,,,,,,,,,,,,,,,,,,,SHEET,0.999,1220.0,762,,0,,3
,C,R,0,0,,S,2.0,0,,,,,,,,,,,,,,,,,,,,,,,COIL,1.6,50.0,0,,0,,2
,C,A,0,0,,S,2.0,0,,,G,,,,,,,,,,,,,,,,,,,,SHEET,1.2,335.0,4170,,0,,3
ZS,C,A,0,0,,S,5.0,0,N,,E,,,,,,,,,,,,,,,,,,,,SHEET,1.2,1250.0,4880,N,0,,3
,C,W,0,0,,,,310,,,G,,,,,,,,,,,,,,,,,,,,COIL,2.5,1274.9,0,,600,,3
,C,R,0,0,,S,2.0,0,,,E,,,,,,,,,,,,,,,,,,,,COIL,0.7,610.0,0,,0,,3
,C,V,0,0,,S,2.0,0,,,,2.0,,,,,,,,,,,,,,,,,,,SHEET,0.8,1320.0,1,,0,,2
,C,A,0,85,T,,,0,,,G,,,,,,,,,,,,,,,,,,,,COIL,3.2,609.9,0,,0,,U
TN,C,A,0,0,,,3.0,0,N,,,,,,,,,,,,,,,Y,,,,,,,COIL,1.6,50.0,0,,0,,5
,C,A,0,0,,S,2.0,0,,,E,,,Y,,,,,,,,,,,,,,,,,SHEET,0.699,610.0,4880,Y,0,,3
,C,A,0,0,,S,2.0,0,,,E,,,Y,,B,Y,,,,,,,,,,,,,,SHEET,1.599,1300.0,4880,,0,,3
,C,A,0,0,,S,2.0,0,,,E,,,Y,,,,,,,,,,,,,,,,,SHEET,0.7,610.0,4880,,0,,3
,C,A,0,0,,S,3.0,0,N,,E,,,,,,,,,,,,,,,,Y,,,,COIL,0.6,1320.0,0,,0,,3
,C,,0,0,,A,2.0,0,,,G,,,,,,,,,,,,,,,,,,,,SHEET,0.301,610.0,4880,Y,0,,3
,C,A,0,0,,S,2.0,0,,,F,,,Y,,B,Y,,,,,,,,,,,,,,SHEET,0.6,1220.0,762,,0,,3
ZS,C,R,0,0,,,,300,,,,,,,,,,,,,,,Y,,,,,,,,COIL,0.8,915.1,0,,0,,1
,C,A,0,85,T,,,0,,,G,,,,,M,,,,,,,,,,,,,,,COIL,4.0,1000.0,0,,600,,U
,C,K,65,0,,,,0,,,,,,,Y,M,,,,,,,,,,,,,,,COIL,1.5,640.0,0,,0,,3
TN,C,A,0,0,,,3.0,0,N,,,,,,,,,,C,,,,,,,,,,,,SHEET,1.2,335.0,612,,0,,5
,C,A,0,0,,S,2.0,0,,,F,,,Y,,,Y,,,,,,,,,,,,,,SHEET,0.6,520.0,4880,,0,,3
,C,A,0,0,,S,2.0,0,,,E,,,Y,,,,,,,,,,,,,,,,,COIL,1.6,1320.0,0,,0,,3
,C,R,0,0,,S,2.0,0,,,E,,,,,,,,,,,,,,,,Y,,,,COIL,3.2,1320.0,0,,0,,3
,C,A,0,0,,S,2.0,0,,,G,,,,,,,,,,,,,,,,,,,,COIL,0.4,20.0,0,,0,,3
,C,A,0,0,,S,2.0,0,,,E,,,Y,,,,,,,,,,,,,,,,,SHEET,0.3,610.0,4880,Y,0,,3
,C,A,0,0,,S,2.0,0,,,F,,,Y,,B,,,,,,,,,,,,,,,SHEET,0.6,610.0,4880,,0,,3
,C,A,0,0,,S,2.0,0,,,F,,,Y,,,Y,,,,,,,,,,,,,,SHEET,0.699,520.0,4880,,0,,3
,C,A,0,45,,S,,0,,,D,,,,,B,Y,,,,,,,,,,,,,,SHEET,0.3,610.0,762,,0,,3
,C,R,0,0,,S,2.0,0,,,E,,,Y,,,,,,,,,,,,,,,,,COIL,0.699,610.0,0,,0,3.0,3
,C,R,0,0,,S,2.0,0,,,E,,,,,,,,,,,,,,,,,,,,SHEET,3.2,610.0,762,,0,,3
ZS,C,A,0,50,T,,,0,,,E,,,,,,,,,,,,,,,,,,,,COIL,0.6,1250.0,0,,0,,3
,C,A,0,0,,S,2.0,0,,,E,,,Y,,,,,,,,,,,,,,,,,COIL,1.6,1320.0,0,,0,,3
,C,A,0,0,,S,2.0,0,,,E,,,,,,,,,,,,,,,,,,,,SHEET,0.3,1320.0,762,Y,0,,3
,C,R,0,0,,S,2.0,0,,,E,,,,,,,,,,,,,,,,,,,,SHEET,0.699,610.0,762,N,0,,3
,C,R,0,0,,S,2.0,0,,,E,,,,,,,,,,,,,,,,,,,,COIL,0.901,966.1,0,,0,,3
,C,R,0,0,,S,2.0,0,,,E,,,,,B,Y,,,,,,,,,,,,,,SHEET,0.3,595.0,4880,,0,,3
,C,A,0,0,,S,2.0,0,,,F,,,Y,,B,Y,,,,,,,,,,,,,,SHEET,0.6,1220.0,4880,,0,,3
,C,A,0,0,,S,2.0,0,,,F,,,Y,,,Y,,,,,,,,,,,,,,SHEET,0.699,609.9,4880,,0,,3
,C,S,70,0,,,,0,,,,,,,,M,,,,,,,,,,,,,,,SHEET,2.0,1000.0,4880,,0,,3
,C,A,0,0,,S,3.0,0,N,,E,,,,,,,,,,,,,,,,,,,,SHEET,1.0,610.0,4880,,0,,3
,C,,0,0,,S,1.0,0,,,G,,,,,,,,,,,,,,,,,,,,COIL,3.2,60.0,0,,0,,3
,C,K,55,0,,,,0,,,,,,,,,,,,,,,,,,,,,,,COIL,1.0,900.0,0,,0,,3
,C,A,0,45,,S,,0,,,D,,,,,,,,,,,,,,,,,,,,COIL,0.7,1320.0,0,,0,,3
,C,R,0,0,,S,2.0,0,,,E,,,Y,,,,,,,,,,,,,,,,,COIL,1.6,1320.0,0,,0,3.0,3
,C,A,0,45,,S,,0,,,D,,,,,,,,,,,,,,,,,,,,SHEET,1.6,610.0,762,,0,,3
,C,K,55,0,,,,0,,,,,,,,M,,,,,,,,,,,Y,,,,COIL,2.3,900.0,0,,500,,3
,C,R,0,0,,S,2.0,0,,,,,,,Y,,,,,,,,,,,,,,,,SHEET,0.8,1300.0,762,,0,,2
,C,,0,0,,A,2.0,0,,,G,,,,,,,,,,,,,,,,,,,,SHEET,0.301,1320.0,4880,Y,0,,3
,C,A,0,50,T,,,0,,,G,,,,Y,,,,,,,,,,,,,,,,COIL,0.601,610.0,0,,0,,3
,C,R,0,0,,S,2.0,0,,,E,,,,,,,,,,,,,,,,,,,,SHEET,3.2,1320.0,762,,0,,3
,C,M,0,0,,,,600,,,G,,,,Y,,,,,,,,,,,,,,,,COIL,1.3,1090.0,0,,0,,2
,C,A,0,0,,S,2.0,0,,,F,,,,,,,,,,,,,,,,,,,,SHEET,0.699,520.0,4880,,0,,3
,C,M,0,0,,,,600,,,G,,,,Y,,,,,,,,,,,,,,,,SHEET,0.9,610.0,1220,,0,,2
,C,R,0,0,,S,2.0,0,,,E,,,,Y,,,,,,,,,,,,,,,,SHEET,3.2,1300.0,762,,0,,3
,C,M,0,0,,,,350,,,G,,,,,,,,,,,,,,,,,,,,COIL,1.399,609.9,0,,0,,3
,C,R,0,0,,S,3.0,0,,,,,,,,,,,,,,,,,,,,,,,SHEET,1.599,610.0,761,,0,,2
,C,A,0,0,,S,2.0,0,,,E,,,,,,,,,,,,,,,,,,,,COIL,0.699,610.0,0,N,0,,3
,C,R,0,0,,S,2.0,0,,,E,,,,,,,,,,,,,,,,,,,,COIL,0.7,1220.0,0,,0,,3
,C,R,0,0,,S,2.0,0,,,E,,,,Y,,,,,,,,,,,,,,,,COIL,0.699,1320.0,0,,0,,3
,C,A,0,45,,S,,0,,,D,,,,,,,,,,,,,,,,,,,,SHEET,0.599,610.0,761,,0,,3
,C,A,0,0,,S,2.0,0,,,F,,,Y,,,,,,,,,,,,,,,,,SHEET,0.699,610.0,400,,0,,3
,C,A,0,45,,S,,0,,,D,,,,,,,,,,,,,,,,,,,,SHEET,1.6,1320.0,612,,0,,3
TN,C,,0,0,,A,1.0,0,,,,,,,,,,,C,,,,,,,,,,,,SHEET,0.5,609.9,612,,0,,5
,C,A,0,45,,S,,0,,,D,,,,,B,,,,,,,,,,,,,,,COIL,0.301,1320.0,0,,0,,3
,C,K,65,0,,,,0,,,,,,,,M,,,,,,,,,,,,,,,COIL,3.2,640.0,0,,500,,3
,C,A,0,0,,S,3.0,0,N,,F,,,,,B,Y,,,,Y,,,,,,,,,,SHEET,0.6,610.0,762,,0,,3
TN,C,A,0,0,,,3.0,0,N,,,,,,,,,,,,,,,Y,,,,,,,COIL,0.6,249.9,0,,0,,5
,C,R,0,0,,S,2.0,0,,,E,,,,,,,,,,,,,,,,,,,,COIL,0.7,610.0,0,,0,,3
,C,R,0,0,,S,2.0,0,,,E,,,Y,,,Y,,,,,,,,,,,,,,SHEET,3.2,1300.0,762,,0,,3
,C,A,0,0,,S,2.0,0,,,E,,,,,,Y,,,,,,,,,,,,,,SHEET,1.599,1320.0,762,,0,,3
,C,A,0,0,,S,2.0,0,,,E,,,Y,,,,,,,,,,,,,,,,,COIL,0.8,609.9,0,,0,,3
,C,A,0,60,T,,,0,N,,G,,,,,,,,,,,,,,,,,,,,COIL,1.9,1135.0,0,,600,,3
,C,V,0,0,,S,2.0,0,,,,1.0,,,,,,,,,,,,,,,,,,,COIL,0.699,609.9,0,,0,,3
,C,A,0,0,,S,2.0,0,,,E,,,,,,,,,,Y,,,,,,,,,,COIL,0.699,610.0,0,,0,,3
,C,R,0,0,,S,3.0,0,,,,,,,,,Y,,,,,,,,,,,,,,SHEET,0.8,1320.0,762,,0,,2
,C,R,0,0,,S,2.0,0,,,E,,,,,,,,,,,,,,,,,,,,COIL,0.901,966.0,0,,0,,3
,C,A,0,0,,S,2.0,0,,,G,,,,,B,Y,,,,,,,,,,,,,,SHEET,0.7,610.0,762,,0,,3
ZS,C,A,0,0,,S,5.0,0,N,,E,,,,,,,,,,,,,,,,,,,,COIL,0.8,75.0,0,,0,,3
,C,R,0,0,,S,2.0,0,,,E,,,,,,,,,,Y,,,,,,,,,,SHEET,0.7,1320.0,762,,0,,3
ZS,C,A,0,50,T,,,0,,,E,,,Y,,,,,,,,,,,,,,,,,SHEET,0.601,1250.0,762,,0,,3
,C,A,0,60,T,,,0,,,G,,,,,,,,,,,,,,,,,,,,COIL,0.799,609.0,0,,0,,3
,C,R,6,0,T,,,0,,,,,,Y,,,,,,,,,,,,,,,,,SHEET,1.0,610.0,4880,,0,,3
ZS,C,A,0,50,T,,,0,,,E,,,Y,,,,,,,Y,,,,,,,,,,COIL,0.6,20.0,0,,0,,3
,C,K,45,0,,,,0,,,,,,,,,,,,,,,,,,,Y,,,,COIL,0.6,900.0,0,,0,,3
,C,R,6,0,T,,,0,,,,,,,,,,,,,,,,,,,,,,,SHEET,1.0,610.0,762,,0,,3
TN,C,,0,0,,A,1.0,0,,,,,,,,,,,,,,,,Y,,,,,,,COIL,0.5,250.0,0,,0,,5
TN,C,A,0,0,,,3.0,0,N,,,,,,,,,,C,,,,,,,,,,,,COIL,0.6,50.0,0,,0,,5
,C,W,0,0,,,,310,,,G,,,Y,,,,,,,,,,,,,,,,,SHEET,2.5,1274.9,762,,0,,3
,C,A,0,60,T,,,0,,,G,,,,,B,Y,,,,Y,,,,,,,,,,SHEET,0.801,255.1,270,,0,,3
,C,R,0,0,,S,2.0,0,,,,,,,,,,,,,,,,,,,,,,,SHEET,1.6,1500.0,4170,,0,,2
,C,R,0,0,,S,2.0,0,,,,,,,,B,,,,,,,,,,,,,,,SHEET,0.8,610.0,4880,,0,,2
,C,A,0,0,,S,3.0,0,N,,E,,,,,,,,,,,,,,,,,,,,COIL,0.6,20.0,0,,0,,3
,C,A,0,0,,S,2.0,0,,,G,,,,,,,,,,,,,,,,Y,,,,COIL,0.7,1320.0,0,,0,,3
TN,C,,0,0,,A,1.0,0,,,,,,,,,,,C,,,,,,,,,,,,COIL,1.6,610.0,0,,0,,5
,C,A,0,0,,S,2.0,0,,,F,,,,,,,,,,,,,,,,,,,,SHEET,0.7,1220.0,4880,,0,,3
,C,A,0,85,T,,,0,,,G,,,,,,,,,,,,,,,,,,,,SHEET,0.3,1220.0,762,,0,,U
,C,A,0,0,,S,2.0,0,,,G,,,,,,,,,,,,,,,,Y,,,,COIL,3.2,610.0,0,,0,,3
,C,A,0,0,,S,3.0,0,N,,E,,,,,,,,,,,,,,,,,,,,SHEET,0.601,610.0,762,,0,,3
,C,R,0,0,,S,2.0,0,,,E,,,,,,,,,,Y,,,,,,,,,,COIL,0.321,610.0,0,,0,,3
,C,A,0,0,,S,3.0,0,N,,E,,,,,,,,,,Y,,,,,,,,,,COIL,0.601,1220.0,0,,0,,3
,C,R,0,0,,S,2.0,0,,,E,,,Y,,,,,,,,,,,,,,,,,COIL,0.699,610.0,0,,0,,3
,C,R,0,0,,S,2.0,0,,,E,,,Y,,,,,,,,,,,,,,,,,SHEET,3.2,150.0,4880,,0,,3
,C,A,0,0,,S,2.0,0,,,F,,,,,,,,,,,,,,,,,,,,SHEET,0.7,1220.0,762,,0,,3
TN,C,,0,0,,A,1.0,0,,,,,,,,,,,C,,,,,,,,,,,,COIL,0.6,250.0,0,,0,,5
,C,A,0,85,T,,,0,,,G,,,,,,,,,,,,,,,,,,,,COIL,3.2,1220.0,0,Y,0,,U
,C,R,0,0,,S,2.0,0,,,,,,Y,,,,,,,,,,,,,,,,,SHEET,0.8,1320.0,762,,0,,2
,C,S,0,0,,,,400,,,,,,,,,,,,,,,,,,,,,,,COIL,0.8,609.9,0,,0,,1
,C,A,0,0,,S,3.0,0,N,,F,,,,,B,Y,,,,Y,,,,,,,,,,SHEET,1.2,610.0,4170,,0,,3
,C,A,0,0,,S,2.0,0,,,F,,,Y,,B,Y,,,,,,,,,,,,,,SHEET,0.699,1320.0,761,,0,,3
,C,R,0,0,,S,3.0,0,,,,,,,,B,Y,,,,,,,,,,,,,,SHEET,0.8,1320.0,4880,,0,,2
,C,R,0,0,,S,2.0,0,,,E,,,Y,,,,,,,,,,,,,,,,,SHEET,3.2,150.0,762,,0,,3
,C,M,0,0,,,,600,,,G,,,,,,,,,,,,,,,,,,,,SHEET,1.299,1050.0,1220,,0,,2
,C,R,0,0,,S,2.0,0,,,E,,,Y,,,Y,,,,,,,,,,,,,,SHEET,3.2,1300.0,4880,,0,,3
,C,R,0,0,,S,3.0,0,,,E,,,,,,,,,,,,,,,,,,,,SHEET,0.6,375.0,4880,,0,,3
,C,A,0,0,,S,2.0,0,,,G,,,Y,,B,Y,,,,,,,,,,,,,,SHEET,0.7,610.0,762,,0,,3
,C,R,6,0,T,,,0,,,,,,Y,,,,,,,,,,,,,,,,,COIL,1.2,1220.0,0,,0,,3
,C,S,0,0,,,,400,,,,,,,,,,,,,,,,,,,,,,,COIL,1.0,75.0,0,,0,,1
,C,R,6,0,T,,,0,,,,,,Y,,,,,,,,,,,,,,,,,SHEET,1.0,1320.0,762,,0,,3
,C,A,0,70,T,,,0,,,G,,,,,,,,,,,,,,,,,,,,COIL,2.5,610.0,0,,600,,3
,C,R,0,0,,S,2.0,0,,,,,,,,,,,,,,,,,,,,,,,SHEET,0.8,610.0,4880,,0,,2
,C,R,0,0,,S,3.0,0,,,E,,,,,,,,,,,,,,,,,,,,SHEET,0.6,520.0,762,,0,,3
,C,,0,70,T,,,0,,,G,,,,,,,,,,,,,,,,Y,,,,COIL,0.8,50.0,0,,0,,3
,C,A,0,0,,S,2.0,0,,,E,,,,,,,,,,,,,,,,,,,,SHEET,0.3,1320.0,4880,Y,0,,3
,C,A,0,0,,S,2.0,0,,,G,,,,Y,,,,,,,,,,,,,,,,COIL,0.7,610.0,0,,0,,3
,C,,0,0,,,,500,,P,,,,,,,,,,,,,,,,,,,,,SHEET,2.0,610.0,762,,0,,2
TN,C,,0,0,,A,1.0,0,,,,,,,,,,,,,,,,Y,,,,,,,SHEET,0.5,609.9,3000,,0,,5
,C,,0,0,,S,1.0,0,,,G,,,,,,,,,,,,,,,,,,,,COIL,0.7,610.0,0,,0,,3
,C,R,0,0,,S,2.0,0,,,E,,,,,,,,,,,,,,,,Y,,,,SHEET,1.0,610.0,4880,,0,,3
,C,R,0,0,,S,2.0,0,,,E,,,Y,,,,,,,,,,,,,,,,,COIL,1.601,1320.0,0,,0,,3
,C,R,0,0,,S,2.0,0,,,E,,,,,,,,,,Y,,,,,,,,,,SHEET,0.301,610.0,762,,0,,3
,C,R,0,0,,S,2.0,0,,,,,,,,,,,,,,,,,,,,,,,SHEET,1.2,609.9,612,,0,,2
,C,R,0,0,,S,2.0,0,,,,,,,,,Y,,,,,,,,,,,,,,SHEET,0.8,1500.0,4170,,0,,2
,C,A,0,45,,S,,0,,,D,,,,,B,,,,,,,,,,,,,,,SHEET,0.7,1300.0,762,,0,,3
,C,R,0,0,,S,2.0,0,,,E,,,,,,,,,,,,,,,,Y,,,,COIL,1.201,50.0,0,,0,,3
,C,A,0,0,,S,3.0,0,N,,F,,,,,,,,,,,,,,,,,,,,SHEET,0.75,610.0,4880,,0,,3
,C,R,0,0,,S,2.0,0,,,E,,,,,,,,,,,,,,,,,,,,SHEET,0.7,374.9,762,,0,,3
,C,R,0,0,,,,500,,,,,,,,,,,,,,,,,,,,,,,COIL,1.6,609.9,0,,0,,3
,C,R,0,0,,S,2.0,0,,,,,,,,B,Y,,,,,,,,,,,,,,SHEET,0.8,610.0,4880,,0,,2
,C,K,65,0,,,,0,,,,,,,,,,,,,,,,,,,,,,,COIL,1.09,900.0,0,,0,,3
,C,R,0,0,,S,2.0,0,,,E,,,,,B,,,,,,,,,,,,,,,COIL,0.699,1320.0,0,,0,,3
,C,R,0,0,,S,2.0,0,,,E,,,Y,,,,,,,,,,,,,,,,,SHEET,0.7,150.0,762,,0,,3
,C,K,55,0,,,,0,,,,,,,Y,M,,,,,,,,,,,Y,,,,COIL,2.2,900.0,0,,0,,3
,C,V,0,0,,S,2.0,0,,,,1.0,,,,,,,,,,,,,,,,,,,SHEET,0.7,610.0,4880,,0,,3
,C,A,4,0,T,,,0,,,G,,,,,,,,,,,,,,,,,,,,COIL,1.0,25.0,0,,0,,3
,C,R,0,0,,S,2.0,0,,,E,,,,,B,,,,,,,,,,,,,,,COIL,0.699,610.0,0,,0,,3
,C,A,0,0,,S,2.0,0,,,E,,,,,,,,,,Y,,,,,,,,,,COIL,0.7,610.0,0,,0,3.0,3
,C,R,0,0,,S,2.0,0,,,,,,,,,Y,,,,,,,,,,,,,,SHEET,1.599,1320.0,4880,,0,,2
,C,V,0,0,,S,2.0,0,,,,1.0,,,,,,,,,,,,,,,,,,,SHEET,0.7,1320.0,762,,0,,3
,C,R,0,0,,S,2.0,0,,,E,,,,,,,,,,,,,,,,,,,,SHEET,3.2,1320.0,4880,,0,,3
,C,R,0,0,,S,2.0,0,,,E,,,,,,,,,,,,,,,,,,,,SHEET,0.699,1320.0,762,N,0,,3
,C,A,0,50,T,,,0,,,G,,,,,,,,,,,,,,,,,,,,COIL,0.601,610.0,0,,0,,3
TN,C,A,0,0,,,3.0,0,N,,,,,,,,,,C,,,,,,,,,,,,SHEET,0.6,610.0,761,,0,,5
,C,R,0,0,,S,2.0,0,,,E,,,Y,,,,,,,,,,,,,,,,,COIL,3.2,610.0,0,,0,,3
,C,K,65,0,,,,0,,,,,,,Y,M,,,,,,,,,,,,,,,COIL,2.3,900.0,0,,600,,3
,C,A,0,0,,S,2.0,0,,,F,,,Y,,,,,,,,,,,,,,,,,SHEET,0.6,300.1,4880,,0,,3
,C,A,0,0,,S,2.0,0,,,F,,,Y,,B,Y,,,,,,,,,,,,,,SHEET,0.699,300.1,4880,,0,,3
,C,R,0,0,,S,2.0,0,,,E,,,,,M,,,,,,,,,,,,,,,COIL,4.0,610.0,0,,600,,3
,C,R,0,0,,S,2.0,0,,,E,,,Y,,B,Y,,,,,,,,,,,,,,SHEET,1.599,610.0,762,,0,,3
ZS,C,A,0,85,T,,,0,,,E,,,,Y,,,,,,,,,,,,,,,,SHEET,0.4,1220.0,762,,0,,U
,C,M,0,0,,,,350,,,G,,,,,,,,,,,,,,,,,,,,COIL,1.601,609.9,0,,0,,3
,C,A,0,45,,S,,0,,,D,,,,,B,Y,,,,,,,,,,,,,,SHEET,0.4,1220.0,300,,0,,3
ZS,C,R,0,0,,S,3.0,0,,,E,,,,,,,,,,,,,,,,,,,,COIL,1.6,1220.0,0,,0,3.0,3
,C,R,0,0,,S,2.0,0,,,E,,,,,B,Y,,,,,,,,,,,,,,SHEET,0.7,1300.0,762,,0,,3
,C,A,0,85,T,,,0,,,G,,,,,,,,,,,,,,,,,,,,SHEET,0.3,1220.0,4880,,0,,U
TN,C,A,0,0,,,3.0,0,N,,,,,,,,,,C,,,,,,,,,,,,SHEET,1.6,1220.0,761,,0,,5
,C,A,0,0,,S,2.0,0,,,G,,,Y,,B,,,,,,,,,,,,,,,COIL,0.4,610.0,0,,0,,3
,C,A,0,45,,S,,0,,,D,,,,,B,,,,,,,,,,,,,,,SHEET,0.3,610.0,762,,0,,3
,C,R,6,0,T,,,0,,,,,,,,,,,,,,,,,,,,,,,COIL,1.0,610.0,0,,0,,3
,C,A,0,0,,S,2.0,0,,,G,,,,,B,,,,,,,,,,,,,,,SHEET,0.7,610.0,4880,,0,,3
,C,S,0,0,,,,400,,,,,,,,,,,,,,,,,,,,,,,COIL,0.8,75.0,0,,0,,1
,C,A,0,0,,S,3.0,0,N,,E,,,,Y,,,,,,,,,,,,,,,,COIL,2.5,1320.0,0,,0,,3
ZS,C,A,0,50,T,,,0,,,E,,,Y,,,,,,,,,,,,,,,,,SHEET,1.6,1250.0,4880,,0,,3
,C,A,0,0,,S,2.0,0,,,E,,,,,,,,,,,,,,,,,,,,COIL,0.7,610.0,0,,0,,3
,C,,0,50,T,,,0,,,G,,,,Y,,,,,,,,,,,,,,,,COIL,0.601,1320.0,0,,0,,3
,C,A,0,0,,S,2.0,0,,,E,,,,,,,,,,,,,,,,,,,,SHEET,0.7,1320.1,762,,0,,3
,C,R,0,0,,S,2.0,0,,,E,,,,,M,,,,,,,,,,,,,,,COIL,3.201,385.1,0,,0,,3
,C,R,0,0,,S,2.0,0,,,E,,,Y,,,,,,,,,,,,,,,,,SHEET,1.6,500.0,4880,,0,,3
,C,,0,0,,A,2.0,0,,,G,,,,,,,,,,,,,,,,,,,,SHEET,0.7,1320.0,4880,,0,,3
,C,A,0,0,,S,2.0,0,,,G,,,,,,,,,,,,,,,,,,,,COIL,4.0,500.0,0,,0,,3
,C,A,0,0,,S,2.0,0,,,G,,,,,,,,,,Y,,,,,,,,,,COIL,0.4,609.9,0,,0,,3
,C,R,0,0,,S,3.0,0,,,,,,,,,,,,,,,,,,,,,,,SHEET,1.6,610.0,4170,,0,,2
TN,C,,0,0,,A,1.0,0,,,,,,,,,,,,,,,,Y,,,,,,,SHEET,1.6,610.0,762,,0,,5
,C,A,0,45,,S,,0,,,D,,,,,B,Y,,,,,,,,,,,,,,SHEET,1.6,1300.0,4880,,0,,3
,C,R,0,0,,S,2.0,0,,,E,,,,,,,,,,,,,,,,Y,,,,COIL,3.2,50.0,0,,0,,3
,C,A,0,80,T,,,0,,,G,,,,,,,,,,Y,,,,,,,,,,COIL,0.5,29.0,0,,0,,3
,C,,0,0,,S,1.0,0,,,G,,,,,B,Y,,,,,,,,,,,,,,SHEET,0.3,595.0,762,,0,,3
ZS,C,A,0,85,T,,,0,,,E,,,,Y,,,,,,Y,,,,,,,,,,SHEET,1.2,1200.0,611,,0,,U
,C,A,0,60,T,,,0,,,G,,,,,M,,,,,,,,,,,,,,,COIL,2.801,355.0,0,,0,,3
,C,A,0,85,T,,,0,,,G,,,,,M,,,,,,,,,,,,,,,COIL,4.0,610.0,0,,500,,U
,C,A,0,0,,S,2.0,0,,,F,,,Y,,,,,,,,,,,,,,,,,SHEET,0.699,609.9,0,,0,,3
,C,K,65,0,,,,0,,,,,,,,M,,,,,,,,,,,,,,,COIL,1.5,900.0,0,,0,,3
,C,R,0,0,,S,2.0,0,,,E,,,,Y,M,,,,,,,,,,,,,,,COIL,4.0,1000.0,0,,600,,3
ZS,C,R,0,0,,,,300,,,,,,,,,,,,,,,Y,,,,,,,,COIL,0.8,915.0,0,,0,,1
,C,A,0,0,,S,2.0,0,,,E,,,,Y,,,,,,,,,,,,,,,,COIL,0.7,610.0,0,,0,,3
,C,A,0,85,T,,,0,,,G,,,,,M,,,,,,,,,,,Y,,,,COIL,3.201,610.0,0,,600,,U
,C,A,0,0,,S,3.0,0,N,,F,,,,,,,,,,,,,,,,,,,,SHEET,1.0,1320.0,762,,0,,3
,C,R,0,0,,S,2.0,0,,,E,,,,,B,,,,,,,,,,,,,,,COIL,0.4,1320.0,0,,0,,3
TN,C,A,0,0,,,3.0,0,N,,,,,,,,,,,,,,,Y,,,,,,,SHEET,1.6,610.0,762,,0,,5
,C,A,0,0,,S,3.0,0,N,,E,,,,,,,,,,,,,,,,Y,,,,COIL,0.7,610.0,0,,0,,3
ZS,C,A,0,85,T,,,0,,,E,,,,Y,,,,,,,,,,,,,,,,SHEET,0.4,1220.0,0,,0,,U
,C,K,65,0,,,,0,,,,,,,Y,M,,,,,,,,,,,,,,,COIL,3.2,900.0,0,,500,,3
TN,C,,0,0,,A,1.0,0,,,,,,,,,,,,,,,,Y,,,,,,,SHEET,0.5,609.9,612,,0,,5
,C,R,0,0,,S,2.0,0,,,,,,,,,Y,,,,,,,,,,,,,,SHEET,1.599,1500.0,612,,0,,2
,C,R,0,0,,S,2.0,0,,,,,,,,,Y,,,,,,,,,,,,,,SHEET,0.8,1320.0,4880,,0,,2
,C,A,0,0,,S,3.0,0,N,,G,,,,,,,,,,,,,,,,,,,,COIL,2.5,1320.0,0,,0,,3
,C,A,0,0,,S,3.0,0,N,,E,,,,,,,,,,Y,,,,,,,,,,COIL,0.8,900.1,0,,0,,3
,C,R,0,0,,S,2.0,0,,,E,,,,,M,,,,,,,,,,,,,,,COIL,4.0,385.1,0,,0,,3
,C,,0,0,,S,1.0,0,,,G,,,,,B,Y,,,,,,,,,,,,,,SHEET,0.699,1300.0,762,,0,,3
,C,A,0,0,,S,2.0,0,,,F,,,Y,,B,Y,,,,,,,,,,,,,,SHEET,0.6,610.0,4880,,0,,3
,C,A,0,0,,S,3.0,0,N,,E,,,,,B,Y,,,,Y,,,,,,,,,,SHEET,0.7,375.0,612,,0,,3
,C,,0,0,,S,1.0,0,,,G,,,,,,,,,,Y,,,,,,,,,,SHEET,0.4,610.0,762,,0,,3
,C,A,0,0,,S,2.0,0,,,E,,,,,,,,,,,,,,,,,,,,COIL,0.3,1320.0,0,,0,,3
,C,R,0,0,,S,2.0,0,,,E,,,,,,,,,,,,,,,,,,,,COIL,3.2,610.0,0,,0,3.0,3
,C,A,0,85,T,,,0,,,G,,,,,,,,,,,,,,,,,,,,COIL,1.201,1220.0,0,Y,0,,U
,C,A,0,45,,S,,0,,,D,,,,,,,,,,,,,,,,,,,,SHEET,0.7,1320.0,762,,0,,3
,C,R,0,0,,S,2.0,0,,,,,,Y,,,,,,,,,,,,,,,,,COIL,0.8,610.0,0,,0,,2
,C,A,0,45,,S,,0,,,D,,,,,,,,,,,,,,,,,,,,COIL,0.699,610.0,0,N,0,,3
,C,M,0,0,,,,350,,,G,,,,,,,,,,,,,,,,,,,,COIL,1.6,609.9,0,,0,,3
,C,K,65,0,,,,0,,,,,,,,,,,,,,,,,,,,,,,COIL,1.09,610.0,0,,0,,3
,C,A,0,45,,S,,0,,,D,,,,,B,,,,,,,,,,,,,,,SHEET,0.3,610.0,4880,,0,,3
,C,A,0,0,,S,3.0,0,N,,E,,,,,B,Y,,,,Y,,,,,,,,,,SHEET,1.2,609.9,612,,0,,3
,C,K,65,0,,,,0,,,,,,,,,,,,,,,,,,,Y,,,,COIL,0.6,900.0,0,,0,,3
,C,R,0,0,,S,2.0,0,,,,,,,,,,,,,,,,,,,,,,,SHEET,2.0,1500.0,612,,0,,2
,C,V,0,0,,S,2.0,0,,,,2.0,,,,,,,,,,,,,,,,,,,COIL,0.8,20.0,0,,0,,2
,C,K,45,0,,,,0,,,,,,,,,,,,,,,,,,,,,,,COIL,0.6,900.0,0,,0,,3
,C,A,0,0,,S,2.0,0,,,F,,,Y,,B,Y,,,,,,,,,,,,,,SHEET,0.999,1220.0,4880,,0,,3
,C,R,0,0,,S,2.0,0,,,E,,,,,,Y,,,,,,,,,,,,,,SHEET,1.599,1320.0,4880,,0,,3
,C,R,0,0,,S,2.0,0,,,,,,,,,Y,,,,,,,,,,,,,,SHEET,2.0,610.0,612,,0,,2
,C,R,6,0,T,,,0,,,,,,,,,,,,,,,,,,,,,,,SHEET,0.6,610.0,762,,0,,3
,C,A,0,0,,S,2.0,0,,,F,,,Y,,,Y,,,,,,,,,,,,,,SHEET,0.6,609.9,762,,0,,3
,C,M,0,0,,,,350,,,G,,,,Y,,,,,,,,,,,,,,,,COIL,0.9,610.0,0,,0,,3
,C,R,0,0,,S,2.0,0,,,,,,,Y,,,,,,,,,,,,,,,,SHEET,1.599,610.0,4880,,0,,2
ZS,C,A,0,50,T,,,0,,,E,,,,,,,,,,,,,,,,,,,,COIL,0.4,1320.0,0,,0,,3
,C,R,0,0,,S,2.0,0,,,,,,,,,,,,,,,,,,,,,,,SHEET,1.2,335.0,612,,0,,2
,C,S,0,0,,,,700,,,,,,,,,,,,,,,,,,,,,,,COIL,1.0,609.9,0,,0,,1
,C,M,0,0,,,,600,,,G,,,,,,,,,,,,,,,,,,,,SHEET,0.9,1050.0,1220,,0,,2
,C,A,0,0,,S,3.0,0,N,,E,,,,,,,,,,,,,,,,,,,,COIL,1.201,75.0,0,,0,,3
,C,M,0,0,,,,600,,,G,,,,,,,,,,,,,,,,,,,,COIL,1.3,1090.0,0,,0,,2
,C,A,0,0,,S,2.0,0,,,E,,,,,,,,,,Y,,,,,,,,,,COIL,0.7,20.0,0,,0,,3
,C,,0,0,,,,500,,P,,,,,,,,,,,,,,,,B,,,,,SHEET,2.0,609.9,301,,0,,2
,C,A,0,85,T,,,0,,,G,,,,,,,,,,,,,,,,,,,,COIL,1.201,610.0,0,Y,0,,U
TN,C,,0,0,,A,1.0,0,,,,,,,,,,,,,,,,Y,,,,,,,COIL,0.799,249.9,0,,0,,5
,C,A,0,0,,S,2.0,0,,,E,,,,,,Y,,,,,,,,,,,,,,SHEET,0.3,610.0,762,Y,0,,3
,C,A,0,45,,S,,0,,,D,,,,,,,,,,,,,,,,,,,,SHEET,0.599,1320.0,761,,0,,3
,C,W,0,0,,,,310,,,G,,,Y,,,,,,,,,,,,,,,,,SHEET,1.6,610.0,762,,0,,3
,C,A,0,0,,S,2.0,0,,,E,,,,Y,,,,,,,,,,,,,,,,COIL,0.699,1320.0,0,,0,,3
,C,K,55,0,,,,0,,,,,,,,,,,,,,,,,,,,,,,COIL,1.09,610.0,0,,0,,3
,C,K,65,0,,,,0,,,,,,,,,,,,,,,,,,,,,,,COIL,0.8,900.0,0,,0,,3
,C,A,0,0,,,,500,,,G,,,,,,,,,,,,,,,,,,,,COIL,1.6,1320.0,0,,0,,3
,C,V,0,0,,S,2.0,0,,,,2.0,,,,,,,,,,,,,,,,,,,SHEET,1.599,1320.0,762,,0,,2
,C,A,0,0,,S,2.0,0,,,E,,,Y,,,,,,,,,,,,,,,,,SHEET,3.2,1320.0,4880,,0,,3
,C,,0,0,,A,2.0,0,,,G,,,,,,,,,,Y,,,,,,,,,,COIL,0.301,20.0,0,,0,,3
ZS,C,A,0,0,,S,3.0,0,N,,E,,,,,,,,,,,,,,,,,,,,SHEET,0.7,335.0,612,,0,,3
,C,A,0,0,,S,2.0,0,,,E,,,,,,,,,,,,,,,,,,,,SHEET,0.699,1320.0,762,Y,0,,3
,C,A,0,45,,S,,0,,,D,,,,,B,Y,,,,,,,,,,,,,,SHEET,0.699,1220.0,761,,0,,3
,C,K,55,0,,,,0,,,,,,,,,,,,,,,,,,,,,,,COIL,1.09,900.0,0,,0,,3
,C,A,0,60,T,,,0,,,G,,,,,B,Y,,,,Y,,,,,,,,,,SHEET,0.801,255.1,269,,0,,3
ZS,C,A,0,85,T,,,0,,,E,,,,Y,,,,,,Y,,,,,,,,,,SHEET,1.2,600.0,150,,0,,U
,C,A,0,0,,S,2.0,0,,,G,,,,,,,,,,,,,,,,,,,,SHEET,0.699,610.0,762,N,0,,3
,C,R,0,0,,S,3.0,0,,,,,,,,,,,,,,,,,,,,,,,SHEET,1.6,831.9,881,,0,,2
ZS,C,R,0,0,,A,2.0,0,,,G,,,,,,,,,,,,,,,,,,,,COIL,0.699,20.0,0,,0,,3
,C,A,0,0,,S,2.0,0,,,E,,,,,,,,,,Y,,,,,,,,,,COIL,0.321,610.0,0,,0,,3
,C,W,0,0,,,,310,,,G,,,,,,,,,,,,,,,,,,,,SHEET,0.8,1275.0,4880,,0,,3
,C,A,0,0,,S,2.0,0,,,F,,,Y,,,Y,,,,,,,,,,,,,,SHEET,0.699,1220.0,4880,,0,,3
,C,R,0,0,,S,2.0,0,,,E,,,,,B,Y,,,,,,,,,,,,,,SHEET,0.699,595.0,762,,0,,3
,C,K,55,0,,,,0,,,,,,,,M,,,,,,,,,,,,,,,COIL,2.2,900.0,0,,0,,3
ZS,C,A,0,0,,S,5.0,0,N,,E,,,,,,,,,,,,,,,,,,,,COIL,1.201,50.0,0,,0,,3
,C,R,0,0,,S,2.0,0,,,,,,,,,,,,,,,,,,,,,,,SHEET,1.2,335.0,3000,,0,,2
,C,M,0,0,,,,350,,,G,,,,Y,M,,,,,,,,,,,,,,,COIL,1.4,1310.0,0,,0,,3
,C,R,0,0,,S,2.0,0,,,,,,,Y,,,,,,,,,,,,,,,,SHEET,0.8,610.0,762,,0,,2
,C,R,0,0,,S,2.0,0,,,E,,,,Y,M,,,,,,,,,,,,,,,COIL,4.0,610.0,0,,600,,3
TN,C,A,0,0,,,3.0,0,N,,,,,,,,,,,P,,,,,,,,,,,SHEET,0.5,610.0,762,,0,,5
,C,A,0,60,T,,,0,,,G,,,,,,,,,,,,,,,,Y,,,,COIL,2.8,610.0,0,,600,,3
,C,A,0,0,,S,2.0,0,,,G,,,,,B,,,,,,,,,,,,,,,COIL,0.799,1300.0,0,,0,,3
,C,R,0,0,,S,2.0,0,,,,,,,,,,,,,,,,,,,,,,,SHEET,1.6,1500.0,612,,0,,2
,C,R,0,0,,S,2.0,0,,,E,,,,,,,,,,Y,,,,,,,,,,SHEET,1.2,609.9,4170,,0,,3
,C,A,0,0,,S,2.0,0,,,E,,,,,,,,,,,,,,,,Y,,,,COIL,3.201,152.0,0,,0,,3
,C,A,0,0,,S,3.0,0,N,,E,,,,,,,,,,,,,,,,,,,,SHEET,0.601,1320.0,4880,,0,,3
,C,A,0,0,,S,2.0,0,,,G,,,,,,,,,,,,,,,,,,,,SHEET,0.4,1320.0,4880,N,0,,3
,C,R,0,0,,S,2.0,0,,,E,,,,,,Y,,,,,,,,,,,,,,SHEET,0.7,610.0,762,,0,,3
,C,A,0,0,,S,3.0,0,N,,E,,,,,,,,,,,,,,,,,,,,SHEET,1.0,1320.0,762,,0,,3
,C,A,0,80,T,,,0,,,G,,,,,,,,,,,,,,,,,,,,SHEET,1.6,1320.0,612,Y,0,,U
,C,A,0,0,,,,500,,,G,,,,,,,,,,,,,,,,,,,,COIL,1.6,1525.0,0,,0,,3
,C,R,0,0,,S,3.0,0,,,,,,,,,,,,,,,,,,,,,,,SHEET,2.0,610.0,4170,,0,,2
,C,,0,0,,S,1.0,0,,,G,,,,,,,,,,,,,,,,,,,,COIL,0.799,20.0,0,,0,,3
,C,R,0,0,,S,2.0,0,,,,,,,,B,Y,,,,,,,,,,,,,,SHEET,0.8,1300.0,762,,0,,2
TN,C,A,0,0,,,3.0,0,N,,,,,,,,,,,,,,,Y,,,,,,,SHEET,0.6,610.0,300,,0,,5
TN,C,,0,0,,A,1.0,0,,,,,,,,,,,,,,,,Y,,,,,,,COIL,1.6,610.0,0,,0,,5
,C,A,0,0,,S,2.0,0,,,E,,,Y,,,Y,,,,,,,,,,,,,,SHEET,0.699,1320.0,762,Y,0,,3
,C,A,0,70,T,,,0,,,G,,,,Y,,,,,,,,,,,,,,,,COIL,2.5,610.0,0,,600,,3
ZS,C,A,0,50,T,,,0,,,E,,,Y,,,,,,,Y,,,,,,,,,,COIL,0.451,20.0,0,,0,,3
,C,R,0,0,,S,2.0,0,,,,,,Y,,,,,,,,,,,,,,,,,SHEET,0.8,1500.0,4170,,0,,2
,C,R,0,0,,S,2.0,0,,,E,,,,,B,Y,,,,,,,,,,,,,,SHEET,0.699,1320.0,761,,0,,3
,C,A,0,0,,S,2.0,0,,,E,,,,,,,,,,,,,,,,,,,,SHEET,3.201,1320.0,4880,,0,,3
,C,A,0,0,,S,2.0,0,,,F,,,Y,,,,,,,,,,,,,,,,,SHEET,0.6,300.1,762,,0,,3
,C,A,4,0,T,,,0,,,G,,,,,B,,,,,,,,,,,,,,,COIL,0.5,25.0,0,,0,,3
,C,R,0,0,,S,2.0,0,,,E,,,,,M,,,,,,,,,,,,,,,COIL,3.5,1000.0,0,,600,,3
,C,A,0,0,,S,2.0,0,,,F,,,Y,,B,Y,,,,,,,,,,,,,,SHEET,0.6,609.9,4880,,0,,3
,C,A,0,70,T,,,0,,,G,,,,,,,,,,,,,,,,,,,,COIL,0.8,50.0,0,,0,,3
,C,R,0,0,,S,2.0,0,,,E,,,Y,,,,,,,,,,,,,,,,,COIL,1.6,1320.0,0,,0,,3
,C,,0,0,,S,1.0,0,,,G,,,,,,,,,,Y,,,,,,,,,,COIL,0.3,609.9,0,,0,,3
,C,R,0,0,,S,3.0,0,,,E,,,,,,,,,,,,,,,,,,,,SHEET,1.6,609.9,612,,0,,3
,C,A,0,0,,S,3.0,0,N,,F,,,,,B,Y,,,,Y,,,,,,,,,,SHEET,0.6,610.0,4170,,0,,3
,C,A,0,50,T,,,0,,,G,,,,,,,,,,,,,,,,Y,,,,COIL,3.2,610.0,0,,0,,3
,C,A,0,70,T,,,0,,,G,,,,,,,,,,,,,,,,,,,,COIL,0.6,610.0,0,,0,,3
,C,A,0,45,,S,,0,,,D,,,,,,,,,,,,,,,,,,,,COIL,0.7,1320.0,0,,0,,3
,C,A,0,60,T,,,0,,,G,,,,,M,,,,,,,,,,,,,,,COIL,4.0,385.1,0,,0,,3
,C,A,0,70,T,,,0,,,G,,,,,,,,,,,,,,,,Y,,,,COIL,0.6,1320.0,0,,600,,3
,C,K,45,0,,,,0,,,,,,,Y,M,,,,,,,,,,,,,,,COIL,2.2,640.0,0,,0,,3
,C,A,0,0,,S,2.0,0,,,G,,,,,,,,,,,,,,,,,,,,COIL,0.699,20.0,0,,0,,3
,C,A,0,0,,S,2.0,0,,,E,,,,,B,,,,,,,,,,,,,,,COIL,0.699,1320.0,0,,0,,3
,C,A,0,0,,S,2.0,0,,,G,,,,,,,,,,,,,,,,,,,,SHEET,1.2,609.9,614,,0,,3
,C,A,0,0,,S,3.0,0,N,,E,,,,,,,,,,,,,,,,,,,,SHEET,1.0,1320.0,4880,,0,,3
TN,C,A,0,0,,S,3.0,0,N,,,,,,,,,,,,,,,,,,,,,,COIL,1.2,609.9,0,,0,,5
,C,K,65,0,,,,0,,,,,,,,,,,,,,,,,,,,,,,COIL,1.0,610.0,0,,0,,3
,C,K,55,0,,,,0,,,,,,,Y,M,,,,,,,,,,,Y,,,,COIL,1.5,900.0,0,,0,,3
,C,K,45,0,,,,0,,,,,,,,,,,,,,,,,,,,,,,COIL,3.2,900.0,0,,0,,3
,C,A,0,0,,S,2.0,0,,,E,,,,,,,,,,,,,,,,,,,,SHEET,0.699,610.0,762,N,0,,3
ZS,C,R,0,0,,A,2.0,0,,,G,,,,,,,,,,,,,,,,,,,,COIL,0.699,609.9,0,,0,,3
ZS,C,A,0,0,,S,3.0,0,N,,E,,,,,,,,,,,,,,,,,,,,COIL,0.699,610.0,0,,0,,3
,C,R,0,0,,S,2.0,0,,,E,,,Y,,,,,,,,,,,,,,,,,SHEET,0.3,1320.0,762,Y,0,,3
,C,W,0,0,,,,310,,,G,,,,,,,,,,,,,,,,,,,,SHEET,2.501,1275.0,4880,,0,,3
ZS,C,A,0,85,T,,,0,,,E,,,,Y,,,,,,,,,,,,,,,,SHEET,1.0,1220.0,762,,0,,U
,C,A,0,45,,S,,0,,,D,,,,,,,,,,,,,,,,,,,,SHEET,0.7,610.0,759,,0,,3
,C,A,0,45,,S,,0,,,D,,,,,,,,,,,,,,,,,,,,SHEET,0.7,609.9,3000,,0,,3
,C,A,0,85,T,,,0,,,G,,,,,,,,,,,,,,,,,,,,SHEET,3.2,200.1,4880,,0,,U
,C,A,0,0,,S,2.0,0,,,E,,,,,,,,,,,,,,,,,,,,COIL,0.4,609.9,0,,0,,3
TN,C,A,0,0,,,3.0,0,N,,,,,,,,,,,,,,,Y,,,,,,,SHEET,0.6,335.0,3000,,0,,5
ZS,C,A,0,50,T,,,0,,,E,,,,,B,,,,,,,,,,,,,,,SHEET,0.6,1250.0,4880,,0,,3
,C,R,0,0,,S,2.0,0,,,E,,,,,B,Y,,,,Y,,,,,,,,,,SHEET,0.7,1300.0,762,,0,,3
TN,C,A,0,0,,,3.0,0,N,,,,,,,,,,C,,,,,,,,,,,,SHEET,0.6,610.0,612,,0,,5
,C,R,0,0,,S,2.0,0,,,E,,,Y,,,,,,,,,,,,,,,,,SHEET,3.2,610.0,4880,,0,,3
,C,,0,0,,S,1.0,0,,,G,,,,,,,,,,Y,,,,,,,,,,SHEET,0.3,610.0,762,,0,,3
,C,A,0,0,,S,3.0,0,N,,E,,,,,,,,,,,,,,,,,,,,COIL,0.6,609.0,0,,0,,3
ZS,C,A,0,85,T,,,0,,,E,,,,Y,,,,,,Y,,,,,,,,,,SHEET,1.2,1200.0,150,,0,,U
,C,A,0,85,T,,,0,,,G,,,,,,,,,,,,,,,,,,,,COIL,1.2,609.9,0,,0,,U
,C,A,0,0,,S,3.0,0,N,,E,,,,,B,Y,,,,Y,,,,,,,,,,SHEET,0.7,609.9,4170,,0,,3
,C,R,0,0,,S,2.0,0,,,,,,,,B,,,,,,,,,,,,,,,SHEET,1.599,1300.0,4880,,0,,2
,C,A,0,0,,S,2.0,0,,,E,,,,,B,,,,,,,,,,,,,,,COIL,0.699,20.0,0,,0,,3
,C,R,0,0,,S,2.0,0,,,E,,,,,,,,,,,,,,,,,,,,COIL,0.699,1320.0,0,,0,,3
,C,,0,0,,S,1.0,0,,,G,,,,,B,Y,,,,,,,,,,,,,,SHEET,0.3,1300.0,762,,0,,3
,C,R,0,0,,S,2.0,0,,,E,,,,,,Y,,,,Y,,,,,,,,,,SHEET,1.2,1320.0,4170,,0,,3
,C,A,0,0,,S,2.0,0,,,F,,,Y,,B,,,,,,,,,,,,,,,SHEET,0.6,520.0,4880,,0,,3
,C,A,0,0,,S,2.0,0,,,G,,,,Y,,,,,,,,,,,,,,,,COIL,0.3,610.0,0,,0,,3
,C,A,0,0,,S,2.0,0,,,F,,,Y,,,,,,,,,,,,,,,,,SHEET,0.6,610.0,4880,,0,,3
,C,A,0,0,,S,2.0,0,,,E,,,,,,Y,,,,,,,,,,,,,,SHEET,0.7,610.0,762,,0,,3
,C,A,0,0,,S,3.0,0,N,,E,,,,,,,,,,,,,,,,,,,,SHEET,0.601,610.0,4880,,0,,3
TN,C,,0,0,,A,1.0,0,,,,,,,,,,,,P,,,,,,,,,,,SHEET,1.6,610.0,762,,0,,5
,C,A,0,0,,S,2.0,0,,,E,,,,,,,,,,Y,,,,,,,,,,COIL,0.6,609.9,0,,0,,3
,C,A,0,45,,S,,0,,,D,,,,,,,,,,,,,,,,,,,,SHEET,0.3,519.9,762,,0,,3
,C,R,0,0,,S,3.0,0,,,E,,,,,,,,,,,,,,,,,,,,COIL,1.0,75.0,0,,0,,3
,C,K,55,0,,,,0,,,,,,,,M,,,,,,,,,,,,,,,COIL,2.3,900.0,0,,500,,3
,C,A,0,0,,S,2.0,0,,,E,,,,,,,,,,,,,,,,,,,,SHEET,0.3,610.0,4880,Y,0,,3
,C,A,0,60,T,,,0,,,G,,,,,B,Y,,,,Y,,,,,,,,,,SHEET,0.8,356.1,762,,0,,3
,C,R,0,0,,S,2.0,0,,,,,,,Y,,,,,,,,,,,,,,,,SHEET,0.8,1300.0,4880,,0,,2
,C,A,0,85,T,,,0,,,G,,,,,,,,,,,,,,,,,,,,COIL,3.201,190.0,0,,0,,U
,C,W,0,0,,,,310,,,G,,,,,,,,,,,,,,,,,,,,COIL,2.501,600.1,0,,0,,3
,C,A,0,0,,S,2.0,0,,,F,,,Y,,,,,,,,,,,,,,,,,SHEET,0.999,610.0,762,,0,,3
TN,C,A,0,0,,,3.0,0,N,,,,,,,,,,,,,,,Y,,,,,,,COIL,1.2,609.9,0,,0,,5
,C,A,0,60,T,,,0,,,G,,,,,,,,,,,,,,,,Y,,,,COIL,0.799,609.9,0,,0,,3
,C,R,0,0,,S,2.0,0,,,E,,,,,B,Y,,,,,,,,,,,,,,SHEET,0.699,610.0,150,,0,,3
,C,V,0,0,,S,2.0,0,,,,1.0,,,,,,,,,,,,,,,,,,,COIL,0.7,1320.0,0,,0,,3
,C,K,45,0,,,,0,,,,,,,Y,M,,,,,,,,,,,,,,,COIL,1.5,640.0,0,,0,,3
,C,A,0,0,,,,500,,,G,,,,,,,,,,,,,,,,,,,,COIL,1.6,610.0,0,,0,,3
,C,R,0,0,,S,2.0,0,,,E,,,Y,,,,,,,,,,,,,,,,,SHEET,3.2,1320.0,762,,0,,3
,C,,0,0,,S,1.0,0,,,G,,,,,B,Y,,,,,,,,,,,,,,SHEET,0.301,500.0,4120,Y,0,,3
,C,K,45,0,,,,0,,,,,,,,M,,,,,,,,,,,,,,,COIL,3.2,900.0,0,,0,,3
,C,,0,45,,S,,0,,,E,,,,,,,,,,Y,,,,,,,,,,SHEET,0.7,1320.0,762,,0,,3
,C,R,0,0,,S,2.0,0,,,,,,,,,Y,,,,,,,,,,,,,,SHEET,2.0,610.0,4170,,0,,2
,C,K,65,0,,,,0,,,,,,,,,,,,,,,,,,,Y,,,,COIL,1.0,610.0,0,,0,,3
,C,K,65,0,,,,0,,,,,,,,M,,,,,,,,,,,,,,,COIL,2.3,640.0,0,,500,,3
,C,R,0,0,,S,2.0,0,,,,,,,,,Y,,,,,,,,,,,,,,SHEET,1.6,610.0,612,,0,,2
,C,R,0,0,,S,3.0,0,,,,,,,,,,,,,,,,,,,,,,,SHEET,0.8,610.0,762,,0,,2
,C,A,0,0,,S,2.0,0,,,F,,,,,,,,,,,,,,,,,,,,SHEET,0.6,520.0,762,,0,,3
ZS,C,A,0,0,,S,5.0,0,N,,E,,,,,,,,,,,,,,,,,,,,COIL,0.8,609.9,0,,0,,3
TN,C,A,0,0,,,3.0,0,N,,,,,,,B,,,C,,,,,,,,,,,,COIL,1.6,600.1,0,,0,,5
,C,V,0,0,,S,2.0,0,,,,2.0,,,,,,,,,,,,,,,,,,,SHEET,0.8,1320.0,4880,,0,,2
,C,R,0,0,,S,2.0,0,,,E,,,Y,,B,Y,,,,,,,,,,,,,,SHEET,1.601,610.0,762,,0,,3
,C,R,0,0,,S,2.0,0,,,E,,,,,,Y,,,,,,,,,,,,,,SHEET,0.7,1320.0,762,,0,,3
TN,C,A,0,0,,,3.0,0,N,,,,,,,,,,C,,,,,,,,,,,,SHEET,1.6,1220.0,612,,0,,5
,C,A,0,45,,S,,0,,,D,,,Y,,,,,,,,,,,,,,,,,SHEET,0.699,610.0,4880,N,0,,3
,C,A,0,0,,S,2.0,0,,,F,,,Y,,B,,,,,,,,,,,,,,,SHEET,0.6,609.9,762,,0,,3
ZS,C,A,0,0,,S,5.0,0,N,,E,,,,,,,,,,,,,,,,,,,,COIL,0.7,20.0,0,,0,,3
,C,R,0,0,,S,2.0,0,,,,,,,,,,,,,,,,,,,,,,,COIL,0.8,1320.0,0,,0,,2
,C,R,0,0,,S,2.0,0,,,E,,,Y,,,,,,,,,,,,,,,,,COIL,0.8,609.9,0,,0,,3
,C,A,0,0,,S,3.0,0,N,,E,,,,,,,,,,,,,,,,,,,,COIL,0.601,610.0,0,,0,,3
,C,R,0,0,,S,2.0,0,,,,,,,,,,,,,,,,,,,,,,,SHEET,0.8,610.0,762,,0,,2
,C,W,0,0,,,,310,,,G,,,,,,,,,,,,,,,,,,,,SHEET,1.599,1275.0,762,,0,,3
,C,,0,0,,S,1.0,0,,,G,,,,,,,,,,Y,,,,,,,,,,SHEET,0.4,1220.0,4170,,0,,3
ZS,C,A,0,0,,S,3.0,0,N,,E,,,,,,,,,,,,,,,,,,,,COIL,0.799,20.0,0,,0,,3
,C,K,45,0,,,,0,,,,,,,,,,,,,,,,,,,,,,,COIL,1.5,640.0,0,,0,,3
,C,R,6,0,T,,,0,,,,,,,,,,,,,,,,,,,,,,,SHEET,1.0,1320.0,762,,0,,3
,C,R,0,0,,S,2.0,0,,,E,,,,,B,Y,,,,Y,,,,,,,,,,SHEET,1.599,610.0,762,,0,,3
,C,K,45,0,,,,0,,,,,,,,M,,,,,,,,,,,,,,,COIL,3.2,900.0,0,,600,,3
,C,A,0,0,,S,2.0,0,,,E,,,,,,,,,,,,,,,,,,,,COIL,0.301,610.0,0,N,0,,3
TN,C,A,0,0,,,3.0,0,N,,,,,,,,,,C,,,,,,,,,,,,SHEET,0.6,609.9,1,,0,,5
,C,A,0,0,,S,3.0,0,N,,E,,,,,B,Y,,,,Y,,,,,,,,,,SHEET,0.7,609.9,612,,0,,3
ZS,C,A,0,50,T,,,0,,,E,,,,,,,,,,,,,,,,,,,,COIL,0.3,1250.0,0,,0,,3
ZS,C,A,0,50,T,,,0,,,E,,,Y,,,,,,,,,,,,,,,,,COIL,0.3,610.0,0,,0,,3
,C,,0,0,,,,500,,P,,,,,,,,,,,,,,,,B,,,,,SHEET,2.0,300.1,301,,0,,2
,C,R,0,0,,S,2.0,0,,,E,,,Y,,B,Y,,,,,,,,,,,,,,SHEET,1.599,1300.0,762,,0,,3
,C,A,0,0,,S,2.0,0,,,G,,,Y,,B,Y,,,,,,,,,,,,,,SHEET,0.7,610.0,4880,,0,,3
,C,A,0,0,,S,2.0,0,,,E,,,,,,,,,,Y,,,,,,,,,,COIL,1.2,599.9,0,,0,,3
,C,A,0,60,T,,,0,,,G,,,,,B,Y,,,,Y,,,,,,,,,,SHEET,0.8,356.1,4880,,0,,3
,C,R,0,0,,S,2.0,0,,,E,,,Y,,B,Y,,,,,,,,,,,,,,SHEET,1.601,610.0,4880,,0,,3
ZS,C,A,0,85,T,,,0,,,E,,,,Y,,,,,,Y,,,,,,,,,,SHEET,0.4,600.0,611,,0,,U
,C,R,0,0,,A,3.0,0,,,G,,,,,,,,,,,,,,,,,,,,COIL,0.601,610.0,0,,0,,3
,C,A,0,0,,S,2.0,0,,,G,,,,,,,,,,,,,,,,Y,,,,COIL,0.699,20.0,0,,0,,3
,C,A,0,0,,S,3.0,0,N,,F,,,,,B,Y,,,,Y,,,,,,,,,,SHEET,1.2,610.0,762,,0,,3
,C,A,0,0,,S,3.0,0,N,,E,,,,,,,,,,,,,,,,,,,,COIL,0.6,610.0,0,,0,,3
,C,A,0,60,T,,,0,,,G,,,,,B,Y,,,,Y,,,,,,,,,,SHEET,0.801,356.0,762,,0,,3
,C,W,0,0,,,,310,,,G,,,,,,,,,,,,,,,,,,,,SHEET,2.5,610.0,762,,0,,3
,C,R,0,0,,S,2.0,0,,,E,,,,,B,Y,,,,,,,,,,,,,,SHEET,0.699,609.0,612,,0,,3
,C,,0,0,T,S,2.0,0,,,,,,,,,,,,,,,,,,,,,,,COIL,3.2,610.0,0,,0,,3
,C,,0,0,,,,500,,P,,,,,,,,,,,,,,,,,,,,,SHEET,2.0,300.1,301,,0,,2
,C,A,0,0,,S,3.0,0,N,,G,,,,,,,,,,,,,,,,,,,,COIL,1.0,1320.0,0,,0,,3
,C,,0,0,,,,500,,P,,,,,,,,,,,,,,,,,,,,,SHEET,1.6,610.0,762,,0,,2
,C,A,0,0,,S,2.0,0,,,F,,,Y,,B,Y,,,,,,,,,,,,,,SHEET,0.6,1320.0,301,,0,,3
,C,A,0,0,,S,2.0,0,,,E,,,,,,,,,,,,,,,,,,,,COIL,3.2,609.9,0,,0,,3
,C,A,0,45,,S,,0,,,D,,,,,,,,,,,,,,,,,,,,COIL,0.7,610.0,0,,0,,3
,C,A,0,85,T,,,0,,,G,,,,,,,,,,,,,,,,,,,,COIL,1.001,609.9,0,,0,,U
,C,A,0,0,,S,2.0,0,,,F,,,Y,,,Y,,,,,,,,,,,,,,SHEET,0.699,519.0,762,,0,,3
,C,K,65,0,,,,0,,,,,,,,,,,,,,,,,,,,,,,COIL,3.0,65.1,0,,0,,3
,C,R,0,0,,S,2.0,0,,,E,,,,,B,Y,,,,Y,,,,,,,,,,SHEET,1.599,610.0,4170,,0,,3
,C,A,0,0,,S,2.0,0,,,E,,,,,B,,,,,,,,,,,,,,,SHEET,0.7,609.9,4880,,0,,3
,C,,0,50,T,,,0,,,G,,,,,,,,,,,,,,,,Y,,,,COIL,0.6,610.0,0,,0,,3
,C,A,0,0,,S,2.0,0,,,E,,,,,,Y,,,,,,,,,,,,,,SHEET,0.7,1320.0,762,,0,,3
,C,R,0,0,,S,3.0,0,,,,,,,,,,,,,,,,,,,,,,,SHEET,0.8,1320.0,761,,0,,2
,C,K,45,0,,,,0,,,,,,,,,,,,,,,,,,,Y,,,,COIL,0.6,610.0,0,,0,,3
,C,R,0,0,,S,2.0,0,,,E,,,,,,,,,,Y,,,,,,,,,,COIL,0.7,1220.0,0,,0,,3
,C,A,0,0,,S,2.0,0,,,F,,,Y,,B,,,,,,,,,,,,,,,SHEET,0.6,520.0,762,,0,,3
,C,A,0,45,,S,,0,,,D,,,,,B,,,,,,,,,,,,,,,SHEET,0.3,1320.0,762,,0,,3
,C,A,0,0,,S,2.0,0,,,G,,,,,,,,,,,,,,,,,,,,SHEET,0.4,1320.0,762,N,0,,3
TN,C,,0,0,,A,1.0,0,,,,,,,,,,,,,,,,Y,,,,,,,SHEET,0.5,1220.0,4880,,0,,5
,C,A,0,0,,S,2.0,0,,,G,,,,,,,,,,,,,,,,,,,,COIL,3.201,0.0,0,,0,,3
ZS,C,R,0,0,,A,2.0,0,,,G,,,,,,,,,,,,,,,,,,,,COIL,0.699,1250.0,0,,0,,3
,C,K,55,0,,,,0,,,,,,,Y,M,,,,,,,,,,,Y,,,,COIL,3.2,640.0,0,,600,,3
TN,C,,0,0,,A,1.0,0,,,,,,,,,,,,,,,,Y,,,,,,,COIL,0.8,50.0,0,,0,,5
,C,A,0,0,,S,3.0,0,N,,E,,,,,,,,,,,,,,,,,,,,SHEET,1.0,610.0,762,,0,,3
TN,C,A,0,0,,S,3.0,0,N,,,,,,,,,,,,,,,,,,,,,,COIL,1.6,609.9,0,,0,,5
,C,A,0,60,T,,,0,,,G,,,,,,,,,,,,,,,,,,,,COIL,0.799,20.0,0,,0,,3
,C,R,0,0,,S,3.0,0,,,E,,,,,,,,,,,,,,,,,,,,COIL,0.601,610.0,0,,0,3.0,3
,C,,0,0,,S,1.0,0,,,G,,,,,,,,,,,,,,,,,,,,SHEET,0.3,1320.0,762,Y,0,,3
,C,A,0,85,T,,,0,,,G,,,,,,,,,,,,,,,,,,,,COIL,0.4,609.9,0,,0,,U
,C,R,0,0,,S,2.0,0,,,E,,,Y,,B,Y,,,,,,,,,,,,,,SHEET,0.7,610.0,762,,0,,3
,C,A,0,0,,S,2.0,0,,,F,,,Y,,,,,,,,,,,,,,,,,SHEET,0.6,610.0,761,,0,,3
,C,A,0,0,,S,2.0,0,,,G,,,,,,,,,,,,,,,,Y,,,,COIL,0.699,609.9,0,,0,,3
,C,A,0,80,T,,,0,,,G,,,,,,,,,,Y,,,,,,,,,,COIL,0.5,28.0,0,,0,,3
,C,A,0,0,,S,2.0,0,,,G,,,,,B,Y,,,,Y,,,,,,,,,,SHEET,0.7,610.0,4170,,0,,3
,C,A,0,45,,S,,0,,,D,,,,,B,Y,,,,,,,,,,,,,,SHEET,0.4,1220.0,761,,0,,3
,C,R,0,0,,S,2.0,0,,,E,,,,,B,Y,,,,,,,,,,,,,,SHEET,0.4,610.0,150,,0,,3
,C,R,0,0,,S,2.0,0,,,E,,,,,,,,,,,,,,,,Y,,,,SHEET,3.2,610.0,762,,0,,3
,C,,0,0,,S,1.0,0,,,G,,,,,,,,,,,,,,,,,,,,SHEET,0.3,610.0,761,,0,,3
,C,A,0,85,T,,,0,,,G,,,,,M,,,,,,,,,,,Y,,,,COIL,4.0,1000.0,0,,600,,U
,C,R,6,0,T,,,0,,,,,,,,,,,,,,,,,,,,,,,SHEET,1.0,610.0,4880,,0,,3
,C,A,0,45,,S,,0,,,D,,,,,,,,,,,,,,,,,,,,SHEET,1.6,610.0,4880,,0,,3
,C,R,0,0,,S,3.0,0,,,,,,,,,,,,,,,,,,,,,,,SHEET,0.8,609.9,762,,0,,2
,C,A,0,50,T,,,0,,,G,,,,Y,,,,,,,,,,,,Y,,,,COIL,0.601,610.0,0,,0,,3
,C,R,0,0,,S,2.0,0,,,E,,,,,,Y,,,,,,,,,,,,,,SHEET,0.699,1320.0,762,Y,0,,3
,C,A,0,60,T,,,0,,,G,,,,,,,,,,,,,,,,,,,,COIL,4.0,50.0,0,,0,,3
,C,W,0,0,,,,310,,,G,,,,,,,,,,,,,,,,,,,,SHEET,2.5,1274.9,762,,0,,3
,C,R,0,0,,S,3.0,0,,,,,,,,,,,,,,,,,,,,,,,SHEET,1.599,150.0,762,,0,,2
,C,W,0,0,,,,310,,,G,,,,,,,,,,,,,,,,,,,,COIL,0.8,609.9,0,,0,,3
,C,A,0,0,,S,2.0,0,,,F,,,Y,,,Y,,,,,,,,,,,,,,SHEET,0.6,609.9,4880,,0,,3
,C,A,0,45,,S,,0,,,D,,,,,,,,,,,,,,,,,,,,SHEET,1.6,1320.0,759,,0,,3
,C,R,0,0,,S,3.0,0,,,,,,,,,,,,,,,,,,,,,,,SHEET,1.601,830.0,881,,0,,2
,C,A,0,0,,S,2.0,0,,,E,,,Y,,,,,,,,,,,,,,,,,COIL,1.6,60.0,0,,0,,3
,C,A,0,70,T,,,0,,,G,,,,,,,,,,,,,,,,,,,,COIL,0.801,1320.0,0,,600,,3
,C,R,0,0,,S,2.0,0,,,,,,,,,,,,,,,,,,,,,,,COIL,1.599,610.0,0,,0,,2
,C,,0,0,,S,1.0,0,,,G,,,,,,,,,,Y,,,,,,,,,,SHEET,0.3,1220.0,4170,,0,,3
,C,R,0,0,,S,2.0,0,,,E,,,Y,,,Y,,,,,,,,,,,,,,SHEET,1.601,150.0,4880,,0,,3
,C,A,0,60,T,,,0,,,G,,,,Y,,,,,,,,,,,,,,,,COIL,1.001,1320.0,0,,500,,3
,C,A,0,45,,S,,0,,,D,,,Y,,,,,,,,,,,,,,,,,SHEET,0.699,1320.0,4880,N,0,,3
,C,A,0,0,,S,2.0,0,,,E,,,Y,,,,,,,,,,,,,,,,,SHEET,0.3,1320.0,762,Y,0,,3
,C,M,0,0,,,,600,,,G,,,,Y,,,,,,,,,,,,,,,,SHEET,1.299,1050.0,1220,,0,,2
,C,A,0,0,,S,2.0,0,,,F,,,Y,,B,Y,,,,,,,,,,,,,,SHEET,0.6,300.1,4880,,0,,3
TN,C,A,0,0,,,3.0,0,N,,,,,,,B,,,,,,,,Y,,,,,,,SHEET,0.6,1220.0,762,,0,,5
,C,R,0,0,,S,2.0,0,,,E,,,,,,,,,,,,,,,,,,,,SHEET,0.699,610.0,761,,0,,3
,C,,0,0,,S,1.0,0,,,G,,,,,,,,,,,,,,,,,,,,SHEET,0.699,610.0,612,,0,,3
,C,R,0,0,,S,2.0,0,,,E,,,Y,,,,,,,,,,,,,,,,,SHEET,1.6,609.9,762,,0,,3
,C,A,0,45,,S,,0,,,D,,,,,,,,,,,,,,,,,,,,SHEET,0.699,1320.0,4880,N,0,,3
ZS,C,A,0,0,,S,5.0,0,N,,E,,,,,,,,,,,,,,,,,,,,COIL,1.2,610.0,0,,0,,3
,C,W,0,0,,,,310,,,G,,,,,,,,,,,,,,,,,,,,SHEET,0.8,1275.0,762,,0,,3
,C,R,0,0,,S,2.0,0,,,E,,,,,B,Y,,,,Y,,,,,,,,,,SHEET,1.2,1320.0,611,,0,,3
,C,R,0,0,,S,3.0,0,,,,,,,,,,,,,,,,,,,,,,,SHEET,0.8,610.0,1,,0,,2
,C,A,0,60,T,,,0,,,G,,,,,B,Y,,,,Y,,,,,,,,,,SHEET,0.8,255.0,270,,0,,3
,C,A,8,0,,S,,0,,,G,,,,,,,,,,,,,,,,,,,,COIL,0.699,20.0,0,,0,,3
,C,A,0,0,,S,2.0,0,,,F,,,Y,,,,,,,,,,,,,,,,,SHEET,0.6,520.0,0,,0,,3
,C,A,0,45,,S,,0,,,D,,,,,B,Y,,,,,,,,,,,,,,SHEET,0.4,610.0,300,,0,,3
,C,A,0,45,,S,,0,,,D,,,,,,,,,,,,,,,,,,,,COIL,0.4,610.0,0,N,0,,3
,C,M,0,0,,,,600,,,G,,,,Y,,,,,,,,,,,,,,,,SHEET,0.9,610.0,3000,,0,,2
,C,A,0,60,T,,,0,,,G,,,,,M,,,,,,,,,,,,,,,COIL,2.801,610.0,0,,600,,3
,C,K,55,0,,,,0,,,,,,,Y,M,,,,,,,,,,,,,,,COIL,2.3,900.0,0,,600,,3
,C,R,6,0,T,,,0,,,,,,Y,,,,,,,,,,,,,,,,,SHEET,0.6,1320.0,4880,,0,,3
TN,C,A,0,0,,,3.0,0,N,,,,,,,B,,,,,,,,Y,,,,,,,SHEET,1.6,610.0,4880,,0,,5
,C,R,0,0,,S,2.0,0,,,E,,,,,,,,,,Y,,,,,,,,,,SHEET,1.2,610.0,4170,,0,,3
,C,A,0,0,,S,2.0,0,,,E,,,,,,Y,,,,,,,,,,,,,,SHEET,1.599,1320.0,4880,,0,,3
,C,,0,0,,S,1.0,0,,,G,,,,,,,,,,,,,,,,,,,,SHEET,0.3,374.9,762,,0,,3
TN,C,A,0,0,,,3.0,0,N,,,,,,,,,,C,,,,,,,,,,,,COIL,0.6,609.9,0,,0,,5
ZS,C,A,0,50,T,,,0,,,E,,,Y,,B,,,,,,,,,,,,,,,SHEET,0.6,1250.0,4880,,0,,3
,C,,0,0,,S,1.0,0,,,G,,,,,,,,,,,,,,,,,,,,COIL,0.4,609.9,0,,0,,3
,C,R,0,0,,S,2.0,0,,,E,,,,,,,,,,,,,,,,,,,,SHEET,0.699,610.0,4880,N,0,,3
,C,,0,70,T,,,0,,,G,,,,,,,,,,,,,,,,Y,,,,COIL,0.799,609.9,0,,0,,3
,C,A,0,0,,S,2.0,0,,,F,,,Y,,B,Y,,,,,,,,,,,,,,SHEET,0.699,519.9,762,,0,,3
,C,R,0,0,,S,2.0,0,,,,,,,,,Y,,,,,,,,,,,,,,SHEET,0.8,610.0,762,,0,,2
ZS,C,A,0,50,T,,,0,,,E,,,Y,,,,,,,,,,,,,,,,,SHEET,0.601,1250.0,4880,,0,,3
,C,R,0,0,,S,2.0,0,,,E,,,,,,,,,,,,,,,,,,,,COIL,0.4,610.0,0,,0,,3
,C,,0,0,,A,2.0,0,,,G,,,,,,,,,,,,,,,,,,,,COIL,0.3,1320.0,0,,0,,3
,C,A,0,85,T,,,0,,,G,,,,,,,,,,Y,,,,,,,,,,COIL,1.0,20.0,0,,0,,U
TN,C,A,0,0,,,3.0,0,N,,,,,,,,,,,,,,,Y,,,,,,,COIL,1.6,610.0,0,,0,,5
,C,M,0,0,,,,600,,P,,,,,,,,,,,,,,,,,,,,,SHEET,2.0,1320.0,4880,,0,,2
,C,A,0,45,,S,,0,,,D,,,Y,,,,,,,,,,,,,,,,,SHEET,0.699,1320.0,760,N,0,,3
,C,K,55,0,,,,0,,,,,,,,M,,,,,,,,,,,,,,,COIL,2.3,640.0,0,,600,,3
,C,,0,0,,A,2.0,0,,,G,,,,,,,,,,,,,,,,,,,,COIL,3.2,1320.0,0,,0,,3
,C,,0,50,T,,,0,,,G,,,,,,,,,,,,,,,,Y,,,,COIL,1.201,610.0,0,,0,,3
,C,A,0,0,,S,2.0,0,,,E,,,Y,,,Y,,,,,,,,,,,,,,SHEET,0.3,1320.0,4880,Y,0,,3
,C,R,0,0,,S,3.0,0,,,E,,,,,,,,,,,,,,,,,,,,SHEET,0.699,609.9,762,,0,,3
,C,R,0,0,,S,2.0,0,,,,,,,,,Y,,,,,,,,,,,,,,SHEET,0.8,610.0,4880,,0,,2
ZS,C,A,0,0,,S,5.0,0,N,,E,,,,,,,,,,,,,,,,,,,,COIL,0.7,609.9,0,,0,,3
,C,R,0,0,,S,2.0,0,,,E,,,,,B,Y,,,,,,,,,,,,,,SHEET,0.4,1320.0,761,,0,,3
,C,R,0,0,,S,2.0,0,,,,,,,,B,,,,,,,,,,,,,,,COIL,1.6,610.0,0,,0,,2
TN,C,A,0,0,,,3.0,0,N,,,,,,,,,,,,,,,Y,,,,,,,SHEET,1.6,1220.0,761,,0,,5
,C,A,0,0,,S,2.0,0,,,F,,,Y,,,,,,,,,,,,,,,,,SHEET,0.699,1220.0,4880,,0,,3
,C,R,0,0,,S,2.0,0,,,,,,,,B,Y,,,,,,,,,,,,,,SHEET,1.599,1525.0,4170,,0,,2
,C,A,0,0,,S,2.0,0,,,E,,,,,,,,,,Y,,,,,,,,,,COIL,1.6,610.0,0,,0,2.0,3
,C,R,6,0,T,,,0,,,,,,,,,,,,,,,,,,,,,,,COIL,0.5,610.0,0,,0,,3
,C,A,0,0,,S,2.0,0,,,G,,,,,,,,,,,,,,,,Y,,,,COIL,0.3,610.0,0,,0,,3
,C,A,0,0,,S,2.0,0,,,E,,,Y,,,Y,,,,,,,,,,,,,,SHEET,0.699,610.0,4880,Y,0,,3
TN,C,A,0,0,,,3.0,0,N,,,,,,,B,,,C,,,,,,,,,,,,COIL,0.6,609.9,0,,0,,5
,C,R,0,0,,S,2.0,0,,,E,,,,,,,,,,,,,,,,Y,,,,COIL,0.3,610.0,0,,0,,3
,C,A,0,60,T,,,0,,,G,,,,,,,,,,,,,,,,,,,,COIL,0.801,1320.0,0,,600,,3
TN,C,A,0,0,,,3.0,0,N,,,,,,,B,,,,,,,,Y,,,,,,,SHEET,1.6,610.0,762,,0,,5
ZS,C,A,0,50,T,,,0,,,E,,,Y,,B,,,,,,,,,,,,,,,SHEET,0.451,610.0,762,,0,,3
,C,,0,50,T,,,0,,,G,,,,Y,,,,,,,,,,,,,,,,COIL,0.601,610.0,0,,0,,3
TN,C,A,0,0,,,3.0,0,N,,,,,,,,,,,P,,,,,,,,,,,COIL,0.6,609.9,0,,0,,5
,C,R,0,0,,S,3.0,0,,,,,,,,B,Y,,,,,,,,,,,,,,SHEET,1.599,1320.0,762,,0,,2
TN,C,A,0,0,,,3.0,0,N,,,,,,,,,,,,,,,Y,,,,,,,SHEET,1.6,335.0,612,,0,,5
,C,A,0,45,,S,,0,,,D,,,,,,,,,,,,,,,,,,,,SHEET,0.3,610.0,761,,0,,3
,C,A,0,0,,S,2.0,0,,,E,,,Y,,,,,,,,,,,,,,,,,SHEET,0.3,610.0,762,Y,0,,3
,C,R,0,0,,S,2.0,0,,,E,,,,,B,Y,,,,,,,,,,,,,,SHEET,0.4,1320.0,150,,0,,3
,C,A,0,0,,,,500,,,G,,,,,,,,,,,,,,,,,,,,COIL,0.9,1320.0,0,,0,,3
,C,A,0,70,T,,,0,,,G,,,,Y,,,,,,,,,,,,,,,,COIL,0.8,610.0,0,,0,,3
,C,R,0,0,,S,3.0,0,,,,,,,,,,,,,,,,,,,,,,,COIL,0.8,609.9,0,,0,,2
,C,,0,70,T,,,0,,,G,,,,,,,,,,,,,,,,,,,,COIL,0.799,609.0,0,,0,,3
ZS,C,R,0,0,,A,2.0,0,,,G,,,,,,,,,,,,,,,,,,,,COIL,0.699,609.9,0,,0,,3
,C,A,0,0,,S,2.0,0,,,E,,,,,B,,,,,,,,,,,,,,,SHEET,1.6,150.0,762,,0,,3
,C,A,0,45,,S,,0,,,D,,,,,,,,,,,,,,,,,,,,COIL,0.7,1320.0,0,,0,,3
ZS,C,A,0,50,T,,,0,,,E,,,Y,,,,,,,,,,,,,,,,,SHEET,0.4,1220.0,762,,0,,3
ZS,C,A,0,85,T,,,0,,,E,,,,,,,,,,,,,,,,,,,,COIL,0.321,1220.0,0,,0,,U
,C,W,0,0,,,,310,,,G,,,,,,,,,,,,,,,,,,,,SHEET,1.6,1274.9,4880,,0,,3
,C,A,0,45,,S,,0,,,D,,,,,,Y,,,,,,,,,,,,,,SHEET,0.7,610.0,4880,,0,,3
,C,A,0,0,,S,2.0,0,,,E,,Y,Y,,,,,,,,,,,,,,,,,COIL,1.6,606.9,0,,0,,3
,C,R,0,0,,S,2.0,0,,,E,,,,,B,,,,,,,,,,,,,,,SHEET,0.7,609.9,762,,0,,3
,C,A,0,45,,S,,0,,,D,,,,,,,,,,,,,,,,,,,,COIL,0.699,610.0,0,,0,,3
,C,R,0,0,,S,3.0,0,,,,,,,,,,,,,,,,,,,,,,,COIL,0.8,20.0,0,,0,,2
,C,K,55,0,,,,0,,,,,,,,,,,,,,,,,,,Y,,,,COIL,1.0,900.0,0,,0,,3
,C,,0,0,,,,500,,P,,,,,,,,,,,,,,,,B,,,,,SHEET,2.0,609.9,4880,,0,,2
,C,R,0,0,,S,2.0,0,,,E,,,,,B,Y,,,,Y,,,,,,,,,,SHEET,1.2,150.0,612,,0,,3
,C,A,0,60,T,,,0,,,G,,,,Y,,,,,,,,,,,,,,,,COIL,0.6,610.0,0,,0,,3
,C,A,0,85,T,,,0,,,G,,,,,,,,,,,,,,,,,,,,SHEET,1.2,1220.0,4880,,0,,U
,C,S,70,0,,,,0,,,,,,,,,,,,,,,,,,,,,,,SHEET,1.6,1320.0,762,,0,,3
,C,,0,50,T,,,0,,,G,,,,,,,,,,,,,,,,Y,,,,COIL,1.201,1320.0,0,,0,,3
,C,R,0,0,,S,3.0,0,,,,,,,,,,,,,,,,,,,,,,,SHEET,1.6,1525.0,612,,0,,2
,C,A,0,45,,S,,0,,,D,,,,,,,,,,,,,,,,,,,,SHEET,0.3,150.0,4880,,0,,3
TN,C,A,0,0,,,3.0,0,N,,,,,,,,,,C,,,,,,,,,,,,SHEET,0.6,335.0,1,,0,,5
,C,A,0,0,,S,2.0,0,,,G,,,,,,Y,,,,,,,,,,,,,,SHEET,1.601,1300.0,762,,0,,3
,C,R,0,0,,S,2.0,0,,,E,,,Y,,,Y,,,,,,,,,,,,,,SHEET,0.3,1320.0,762,Y,0,,3
,C,R,0,0,,S,3.0,0,,,E,,,,,,,,,,,,,,,,,,,,SHEET,0.6,609.0,4880,,0,,3
,C,R,0,0,,S,2.0,0,,,E,,,,,B,,,,,Y,,,,,,,,,,COIL,0.7,1220.0,0,,0,,3
,C,R,0,0,,S,2.0,0,,,,,,,,,,,,,,,,,,,,,,,COIL,1.599,609.9,0,,0,,2
,C,,0,0,,S,1.0,0,,,G,,,,,B,Y,,,,,,,,,,,,,,SHEET,0.3,595.0,4880,,0,,3
,C,R,0,0,,A,3.0,0,,,G,,,,,,,,,,,,,,,,,,,,SHEET,0.7,1320.0,4880,,0,,3
,C,R,0,0,,S,2.0,0,,,E,,,Y,,B,,,,,,,,,,,,,,,COIL,1.6,610.0,0,,0,,3
,C,R,0,0,,S,3.0,0,,,E,,,,,,,,,,,,,,,,,,,,COIL,0.8,75.0,0,,0,,3
,C,V,0,0,,S,2.0,0,,,,1.0,,,,,,,,,,,,,,,,,,,COIL,0.8,609.9,0,,0,,3
,C,R,0,0,,S,2.0,0,,,E,,,,,B,Y,,,,Y,,,,,,,,,,SHEET,0.7,150.0,612,,0,,3
,C,R,0,0,,S,2.0,0,,,E,,,,,,,,,,,,,,,,,,,,SHEET,0.7,150.0,762,,0,,3
TN,C,A,0,0,,,3.0,0,N,,,,,,,,,,,P,,,,,,,,,,,SHEET,1.6,1220.0,762,,0,,5
,C,,0,70,T,,,0,,,G,,,,,M,,,,,,,,,,,,,,,COIL,2.801,1000.0,0,,600,,3
,C,R,0,0,,A,3.0,0,,,G,,,,,,,,,,,,,,,,,,,,COIL,0.6,1320.0,0,,0,,3
ZS,C,A,0,70,T,,,0,,,E,,,,,,,,,,,,,,,,,,,,COIL,0.6,610.0,0,,0,,3
,C,S,70,0,,,,0,,,,,,,,M,,,,,,,,,,,,,,,SHEET,2.5,610.0,4880,,0,,3
ZS,C,A,0,0,,S,3.0,0,N,,E,,,,,,,,,,,,,,,,,,,,SHEET,1.2,609.9,4170,,0,,3
,C,R,0,0,,S,2.0,0,,,E,,,Y,,,,,,,,,,,,,,,,,SHEET,0.7,609.9,762,,0,,3
,C,R,0,0,,S,2.0,0,,,E,,,Y,,B,,,,,,,,,,,,,,,SHEET,1.599,610.0,762,,0,,3
,C,R,0,0,,S,3.0,0,,,E,,,,,,,,,,,,,,,,,,,,SHEET,0.601,609.9,612,,0,,3
,C,R,0,0,,S,2.0,0,,,E,,,,,,,,,,,,,,,,,,,,SHEET,0.699,1320.0,4880,Y,0,,3
,C,R,0,0,,S,2.0,0,,,E,,,,,,Y,,,,Y,,,,,,,,,,SHEET,1.2,610.0,4170,,0,,3
,C,R,0,0,,S,2.0,0,,,E,,,,Y,,,,,,,,,,,,,,,,COIL,0.4,610.0,0,,0,,3
,C,A,0,45,,S,,0,,,D,,,,,B,Y,,,,,,,,,,,,,,SHEET,0.7,610.0,4880,,0,,3
,C,A,0,0,,S,2.0,0,,,F,,,Y,,B,Y,,,,,,,,,,,,,,SHEET,0.7,1220.0,762,,0,,3
,C,R,0,0,,S,2.0,0,,,E,,,,,B,,,,,,,,,,,,,,,COIL,0.4,609.9,0,,0,,3
,C,A,0,0,,S,2.0,0,,,G,,,,,B,Y,,,,Y,,,,,,,,,,SHEET,0.7,1300.0,4170,,0,,3
TN,C,A,0,0,,,3.0,0,N,,,,,,,,,,,,,,,Y,,,,,,,COIL,0.8,50.0,0,,0,,5
,C,K,65,0,,,,0,,,,,,,,,,,,,,,,,,,,,,,COIL,1.1,610.0,0,,0,,3
,C,R,0,0,,S,2.0,0,,,,,,Y,,,,,,,,,,,,,,,,,SHEET,2.0,1500.0,4170,,0,,2
,C,R,0,0,,S,2.0,0,,,E,,,Y,,,,,,,,,,,,,,,,,COIL,0.7,610.0,0,,0,3.0,3
,C,W,0,0,,,,310,,,G,,,,,,,,,,,,,,,,,,,,COIL,2.5,610.0,0,,600,,3
,C,R,0,0,,S,2.0,0,,,E,,,,,B,Y,,,,Y,,,,,,,,,,SHEET,1.2,609.9,4170,,0,,3
TN,C,A,0,0,,,3.0,0,N,,,,,,,,,,C,,,,,,,,,,,,SHEET,0.6,335.0,611,,0,,5
,C,R,0,0,,S,2.0,0,,,E,,,,Y,,,,,,,,,,,,,,,,SHEET,3.2,1300.0,4880,,0,,3
,C,A,0,0,,S,2.0,0,,,F,,,Y,,,Y,,,,,,,,,,,,,,SHEET,0.6,610.0,4880,,0,,3
,C,A,0,0,,S,2.0,0,,,G,,,,Y,,,,,,,,,,,,,,,,SHEET,0.7,610.0,4880,,0,,3
,C,A,0,0,,S,2.0,0,,,E,,,,,,,,,,,,,,,C,,,,,COIL,0.699,610.0,0,N,0,,3
,C,,0,0,,S,1.0,0,,,G,,,,,,,,,,,,,,,,,,,,SHEET,0.699,374.9,4880,,0,,3
,C,R,0,0,,S,3.0,0,,,,,,,,B,Y,,,,,,,,,,,,,,SHEET,1.599,1320.0,4880,,0,,2
,C,A,0,0,,S,2.0,0,,,E,,,,,,Y,,,,,,,,,,,,,,SHEET,0.3,610.0,4880,Y,0,,3
,C,A,0,0,,S,2.0,0,,,G,,,,,,,,,,,,,,,,,,,,SHEET,0.4,610.0,762,N,0,,3
,C,R,0,0,,S,2.0,0,,,E,,,,,B,Y,,,,,,,,,,,,,,SHEET,0.699,375.0,612,,0,,3
,C,,0,0,,S,1.0,0,,,G,,,,,,,,,,,,,,,,,,,,COIL,0.3,20.0,0,,0,,3
,C,A,0,0,,S,2.0,0,,,E,,,,,B,,,,,,,,,,,,,,,COIL,0.4,610.0,0,,0,,3
,C,A,0,45,,S,,0,,,D,,,,,B,,,,,,,,,,,,,,,SHEET,1.6,610.0,4880,,0,,3
,C,R,0,0,,S,2.0,0,,,E,,,Y,,,,,,,,,,,,,,,,,SHEET,1.601,1320.0,4880,,0,,3
,C,A,0,0,,S,2.0,0,,,E,,,,,,,,,,,,,,,,Y,,,,COIL,3.201,609.9,0,,0,,3
,C,K,45,0,,,,0,,,,,,,,M,,,,,,,,,,,,,,,COIL,2.3,900.0,0,,600,,3
,C,R,0,0,,S,2.0,0,,,E,,,,,,Y,,,,,,,,,,,,,,SHEET,3.2,150.0,762,,0,,3
,C,V,0,0,,S,2.0,0,,,,2.0,,,,,,,,,,,,,,,,,,,SHEET,0.8,610.0,4880,,0,,2
TN,C,,0,0,,A,1.0,0,,,,,,,,,,,C,,,,,,,,,,,,COIL,0.8,250.0,0,,0,,5
,C,R,0,0,,S,2.0,0,,,E,,,,,,Y,,,,,,,,,,,,,,SHEET,3.2,1300.0,4880,,0,,3
,C,K,55,0,,,,0,,,,,,,,M,,,,,,,,,,,,,,,COIL,3.2,900.0,0,,600,,3
,C,R,0,0,,S,2.0,0,,,E,,,,,,,,,,,,,,,,,,,,COIL,0.9,966.0,0,,0,,3
,C,A,0,50,T,,,0,,,G,,,,,,,,,,,,,,,,Y,,,,COIL,1.001,50.0,0,Y,0,,3
,C,,0,0,,S,1.0,0,,,G,,,,,,,,,,,,,,,,,,,,SHEET,0.699,1300.0,4880,,0,,3
,C,A,0,0,,S,2.0,0,,,E,,,,,B,,,,,,,,,,,,,,,COIL,0.4,609.9,0,,0,,3
,C,A,0,0,,S,2.0,0,,,G,,,,,B,,,,,,,,,,,,,,,SHEET,3.2,610.0,4880,,0,,3
,C,R,0,0,,S,2.0,0,,,,,,Y,,,,,,,,,,,,,,,,,SHEET,1.599,1500.0,4170,,0,,2
,C,A,0,45,,S,,0,,,D,,,,,,,,,,,,,,,,,,,,COIL,1.6,610.0,0,,0,,3
,C,A,0,0,,S,3.0,0,N,,E,,,,,,,,,,,,,,,,Y,,,,COIL,0.699,609.9,0,,0,,3
ZS,C,A,0,85,T,,,0,,,E,,,,Y,,,,,,,,,,,,,,,,SHEET,0.4,610.0,762,,0,,U
ZS,C,A,0,50,T,,,0,,,E,,,,,,,,,,,,,,,,,,,,COIL,0.4,610.0,0,,0,,3
,C,A,0,0,,S,2.0,0,,,E,,,Y,,,,,,,,,,,,,,,,,COIL,0.699,1320.0,0,,0,,3
TN,C,,0,0,,A,1.0,0,,,,,,,,,,,C,,,,,,,,,,,,COIL,0.8,50.0,0,,0,,5
,C,,0,0,,,,500,,P,,,,,,,,,,,,,,,,B,,,,,SHEET,1.6,300.1,301,,0,,2
,C,R,0,0,,S,2.0,0,,,,,,,Y,,,,,,,,,,,,,,,,SHEET,0.8,610.0,762,,0,,2
,C,R,0,0,,S,2.0,0,,,E,,,,,B,,,,,Y,,,,,,,,,,SHEET,1.6,610.0,4170,,0,,3
ZS,C,A,0,0,,S,5.0,0,N,,E,,,,,,,,,,,,,,,,,,,,SHEET,1.2,1250.0,762,,0,,3
,C,A,0,0,,S,2.0,0,,,F,,,Y,,,Y,,,,,,,,,,,,,,SHEET,0.7,610.0,762,,0,,3
,C,A,0,60,T,,,0,,,G,,,,,,,,,,,,,,,,Y,,,,COIL,0.8,50.0,0,,0,,3
,C,R,0,0,,S,3.0,0,,,E,,,,,,,,,,,,,,,,,,,,COIL,0.8,609.9,0,,0,,3
,C,R,0,0,,S,3.0,0,,,,,,,,,,,,,,,,,,,,,,,SHEET,1.601,831.9,881,,0,,2
,C,R,0,0,,S,2.0,0,,,E,,,,,B,Y,,,,Y,,,,,,,,,,SHEET,0.7,609.9,4170,,0,,3
,C,A,0,0,,S,2.0,0,,,G,,,,,M,,,,,,,,,,,,,,,COIL,4.0,385.1,0,,0,,3
,C,,0,50,T,,,0,,,G,,,,,,,,,,,,,,,,,,,,COIL,0.601,1320.0,0,,0,,3
,C,,0,0,,A,2.0,0,,,G,,,,,,,,,,,,,,,,,,,,SHEET,0.301,1320.0,762,Y,0,,3
,C,A,0,45,,S,,0,,,D,,,,,,,,,,,,,,,,,,,,SHEET,1.2,150.0,3000,,0,,3
,C,R,0,0,,S,2.0,0,,,E,,,Y,,B,Y,,,,,,,,,,,,,,SHEET,1.6,1320.0,4880,,0,,3
,C,,0,70,T,,,0,,,G,,,,,,,,,,,,,,,,Y,,,,COIL,0.6,609.9,0,,0,,3
TN,C,A,0,0,,,3.0,0,N,,,,,,,,,,,,,,,Y,,,,,,,SHEET,1.6,335.0,3000,,0,,5
TN,C,,0,0,,A,1.0,0,,,,,,,,,,,C,,,,,,,,,,,,SHEET,0.5,335.0,3000,,0,,5
,C,R,0,0,,S,2.0,0,,,E,,,,,,Y,,,,,,,,,,,,,,SHEET,0.699,1320.0,4880,Y,0,,3
,C,A,0,0,,S,2.0,0,,,F,,,Y,,,,,,,,,,,,,,,,,SHEET,0.699,1320.0,301,,0,,3
,C,A,0,0,,S,2.0,0,,,E,,,,,B,,,,,,,,,,,,,,,COIL,3.2,60.0,0,,0,,3
,C,A,0,45,,S,,0,,,D,,,,,,,,,,,,,,,,,,,,COIL,1.6,1320.0,0,,0,,3
TN,C,,0,0,,A,1.0,0,,,,,,,,,,,,,,,,Y,,,,,,,SHEET,1.6,1220.0,762,,0,,5
,C,A,0,60,T,,,0,,,G,,,,,,,,,,,,,,,,,,,,COIL,0.6,1320.0,0,,0,,3
,C,V,0,0,,S,2.0,0,,,,1.0,,,,,,,,,,,,,,,,,,,SHEET,3.2,1320.0,762,,0,,3
,C,,0,0,,A,2.0,0,,,G,,,,,,,,,,,,,,,,,,,,COIL,0.699,610.0,0,,0,,3
,C,,0,0,,A,2.0,0,,,G,,,,,,,,,,,,,,,,,,,,SHEET,3.2,1320.0,4880,,0,,3
,C,M,0,0,,,,350,,,G,,,,,,,,,,,,,,,,,,,,COIL,1.6,50.0,0,,0,,3
,C,R,0,0,,S,2.0,0,,,E,,,,,,,,,,Y,,,,,,,,,,SHEET,0.301,1220.0,4170,,0,,3
,C,K,55,0,,,,0,,,,,,,,M,,,,,,,,,,,,,,,COIL,3.2,640.0,0,,600,,3
,C,R,0,0,,S,2.0,0,,,E,,,,,,,,,,,,,,,,,,,,SHEET,0.4,375.0,612,,0,,3
,C,R,0,0,,S,2.0,0,,,E,,,,,,,,,,,,,,,,,,,,COIL,0.4,1320.0,0,,0,,3
,C,S,70,0,,,,0,,,,,,,,M,,,,,,,,,,,,,,,SHEET,2.5,610.0,762,,0,,3
,C,A,0,85,T,,,0,,,G,,,,,,,,,,,,,,,,,,,,COIL,3.2,610.0,0,Y,0,,U
,C,K,65,0,,,,0,,,,,,,Y,M,,,,,,,,,,,,,,,COIL,3.2,900.0,0,,600,,3
,C,K,45,0,,,,0,,,,,,,Y,M,,,,,,,,,,,,,,,COIL,2.2,900.0,0,,0,,3
,C,A,0,0,,S,2.0,0,,,F,,,Y,,,Y,,,,,,,,,,,,,,SHEET,0.999,1220.0,4880,,0,,3
,C,A,0,0,,S,3.0,0,N,,G,,,,,,,,,,,,,,,,,,,,COIL,1.001,610.0,0,,0,,3
,C,,0,0,,S,1.0,0,,,G,,,,,,,,,,,,,,,,,,,,SHEET,0.3,610.0,4880,Y,0,,3
,C,R,0,0,,S,2.0,0,,,E,,,Y,,,,,,,,,,,,,,,,,SHEET,1.601,610.0,762,,0,,3
,C,A,0,0,,S,3.0,0,N,,F,,,,,,,,,,,,,,,,,,,,SHEET,1.0,610.0,4880,,0,,3
,C,A,0,0,,S,2.0,0,,,F,,,Y,,,Y,,,,,,,,,,,,,,SHEET,0.999,610.0,762,,0,,3
,C,,0,0,,S,1.0,0,,,G,,,,,,,,,,,,,,,,,,,,SHEET,0.699,0.0,762,,0,,3
,C,R,0,0,,,,500,,,,,,,Y,,,,,,,,,,,,,,,,COIL,1.6,610.0,0,,0,,3
,C,R,0,0,,S,2.0,0,,,E,,,,,,,,,,,,,,,,,,,,SHEET,0.4,1320.0,4880,N,0,,3
,C,W,0,0,,,,310,,,G,,,,,,,,,,,,,,,,,,,,SHEET,0.8,610.0,762,,0,,3
,C,,0,0,,A,2.0,0,,,G,,,,,,,,,,,,,,,,,,,,COIL,0.7,610.0,0,,0,,3
,C,R,0,0,,S,3.0,0,,,E,,,,,,,,,,,,,,,,,,,,SHEET,0.601,610.0,762,,0,,3
ZS,C,A,0,0,,S,3.0,0,N,,E,,,,,,,,,,,,,,,,,,,,COIL,2.0,1250.0,0,,0,,3
,C,R,0,0,,S,2.0,0,,,E,,,,,,,,,,,,,,,,,,,,SHEET,0.699,1320.0,761,,0,,3
,C,A,0,0,,S,2.0,0,,,G,,,Y,,B,,,,,,,,,,,,,,,COIL,0.699,1320.0,0,,0,,3
ZS,C,A,0,0,,S,3.0,0,N,,E,,,,,,,,,,,,,,,,,,,,SHEET,0.7,609.9,4170,,0,,3
,C,R,0,0,,S,3.0,0,,,E,,,,,,,,,,,,,,,,,,,,SHEET,0.601,609.0,4880,,0,,3
,C,M,0,0,,,,600,,,G,,,,Y,,,,,,,,,,,,,,,,SHEET,0.9,1050.0,1220,,0,,2
,C,A,0,0,,S,2.0,0,,,E,,,,,,,,,,,,,,,,,,,,SHEET,0.7,1525.0,762,,0,,3
,C,R,0,0,,S,2.0,0,,,E,,,,,,,,,,,,,,,,Y,,,,COIL,3.2,609.9,0,,0,,3
,C,A,0,0,,S,2.0,0,,,E,,,,,,,,,,Y,,,,,,,,,,COIL,0.7,599.9,0,,0,,3
,C,R,0,0,,S,2.0,0,,,,,,,,,,,,,,,,,,,,,,,COIL,1.6,609.9,0,,0,,2
,C,M,0,0,,,,350,,,G,,,,Y,M,,,,,,,,,,,,,,,COIL,1.6,610.0,0,,0,,3
,C,R,0,0,,S,2.0,0,,,E,,,,,,,,,,Y,,,,,,,,,,SHEET,1.2,375.0,612,,0,,3
,C,A,8,0,,S,,0,,,G,,,,,,,,,,,,,,,,,,,,COIL,3.2,609.9,0,,0,,3
,C,,0,0,,S,1.0,0,,,G,,,,,B,Y,,,,,,,,,,,,,,SHEET,0.699,1300.0,4880,,0,,3
,C,K,45,0,,,,0,,,,,,,,,,,,,,,,,,,,,,,COIL,1.1,610.0,0,,0,,3
,C,V,0,0,,S,2.0,0,,,,2.0,,,,,,,,,,,,,,,,,,,SHEET,0.8,609.9,762,,0,,2
,C,A,0,0,,S,2.0,0,,,E,,,,Y,,,,,,,,,,,,,,,,COIL,0.3,1320.0,0,,0,,3
ZS,C,A,0,85,T,,,0,,,E,,,,Y,,,,,,,,,,,,,,,,SHEET,0.8,610.0,4880,,0,,U
,C,A,0,0,,S,2.0,0,,,F,,,Y,,B,Y,,,,,,,,,,,,,,SHEET,0.6,520.0,0,,0,,3
,C,A,0,80,T,,,0,,,G,,,,,,,,,,,,,,,,,,,,SHEET,1.6,1320.0,4170,Y,0,,U
,C,A,0,60,T,,,0,,,G,,,,,,,,,,,,,,,,,,,,COIL,2.801,50.0,0,,0,,3
,C,A,0,0,,S,2.0,0,,,E,,,,,B,Y,,,,,,,,,,,,,,SHEET,3.2,1320.0,762,,0,,3
ZS,C,A,0,0,,S,5.0,0,N,,E,,,,,,,,,,,,,,,,,,,,COIL,1.0,609.9,0,,0,,3
,C,A,0,45,,S,,0,,,D,,,,,B,,,,,,,,,,,,,,,COIL,0.699,610.0,0,,0,,3
,C,W,0,0,,,,310,,,G,,,,,,,,,,,,,,,,,,,,SHEET,1.599,610.0,762,,0,,3
,C,,0,70,T,,,0,,,G,,,,,,,,,,,,,,,,Y,,,,COIL,0.6,610.0,0,,600,,3
,C,K,55,0,,,,0,,,,,,,,M,,,,,,,,,,,,,,,COIL,2.2,640.0,0,,0,,3
,C,A,0,45,,S,,0,,,D,,,,,,,,,,,,,,,,,,,,COIL,0.7,1320.0,0,,0,,3
,C,A,0,0,,S,2.0,0,,,F,,,Y,,,Y,,,,,,,,,,,,,,SHEET,0.7,1220.0,762,,0,,3
,C,R,0,0,,S,3.0,0,,,,,,,,,,,,,,,,,,,,,,,SHEET,1.599,610.0,4880,,0,,2
,C,,0,0,,S,1.0,0,,,G,,,,,,,,,,Y,,,,,,Y,,,,COIL,0.24,20.0,0,,0,,3
,C,A,0,0,,S,2.0,0,,,G,,,,Y,,,,,,,,,,,,,,,,COIL,0.3,1320.0,0,,0,,3
,C,R,0,0,,S,2.0,0,,,E,,,,,,,,,,,,,,,,,,,,SHEET,0.699,375.0,612,,0,,3
ZS,C,A,0,50,T,,,0,,,E,,,,,B,,,,,,,,,,,,,,,SHEET,0.451,1250.0,762,,0,,3
,C,K,45,0,,,,0,,,,,,,,,,,,,,,,,,,,,,,COIL,1.5,900.0,0,,0,,3
,C,A,0,0,,S,2.0,0,,,G,,,Y,,B,Y,,,,,,,,,,,,,,SHEET,1.599,1300.0,4880,,0,,3
,C,R,0,0,,S,2.0,0,,,E,,,,,,Y,,,,,,,,,,,,,,COIL,3.2,1320.0,0,,0,,3
,C,K,45,0,,,,0,,,,,,,Y,M,,,,,,,,,,,,,,,COIL,3.2,640.0,0,,500,,3
TN,C,A,0,0,,,3.0,0,N,,,,,,,B,,,,,,,,Y,,,,,,,SHEET,1.6,609.9,3000,,0,,5
TN,C,,0,0,,A,1.0,0,,,,,,,,,,,,,,,,Y,,,,,,,SHEET,1.6,609.9,612,,0,,5
,C,R,0,0,,S,2.0,0,,,,,,,,,Y,,,,,,,,,,,,,,SHEET,1.6,1500.0,4170,,0,,2
TN,C,A,0,0,,,3.0,0,N,,,,,,,,,,C,,,,,,,,,,,,SHEET,1.2,609.9,1,,0,,5
,C,R,0,0,,S,3.0,0,,,,,,,,B,,,,,,,,,,,,,,,SHEET,1.599,610.0,762,,0,,2
,C,R,0,0,,S,3.0,0,,,,,,,,,,,,,,,,,,,,,,,SHEET,1.601,830.0,880,,0,,2
,C,V,0,0,,S,2.0,0,,,,2.0,,,,,,,,,,,,,,,,,,,SHEET,1.599,150.0,762,,0,,2
,C,A,0,85,T,,,0,,,G,,,,,,,,,,,,,,,,,,,,COIL,0.4,20.0,0,,0,,U
,C,A,0,85,T,,,0,,,G,,,,Y,M,,,,,,,,,,,,,,,COIL,4.0,610.0,0,,500,,U
