date,plant-stand,precip,temp,hail,crop-hist,area-damaged,severity,seed-tmt,germination,plant-growth,leaves,leafspots-halo,leafspots-marg,leafspot-size,leaf-shread,leaf-malf,leaf-mild,stem,lodging,stem-cankers,canker-lesion,fruiting-bodies,external-decay,mycelium,int-discolor,sclerotia,fruit-pods,fruit-spots,seed,mold-growth,seed-discolor,seed-size,shriveling,roots,target
6.0,0.0,2.0,1.0,0.0,1.0,1.0,1.0,0.0,0.0,1.0,1,0.0,2.0,2.0,0.0,0.0,0.0,1.0,1.0,3.0,1.0,1.0,1.0,0.0,0.0,0.0,0.0,4.0,0.0,0.0,0.0,0.0,0.0,0.0,diaporthe-stem-canker
4.0,0.0,2.0,1.0,0.0,2.0,0.0,2.0,1.0,1.0,1.0,1,0.0,2.0,2.0,0.0,0.0,0.0,1.0,0.0,3.0,1.0,1.0,1.0,0.0,0.0,0.0,0.0,4.0,0.0,0.0,0.0,0.0,0.0,0.0,diaporthe-stem-canker
3.0,0.0,2.0,1.0,0.0,1.0,0.0,2.0,1.0,2.0,1.0,1,0.0,2.0,2.0,0.0,0.0,0.0,1.0,0.0,3.0,0.0,1.0,1.0,0.0,0.0,0.0,0.0,4.0,0.0,0.0,0.0,0.0,0.0,0.0,diaporthe-stem-canker
3.0,0.0,2.0,1.0,0.0,1.0,0.0,2.0,0.0,1.0,1.0,1,0.0,2.0,2.0,0.0,0.0,0.0,1.0,0.0,3.0,0.0,1.0,1.0,0.0,0.0,0.0,0.0,4.0,0.0,0.0,0.0,0.0,0.0,0.0,diaporthe-stem-canker
6.0,0.0,2.0,1.0,0.0,2.0,0.0,1.0,0.0,2.0,1.0,1,0.0,2.0,2.0,0.0,0.0,0.0,1.0,0.0,3.0,1.0,1.0,1.0,0.0,0.0,0.0,0.0,4.0,0.0,0.0,0.0,0.0,0.0,0.0,diaporthe-stem-canker
5.0,0.0,2.0,1.0,0.0,3.0,0.0,1.0,0.0,1.0,1.0,1,0.0,2.0,2.0,0.0,0.0,0.0,1.0,0.0,3.0,0.0,1.0,1.0,0.0,0.0,0.0,0.0,4.0,0.0,0.0,0.0,0.0,0.0,0.0,diaporthe-stem-canker
5.0,0.0,2.0,1.0,0.0,2.0,0.0,1.0,1.0,0.0,1.0,1,0.0,2.0,2.0,0.0,0.0,0.0,1.0,1.0,3.0,1.0,1.0,1.0,0.0,0.0,0.0,0.0,4.0,0.0,0.0,0.0,0.0,0.0,0.0,diaporthe-stem-canker
4.0,0.0,2.0,1.0,1.0,1.0,0.0,1.0,0.0,2.0,1.0,1,0.0,2.0,2.0,0.0,0.0,0.0,1.0,0.0,3.0,1.0,1.0,1.0,0.0,0.0,0.0,0.0,4.0,0.0,0.0,0.0,0.0,0.0,0.0,diaporthe-stem-canker
6.0,0.0,2.0,1.0,0.0,3.0,0.0,1.0,1.0,1.0,1.0,1,0.0,2.0,2.0,0.0,0.0,0.0,1.0,0.0,3.0,1.0,1.0,1.0,0.0,0.0,0.0,0.0,4.0,0.0,0.0,0.0,0.0,0.0,0.0,diaporthe-stem-canker
4.0,0.0,2.0,1.0,0.0,2.0,0.0,2.0,0.0,2.0,1.0,1,0.0,2.0,2.0,0.0,0.0,0.0,1.0,0.0,3.0,1.0,1.0,1.0,0.0,0.0,0.0,0.0,4.0,0.0,0.0,0.0,0.0,0.0,0.0,diaporthe-stem-canker
6.0,0.0,0.0,2.0,0.0,1.0,3.0,1.0,1.0,0.0,1.0,1,0.0,2.0,2.0,0.0,0.0,0.0,1.0,0.0,0.0,3.0,0.0,0.0,0.0,2.0,1.0,0.0,4.0,0.0,0.0,0.0,0.0,0.0,0.0,charcoal-rot
4.0,0.0,0.0,1.0,1.0,1.0,3.0,1.0,1.0,1.0,1.0,1,0.0,2.0,2.0,0.0,0.0,0.0,1.0,1.0,0.0,3.0,0.0,0.0,0.0,2.0,1.0,0.0,4.0,0.0,0.0,0.0,0.0,0.0,0.0,charcoal-rot
3.0,0.0,0.0,1.0,0.0,1.0,2.0,1.0,0.0,0.0,1.0,1,0.0,2.0,2.0,0.0,0.0,0.0,1.0,0.0,0.0,3.0,0.0,0.0,0.0,2.0,1.0,0.0,4.0,0.0,0.0,0.0,0.0,0.0,0.0,charcoal-rot
6.0,0.0,0.0,1.0,1.0,3.0,3.0,1.0,1.0,0.0,1.0,1,0.0,2.0,2.0,0.0,0.0,0.0,1.0,0.0,0.0,3.0,0.0,0.0,0.0,2.0,1.0,0.0,4.0,0.0,0.0,0.0,0.0,0.0,0.0,charcoal-rot
6.0,0.0,0.0,2.0,0.0,1.0,3.0,1.0,1.0,1.0,1.0,1,0.0,2.0,2.0,0.0,0.0,0.0,1.0,0.0,0.0,3.0,0.0,0.0,0.0,2.0,1.0,0.0,4.0,0.0,0.0,0.0,0.0,0.0,0.0,charcoal-rot
5.0,0.0,0.0,2.0,1.0,3.0,3.0,1.0,1.0,2.0,1.0,1,0.0,2.0,2.0,0.0,0.0,0.0,1.0,0.0,0.0,3.0,0.0,0.0,0.0,2.0,1.0,0.0,4.0,0.0,0.0,0.0,0.0,0.0,0.0,charcoal-rot
6.0,0.0,0.0,2.0,1.0,0.0,2.0,1.0,0.0,0.0,1.0,1,0.0,2.0,2.0,0.0,0.0,0.0,1.0,1.0,0.0,3.0,0.0,0.0,0.0,2.0,1.0,0.0,4.0,0.0,0.0,0.0,0.0,0.0,0.0,charcoal-rot
4.0,0.0,0.0,1.0,0.0,2.0,2.0,1.0,0.0,1.0,1.0,1,0.0,2.0,2.0,0.0,0.0,0.0,1.0,0.0,0.0,3.0,0.0,0.0,0.0,2.0,1.0,0.0,4.0,0.0,0.0,0.0,0.0,0.0,0.0,charcoal-rot
3.0,0.0,0.0,2.0,0.0,2.0,2.0,1.0,0.0,2.0,1.0,1,0.0,2.0,2.0,0.0,0.0,0.0,1.0,0.0,0.0,3.0,0.0,0.0,0.0,2.0,1.0,0.0,4.0,0.0,0.0,0.0,0.0,0.0,0.0,charcoal-rot
5.0,0.0,0.0,2.0,1.0,2.0,2.0,1.0,0.0,2.0,1.0,1,0.0,2.0,2.0,0.0,0.0,0.0,1.0,0.0,0.0,3.0,0.0,0.0,0.0,2.0,1.0,0.0,4.0,0.0,0.0,0.0,0.0,0.0,0.0,charcoal-rot
1.0,1.0,2.0,0.0,0.0,2.0,1.0,2.0,0.0,2.0,1.0,0,0.0,2.0,2.0,0.0,0.0,0.0,1.0,0.0,1.0,1.0,0.0,1.0,1.0,0.0,0.0,3.0,4.0,0.0,0.0,0.0,0.0,0.0,0.0,rhizoctonia-root-rot
1.0,1.0,2.0,0.0,0.0,1.0,1.0,2.0,0.0,1.0,1.0,0,0.0,2.0,2.0,0.0,0.0,0.0,1.0,0.0,1.0,1.0,0.0,1.0,0.0,0.0,0.0,3.0,4.0,0.0,0.0,0.0,0.0,0.0,0.0,rhizoctonia-root-rot
3.0,0.0,2.0,0.0,1.0,3.0,1.0,2.0,0.0,1.0,1.0,0,0.0,2.0,2.0,0.0,0.0,0.0,1.0,1.0,1.0,1.0,0.0,1.0,1.0,0.0,0.0,3.0,4.0,0.0,0.0,0.0,0.0,0.0,0.0,rhizoctonia-root-rot
0.0,1.0,2.0,0.0,0.0,0.0,1.0,1.0,1.0,2.0,1.0,0,0.0,2.0,2.0,0.0,0.0,0.0,1.0,0.0,1.0,1.0,0.0,1.0,0.0,0.0,0.0,3.0,4.0,0.0,0.0,0.0,0.0,0.0,0.0,rhizoctonia-root-rot
0.0,1.0,2.0,0.0,0.0,1.0,1.0,2.0,1.0,2.0,1.0,0,0.0,2.0,2.0,0.0,0.0,0.0,1.0,0.0,1.0,1.0,0.0,1.0,0.0,0.0,0.0,3.0,4.0,0.0,0.0,0.0,0.0,0.0,0.0,rhizoctonia-root-rot
1.0,1.0,2.0,0.0,0.0,3.0,1.0,2.0,0.0,2.0,1.0,0,0.0,2.0,2.0,0.0,0.0,0.0,1.0,0.0,1.0,1.0,0.0,1.0,0.0,0.0,0.0,3.0,4.0,0.0,0.0,0.0,0.0,0.0,0.0,rhizoctonia-root-rot
1.0,1.0,2.0,0.0,0.0,0.0,1.0,1.0,0.0,1.0,1.0,0,0.0,2.0,2.0,0.0,0.0,0.0,1.0,0.0,1.0,1.0,0.0,1.0,0.0,0.0,0.0,3.0,4.0,0.0,0.0,0.0,0.0,0.0,0.0,rhizoctonia-root-rot
2.0,1.0,2.0,0.0,0.0,2.0,1.0,1.0,0.0,1.0,1.0,0,0.0,2.0,2.0,0.0,0.0,0.0,1.0,0.0,1.0,1.0,0.0,1.0,0.0,0.0,0.0,3.0,4.0,0.0,0.0,0.0,0.0,0.0,0.0,rhizoctonia-root-rot
1.0,1.0,2.0,0.0,0.0,1.0,1.0,2.0,0.0,2.0,1.0,0,0.0,2.0,2.0,0.0,0.0,0.0,1.0,0.0,1.0,1.0,0.0,1.0,0.0,0.0,0.0,3.0,4.0,0.0,0.0,0.0,0.0,0.0,0.0,rhizoctonia-root-rot
2.0,1.0,2.0,0.0,0.0,1.0,1.0,2.0,0.0,2.0,1.0,0,0.0,2.0,2.0,0.0,0.0,0.0,1.0,0.0,1.0,1.0,0.0,1.0,0.0,0.0,0.0,3.0,4.0,0.0,0.0,0.0,0.0,0.0,0.0,rhizoctonia-root-rot
0.0,1.0,2.0,1.0,1.0,1.0,1.0,1.0,0.0,0.0,1.0,1,0.0,2.0,2.0,0.0,0.0,0.0,1.0,0.0,1.0,2.0,0.0,1.0,0.0,0.0,0.0,3.0,4.0,0.0,0.0,0.0,0.0,0.0,0.0,phytophthora-rot
1.0,1.0,2.0,1.0,,3.0,1.0,,,,1.0,1,0.0,2.0,2.0,0.0,0.0,0.0,1.0,,2.0,2.0,,0.0,0.0,0.0,0.0,,,,,,,,1.0,phytophthora-rot
2.0,1.0,2.0,2.0,,2.0,1.0,,,,1.0,1,,,,,,,1.0,,3.0,2.0,,0.0,0.0,0.0,0.0,,,,,,,,1.0,phytophthora-rot
1.0,1.0,2.0,0.0,0.0,2.0,1.0,2.0,1.0,1.0,1.0,1,0.0,2.0,2.0,0.0,0.0,0.0,1.0,0.0,2.0,2.0,0.0,0.0,0.0,0.0,0.0,3.0,4.0,0.0,0.0,0.0,0.0,0.0,0.0,phytophthora-rot
2.0,1.0,2.0,2.0,,2.0,1.0,,,,1.0,1,,,,,,,1.0,,2.0,2.0,,0.0,0.0,0.0,0.0,,,,,,,,1.0,phytophthora-rot
3.0,1.0,2.0,1.0,,2.0,1.0,,,,1.0,1,,,,,,,1.0,,3.0,2.0,,0.0,0.0,0.0,0.0,,,,,,,,1.0,phytophthora-rot
0.0,1.0,1.0,1.0,0.0,1.0,1.0,1.0,0.0,0.0,1.0,1,0.0,2.0,2.0,0.0,0.0,0.0,1.0,0.0,1.0,2.0,0.0,0.0,0.0,0.0,0.0,3.0,4.0,0.0,0.0,0.0,0.0,0.0,0.0,phytophthora-rot
3.0,1.0,2.0,0.0,0.0,2.0,1.0,2.0,1.0,1.0,1.0,1,0.0,2.0,2.0,0.0,0.0,0.0,1.0,0.0,2.0,2.0,0.0,0.0,0.0,0.0,0.0,3.0,4.0,0.0,0.0,0.0,0.0,0.0,0.0,phytophthora-rot
2.0,1.0,1.0,1.0,,0.0,1.0,,,,1.0,1,0.0,2.0,2.0,0.0,0.0,0.0,1.0,,2.0,2.0,,0.0,0.0,0.0,0.0,,,,,,,,1.0,phytophthora-rot
2.0,1.0,2.0,0.0,0.0,1.0,1.0,2.0,0.0,1.0,1.0,1,0.0,2.0,2.0,0.0,0.0,0.0,1.0,0.0,1.0,2.0,0.0,0.0,0.0,0.0,0.0,3.0,4.0,0.0,0.0,0.0,0.0,0.0,0.0,phytophthora-rot
2.0,1.0,2.0,1.0,,1.0,1.0,,,,1.0,1,0.0,2.0,2.0,0.0,0.0,0.0,1.0,,2.0,2.0,,0.0,0.0,0.0,0.0,,,,,,,,1.0,phytophthora-rot
1.0,1.0,2.0,1.0,,1.0,1.0,,,,1.0,1,,,,,,,1.0,,1.0,2.0,,0.0,0.0,0.0,0.0,,,,,,,,1.0,phytophthora-rot
0.0,1.0,2.0,1.0,0.0,3.0,1.0,1.0,0.0,0.0,1.0,1,0.0,2.0,2.0,0.0,0.0,0.0,1.0,0.0,1.0,2.0,0.0,0.0,0.0,0.0,0.0,3.0,4.0,0.0,0.0,0.0,0.0,0.0,0.0,phytophthora-rot
0.0,1.0,1.0,1.0,1.0,2.0,1.0,2.0,1.0,0.0,1.0,1,0.0,2.0,2.0,0.0,0.0,0.0,1.0,1.0,2.0,2.0,0.0,1.0,0.0,0.0,0.0,3.0,4.0,0.0,0.0,0.0,0.0,0.0,0.0,phytophthora-rot
3.0,1.0,2.0,0.0,0.0,1.0,1.0,2.0,1.0,0.0,1.0,1,0.0,2.0,2.0,0.0,0.0,0.0,1.0,0.0,2.0,2.0,0.0,0.0,0.0,0.0,0.0,3.0,4.0,0.0,0.0,0.0,0.0,0.0,0.0,phytophthora-rot
2.0,1.0,2.0,2.0,,3.0,1.0,,,,1.0,1,,,,,,,1.0,,3.0,2.0,,0.0,0.0,0.0,0.0,,,,,,,,1.0,phytophthora-rot
0.0,1.0,2.0,1.0,0.0,2.0,1.0,1.0,0.0,1.0,1.0,1,0.0,2.0,2.0,0.0,0.0,0.0,1.0,0.0,1.0,2.0,0.0,0.0,0.0,0.0,0.0,3.0,4.0,0.0,0.0,0.0,0.0,0.0,0.0,phytophthora-rot
2.0,1.0,1.0,2.0,,2.0,1.0,,,,1.0,1,0.0,2.0,2.0,0.0,0.0,0.0,1.0,,2.0,2.0,,0.0,0.0,0.0,0.0,,,,,,,,1.0,phytophthora-rot
2.0,1.0,2.0,1.0,1.0,1.0,1.0,2.0,0.0,2.0,1.0,1,0.0,2.0,2.0,0.0,0.0,0.0,1.0,0.0,1.0,2.0,0.0,1.0,0.0,0.0,0.0,3.0,4.0,0.0,0.0,0.0,0.0,0.0,0.0,phytophthora-rot
0.0,1.0,2.0,1.0,0.0,3.0,1.0,1.0,0.0,2.0,1.0,1,0.0,2.0,2.0,0.0,0.0,0.0,1.0,0.0,1.0,2.0,0.0,0.0,0.0,0.0,0.0,3.0,4.0,0.0,0.0,0.0,0.0,0.0,0.0,phytophthora-rot
1.0,1.0,2.0,1.0,0.0,0.0,1.0,2.0,1.0,1.0,1.0,1,0.0,2.0,2.0,0.0,0.0,0.0,1.0,0.0,2.0,2.0,0.0,0.0,0.0,0.0,0.0,3.0,4.0,0.0,0.0,0.0,0.0,0.0,0.0,phytophthora-rot
1.0,1.0,2.0,1.0,,0.0,1.0,,,,1.0,1,0.0,2.0,2.0,0.0,0.0,0.0,1.0,,1.0,2.0,,0.0,0.0,0.0,0.0,,,,,,,,1.0,phytophthora-rot
3.0,1.0,2.0,1.0,,1.0,1.0,,,,1.0,1,,,,,,,1.0,,3.0,2.0,,0.0,0.0,0.0,0.0,,,,,,,,1.0,phytophthora-rot
2.0,1.0,2.0,1.0,,1.0,1.0,,,,1.0,1,0.0,2.0,2.0,0.0,0.0,0.0,1.0,,3.0,2.0,,0.0,0.0,0.0,0.0,,,,,,,,1.0,phytophthora-rot
3.0,1.0,2.0,2.0,,2.0,1.0,,,,1.0,1,,,,,,,1.0,,2.0,2.0,,0.0,0.0,0.0,0.0,,,,,,,,1.0,phytophthora-rot
1.0,1.0,2.0,1.0,1.0,3.0,1.0,2.0,0.0,1.0,1.0,1,0.0,2.0,2.0,0.0,0.0,0.0,1.0,1.0,1.0,2.0,0.0,1.0,0.0,0.0,0.0,3.0,4.0,0.0,0.0,0.0,0.0,0.0,0.0,phytophthora-rot
3.0,1.0,1.0,1.0,,3.0,1.0,,,,1.0,1,0.0,2.0,2.0,0.0,0.0,0.0,1.0,,2.0,2.0,,0.0,0.0,0.0,0.0,,,,,,,,1.0,phytophthora-rot
2.0,1.0,2.0,2.0,,1.0,1.0,,,,1.0,1,,,,,,,1.0,,2.0,2.0,,0.0,0.0,0.0,0.0,,,,,,,,1.0,phytophthora-rot
3.0,1.0,1.0,2.0,,2.0,1.0,,,,1.0,1,0.0,2.0,2.0,0.0,0.0,0.0,1.0,,2.0,2.0,,0.0,0.0,0.0,0.0,,,,,,,,1.0,phytophthora-rot
1.0,1.0,2.0,2.0,,1.0,1.0,,,,1.0,1,,,,,,,1.0,,1.0,2.0,,0.0,0.0,0.0,0.0,,,,,,,,1.0,phytophthora-rot
2.0,1.0,2.0,2.0,,3.0,1.0,,,,1.0,1,0.0,2.0,2.0,0.0,0.0,0.0,1.0,,2.0,2.0,,0.0,0.0,0.0,0.0,,,,,,,,1.0,phytophthora-rot
3.0,1.0,1.0,1.0,,0.0,1.0,,,,1.0,1,0.0,2.0,2.0,0.0,0.0,0.0,1.0,,3.0,2.0,,0.0,0.0,0.0,0.0,,,,,,,,1.0,phytophthora-rot
2.0,1.0,2.0,0.0,0.0,1.0,1.0,2.0,0.0,0.0,1.0,1,0.0,2.0,2.0,0.0,0.0,0.0,1.0,0.0,1.0,2.0,0.0,0.0,0.0,0.0,0.0,3.0,4.0,0.0,0.0,0.0,0.0,0.0,0.0,phytophthora-rot
3.0,1.0,1.0,1.0,,1.0,1.0,,,,1.0,1,0.0,2.0,2.0,0.0,0.0,0.0,1.0,,3.0,2.0,,0.0,0.0,0.0,0.0,,,,,,,,1.0,phytophthora-rot
2.0,1.0,2.0,2.0,,1.0,1.0,,,,1.0,1,,,,,,,1.0,,1.0,2.0,,0.0,0.0,0.0,0.0,,,,,,,,1.0,phytophthora-rot
1.0,1.0,2.0,0.0,0.0,0.0,1.0,2.0,1.0,0.0,1.0,1,0.0,2.0,2.0,0.0,0.0,0.0,1.0,0.0,2.0,2.0,0.0,0.0,0.0,0.0,0.0,3.0,4.0,0.0,0.0,0.0,0.0,0.0,0.0,phytophthora-rot
3.0,1.0,2.0,1.0,,2.0,1.0,,,,1.0,1,,,,,,,1.0,,2.0,2.0,,0.0,0.0,0.0,0.0,,,,,,,,1.0,phytophthora-rot
3.0,1.0,2.0,1.0,,3.0,1.0,,,,1.0,1,,,,,,,1.0,,3.0,2.0,,0.0,0.0,0.0,0.0,,,,,,,,1.0,phytophthora-rot
3.0,1.0,1.0,0.0,0.0,2.0,1.0,2.0,1.0,2.0,1.0,1,0.0,2.0,2.0,0.0,0.0,0.0,1.0,0.0,2.0,2.0,0.0,0.0,0.0,0.0,0.0,3.0,4.0,0.0,0.0,0.0,0.0,0.0,0.0,phytophthora-rot
3.0,1.0,2.0,2.0,,2.0,1.0,,,,1.0,1,,,,,,,1.0,,3.0,2.0,,0.0,0.0,0.0,0.0,,,,,,,,1.0,phytophthora-rot
4.0,0.0,0.0,1.0,0.0,1.0,3.0,1.0,1.0,2.0,0.0,1,0.0,2.0,2.0,0.0,0.0,0.0,1.0,0.0,0.0,0.0,0.0,0.0,0.0,1.0,0.0,0.0,0.0,0.0,0.0,0.0,0.0,0.0,0.0,brown-stem-rot
4.0,0.0,0.0,1.0,0.0,1.0,3.0,1.0,1.0,2.0,0.0,1,0.0,2.0,2.0,0.0,0.0,0.0,1.0,0.0,0.0,0.0,0.0,0.0,0.0,1.0,0.0,0.0,0.0,0.0,0.0,0.0,0.0,0.0,0.0,brown-stem-rot
3.0,1.0,0.0,0.0,0.0,3.0,0.0,1.0,1.0,2.0,1.0,0,0.0,2.0,2.0,0.0,0.0,0.0,1.0,0.0,0.0,3.0,0.0,0.0,0.0,1.0,0.0,0.0,4.0,0.0,0.0,0.0,0.0,0.0,0.0,brown-stem-rot
5.0,0.0,0.0,2.0,0.0,1.0,3.0,1.0,1.0,2.0,0.0,1,0.0,2.0,2.0,0.0,0.0,0.0,1.0,0.0,0.0,0.0,0.0,0.0,0.0,1.0,0.0,0.0,0.0,0.0,0.0,0.0,0.0,0.0,0.0,brown-stem-rot
5.0,0.0,0.0,2.0,0.0,2.0,3.0,1.0,1.0,1.0,0.0,1,0.0,2.0,2.0,0.0,0.0,0.0,1.0,0.0,0.0,0.0,0.0,0.0,0.0,1.0,0.0,0.0,0.0,0.0,0.0,0.0,0.0,0.0,0.0,brown-stem-rot
4.0,0.0,0.0,1.0,0.0,3.0,2.0,1.0,0.0,1.0,0.0,1,0.0,2.0,2.0,0.0,0.0,0.0,1.0,0.0,0.0,0.0,0.0,0.0,0.0,1.0,0.0,0.0,0.0,0.0,0.0,0.0,0.0,0.0,0.0,brown-stem-rot
5.0,0.0,0.0,1.0,1.0,3.0,3.0,1.0,0.0,2.0,1.0,1,2.0,0.0,1.0,0.0,0.0,0.0,1.0,1.0,0.0,3.0,0.0,0.0,0.0,1.0,0.0,0.0,4.0,0.0,0.0,0.0,0.0,0.0,0.0,brown-stem-rot
6.0,0.0,1.0,1.0,1.0,2.0,0.0,1.0,1.0,0.0,1.0,0,0.0,2.0,1.0,0.0,0.0,0.0,1.0,1.0,0.0,3.0,0.0,0.0,0.0,1.0,0.0,0.0,4.0,0.0,0.0,0.0,0.0,0.0,0.0,brown-stem-rot
5.0,1.0,0.0,0.0,0.0,3.0,2.0,1.0,0.0,0.0,1.0,1,0.0,2.0,2.0,0.0,0.0,0.0,1.0,1.0,0.0,3.0,0.0,0.0,0.0,1.0,0.0,0.0,4.0,0.0,0.0,0.0,0.0,0.0,0.0,brown-stem-rot
5.0,1.0,0.0,1.0,0.0,1.0,3.0,1.0,1.0,0.0,1.0,1,2.0,0.0,1.0,0.0,0.0,0.0,1.0,1.0,0.0,3.0,0.0,0.0,0.0,1.0,0.0,0.0,4.0,0.0,0.0,0.0,0.0,0.0,0.0,brown-stem-rot
4.0,0.0,1.0,0.0,1.0,2.0,3.0,1.0,1.0,2.0,1.0,0,0.0,2.0,2.0,0.0,0.0,0.0,1.0,1.0,0.0,3.0,0.0,0.0,0.0,1.0,0.0,0.0,4.0,0.0,0.0,0.0,0.0,0.0,0.0,brown-stem-rot
4.0,1.0,0.0,0.0,0.0,3.0,2.0,1.0,1.0,1.0,1.0,1,2.0,0.0,1.0,0.0,0.0,0.0,1.0,1.0,0.0,3.0,0.0,0.0,0.0,1.0,0.0,0.0,4.0,0.0,0.0,0.0,0.0,0.0,0.0,brown-stem-rot
4.0,0.0,0.0,1.0,0.0,2.0,0.0,1.0,1.0,0.0,0.0,1,0.0,2.0,2.0,0.0,0.0,0.0,1.0,0.0,0.0,0.0,0.0,0.0,0.0,1.0,0.0,0.0,0.0,0.0,0.0,0.0,0.0,0.0,0.0,brown-stem-rot
3.0,1.0,0.0,0.0,0.0,2.0,0.0,2.0,0.0,1.0,1.0,1,2.0,0.0,1.0,0.0,0.0,0.0,1.0,0.0,0.0,3.0,0.0,0.0,0.0,1.0,0.0,0.0,4.0,0.0,0.0,0.0,0.0,0.0,0.0,brown-stem-rot
5.0,0.0,0.0,1.0,0.0,3.0,2.0,1.0,0.0,1.0,0.0,1,0.0,2.0,2.0,0.0,0.0,0.0,1.0,0.0,0.0,0.0,0.0,0.0,0.0,1.0,0.0,0.0,0.0,0.0,0.0,0.0,0.0,0.0,0.0,brown-stem-rot
4.0,0.0,0.0,1.0,0.0,3.0,3.0,1.0,1.0,0.0,0.0,1,0.0,2.0,2.0,0.0,0.0,0.0,1.0,0.0,0.0,0.0,0.0,0.0,0.0,1.0,0.0,0.0,0.0,0.0,0.0,0.0,0.0,0.0,0.0,brown-stem-rot
4.0,0.0,0.0,1.0,0.0,3.0,2.0,1.0,0.0,2.0,0.0,1,0.0,2.0,2.0,0.0,0.0,0.0,1.0,0.0,0.0,0.0,0.0,0.0,0.0,1.0,0.0,0.0,0.0,0.0,0.0,0.0,0.0,0.0,0.0,brown-stem-rot
4.0,0.0,0.0,1.0,0.0,1.0,2.0,1.0,1.0,2.0,0.0,1,0.0,2.0,2.0,0.0,0.0,0.0,1.0,0.0,0.0,0.0,0.0,0.0,0.0,1.0,0.0,0.0,0.0,0.0,0.0,0.0,0.0,0.0,0.0,brown-stem-rot
4.0,0.0,0.0,1.0,0.0,1.0,2.0,1.0,0.0,0.0,0.0,1,0.0,2.0,2.0,0.0,0.0,0.0,1.0,0.0,0.0,0.0,0.0,0.0,0.0,1.0,0.0,0.0,0.0,0.0,0.0,0.0,0.0,0.0,0.0,brown-stem-rot
3.0,0.0,0.0,1.0,0.0,3.0,2.0,1.0,0.0,0.0,0.0,1,0.0,2.0,2.0,0.0,0.0,0.0,1.0,0.0,0.0,0.0,0.0,0.0,0.0,1.0,0.0,0.0,0.0,0.0,0.0,0.0,0.0,0.0,0.0,brown-stem-rot
5.0,0.0,0.0,1.0,1.0,3.0,3.0,1.0,0.0,1.0,0.0,1,0.0,2.0,2.0,0.0,0.0,1.0,0.0,0.0,0.0,0.0,0.0,0.0,0.0,0.0,0.0,0.0,0.0,0.0,0.0,0.0,0.0,0.0,0.0,powdery-mildew
6.0,0.0,1.0,0.0,1.0,0.0,0.0,0.0,1.0,2.0,0.0,1,0.0,2.0,2.0,0.0,0.0,1.0,0.0,0.0,0.0,0.0,0.0,0.0,0.0,0.0,0.0,0.0,0.0,0.0,0.0,0.0,0.0,0.0,0.0,powdery-mildew
1.0,1.0,0.0,1.0,0.0,3.0,3.0,1.0,2.0,0.0,0.0,1,0.0,2.0,2.0,0.0,0.0,1.0,0.0,0.0,0.0,0.0,0.0,0.0,0.0,0.0,0.0,0.0,0.0,0.0,0.0,0.0,0.0,0.0,0.0,powdery-mildew
6.0,1.0,1.0,0.0,0.0,2.0,2.0,0.0,1.0,2.0,0.0,1,0.0,2.0,2.0,0.0,0.0,1.0,0.0,0.0,0.0,0.0,0.0,0.0,0.0,0.0,0.0,0.0,0.0,0.0,0.0,0.0,0.0,0.0,0.0,powdery-mildew
4.0,1.0,1.0,0.0,0.0,2.0,2.0,0.0,2.0,0.0,0.0,1,0.0,2.0,2.0,0.0,0.0,1.0,0.0,0.0,0.0,0.0,0.0,0.0,0.0,0.0,0.0,0.0,0.0,0.0,0.0,0.0,0.0,0.0,0.0,powdery-mildew
6.0,0.0,0.0,1.0,1.0,1.0,1.0,1.0,0.0,2.0,0.0,1,0.0,2.0,2.0,0.0,0.0,1.0,0.0,0.0,0.0,0.0,0.0,0.0,0.0,0.0,0.0,0.0,0.0,0.0,0.0,0.0,0.0,0.0,0.0,powdery-mildew
2.0,1.0,1.0,0.0,0.0,2.0,2.0,0.0,0.0,1.0,0.0,1,0.0,2.0,2.0,0.0,0.0,1.0,0.0,0.0,0.0,0.0,0.0,0.0,0.0,0.0,0.0,0.0,0.0,0.0,0.0,0.0,0.0,0.0,0.0,powdery-mildew
6.0,1.0,0.0,1.0,0.0,1.0,1.0,1.0,1.0,2.0,0.0,1,0.0,2.0,2.0,0.0,0.0,1.0,0.0,0.0,0.0,0.0,0.0,0.0,0.0,0.0,0.0,0.0,0.0,0.0,0.0,0.0,0.0,0.0,0.0,powdery-mildew
5.0,1.0,0.0,1.0,0.0,1.0,1.0,1.0,0.0,1.0,0.0,1,0.0,2.0,2.0,0.0,0.0,1.0,0.0,0.0,0.0,0.0,0.0,0.0,0.0,0.0,0.0,0.0,0.0,0.0,0.0,0.0,0.0,0.0,0.0,powdery-mildew
1.0,1.0,0.0,1.0,0.0,1.0,1.0,1.0,2.0,0.0,0.0,1,0.0,2.0,2.0,0.0,0.0,1.0,0.0,0.0,0.0,0.0,0.0,0.0,0.0,0.0,0.0,0.0,0.0,0.0,0.0,0.0,0.0,0.0,0.0,powdery-mildew
6.0,0.0,2.0,0.0,1.0,2.0,1.0,0.0,1.0,2.0,0.0,1,2.0,0.0,1.0,0.0,1.0,2.0,0.0,0.0,0.0,0.0,0.0,0.0,0.0,0.0,0.0,0.0,0.0,1.0,1.0,0.0,0.0,0.0,0.0,downy-mildew
2.0,0.0,2.0,1.0,1.0,1.0,1.0,1.0,1.0,2.0,0.0,1,2.0,0.0,1.0,0.0,1.0,2.0,0.0,0.0,0.0,0.0,0.0,0.0,0.0,0.0,0.0,0.0,0.0,1.0,1.0,0.0,0.0,0.0,0.0,downy-mildew
1.0,0.0,2.0,1.0,1.0,3.0,2.0,1.0,0.0,1.0,0.0,1,1.0,0.0,1.0,0.0,0.0,2.0,0.0,0.0,0.0,0.0,0.0,0.0,0.0,0.0,0.0,0.0,0.0,1.0,1.0,0.0,0.0,0.0,0.0,downy-mildew
4.0,1.0,2.0,2.0,0.0,2.0,2.0,1.0,0.0,1.0,0.0,1,1.0,0.0,1.0,0.0,1.0,2.0,0.0,0.0,0.0,0.0,0.0,0.0,0.0,0.0,0.0,0.0,0.0,1.0,1.0,0.0,0.0,0.0,0.0,downy-mildew
1.0,0.0,2.0,0.0,1.0,0.0,0.0,1.0,0.0,1.0,0.0,1,1.0,0.0,1.0,0.0,0.0,2.0,0.0,0.0,0.0,0.0,0.0,0.0,0.0,0.0,0.0,0.0,0.0,1.0,1.0,0.0,0.0,0.0,0.0,downy-mildew
2.0,1.0,2.0,0.0,0.0,3.0,0.0,1.0,0.0,1.0,0.0,1,1.0,0.0,1.0,0.0,0.0,2.0,0.0,0.0,0.0,0.0,0.0,0.0,0.0,0.0,0.0,0.0,0.0,1.0,1.0,0.0,0.0,0.0,0.0,downy-mildew
2.0,1.0,2.0,1.0,0.0,2.0,0.0,1.0,0.0,1.0,0.0,1,2.0,0.0,1.0,0.0,0.0,2.0,0.0,0.0,0.0,0.0,0.0,0.0,0.0,0.0,0.0,0.0,0.0,1.0,1.0,0.0,0.0,0.0,0.0,downy-mildew
4.0,1.0,2.0,2.0,0.0,2.0,1.0,0.0,1.0,2.0,0.0,1,1.0,0.0,1.0,0.0,0.0,2.0,0.0,0.0,0.0,0.0,0.0,0.0,0.0,0.0,0.0,0.0,0.0,1.0,1.0,0.0,0.0,0.0,0.0,downy-mildew
4.0,1.0,2.0,0.0,0.0,1.0,2.0,1.0,0.0,1.0,0.0,1,2.0,0.0,1.0,0.0,0.0,2.0,0.0,0.0,0.0,0.0,0.0,0.0,0.0,0.0,0.0,0.0,0.0,1.0,1.0,0.0,0.0,0.0,0.0,downy-mildew
5.0,1.0,2.0,1.0,0.0,3.0,2.0,1.0,0.0,1.0,0.0,1,1.0,0.0,1.0,0.0,0.0,2.0,0.0,0.0,0.0,0.0,0.0,0.0,0.0,0.0,0.0,0.0,0.0,1.0,1.0,0.0,0.0,0.0,0.0,downy-mildew
1.0,1.0,2.0,2.0,1.0,3.0,3.0,1.0,0.0,2.0,1.0,1,2.0,0.0,1.0,0.0,0.0,0.0,0.0,0.0,0.0,0.0,0.0,0.0,0.0,0.0,0.0,0.0,0.0,0.0,0.0,0.0,0.0,0.0,0.0,brown-spot
2.0,0.0,2.0,1.0,0.0,2.0,3.0,1.0,1.0,1.0,0.0,1,2.0,0.0,1.0,0.0,0.0,0.0,0.0,0.0,0.0,0.0,0.0,0.0,0.0,0.0,0.0,0.0,0.0,0.0,0.0,0.0,0.0,0.0,0.0,brown-spot
2.0,0.0,2.0,1.0,0.0,2.0,3.0,1.0,1.0,0.0,0.0,1,2.0,0.0,1.0,1.0,0.0,0.0,0.0,0.0,0.0,0.0,0.0,0.0,0.0,0.0,0.0,0.0,0.0,0.0,0.0,0.0,0.0,0.0,0.0,brown-spot
2.0,0.0,2.0,1.0,0.0,1.0,0.0,1.0,2.0,0.0,0.0,1,2.0,0.0,1.0,1.0,0.0,0.0,0.0,0.0,0.0,0.0,0.0,0.0,0.0,0.0,0.0,0.0,0.0,0.0,0.0,0.0,0.0,0.0,0.0,brown-spot
1.0,1.0,2.0,2.0,1.0,3.0,3.0,1.0,1.0,1.0,1.0,1,2.0,0.0,1.0,0.0,0.0,0.0,0.0,0.0,0.0,0.0,0.0,0.0,0.0,0.0,0.0,0.0,0.0,0.0,0.0,0.0,0.0,0.0,0.0,brown-spot
1.0,1.0,2.0,1.0,0.0,2.0,3.0,1.0,0.0,2.0,0.0,1,2.0,0.0,1.0,1.0,0.0,0.0,0.0,0.0,0.0,0.0,0.0,0.0,0.0,0.0,0.0,0.0,0.0,0.0,0.0,0.0,0.0,0.0,0.0,brown-spot
0.0,1.0,2.0,2.0,1.0,3.0,3.0,1.0,2.0,1.0,0.0,1,2.0,0.0,1.0,0.0,0.0,0.0,0.0,0.0,0.0,0.0,0.0,0.0,0.0,0.0,0.0,0.0,0.0,0.0,0.0,0.0,0.0,0.0,0.0,brown-spot
2.0,0.0,2.0,1.0,0.0,2.0,3.0,1.0,0.0,0.0,0.0,1,2.0,0.0,1.0,1.0,0.0,0.0,0.0,0.0,0.0,0.0,0.0,0.0,0.0,0.0,0.0,0.0,0.0,0.0,0.0,0.0,0.0,0.0,0.0,brown-spot
1.0,0.0,2.0,1.0,0.0,2.0,3.0,1.0,1.0,1.0,0.0,1,2.0,0.0,1.0,1.0,0.0,0.0,0.0,0.0,0.0,0.0,0.0,0.0,0.0,0.0,0.0,0.0,0.0,0.0,0.0,0.0,0.0,0.0,0.0,brown-spot
2.0,1.0,2.0,1.0,0.0,3.0,3.0,1.0,0.0,2.0,0.0,1,2.0,0.0,1.0,1.0,0.0,0.0,0.0,0.0,0.0,0.0,0.0,0.0,0.0,0.0,0.0,0.0,0.0,0.0,0.0,0.0,0.0,0.0,0.0,brown-spot
5.0,0.0,2.0,1.0,0.0,2.0,2.0,1.0,0.0,1.0,0.0,1,2.0,0.0,1.0,0.0,0.0,0.0,1.0,0.0,3.0,1.0,1.0,0.0,0.0,0.0,0.0,0.0,0.0,0.0,0.0,0.0,0.0,0.0,0.0,brown-spot
1.0,1.0,2.0,1.0,0.0,3.0,3.0,1.0,1.0,2.0,0.0,1,2.0,0.0,1.0,1.0,0.0,0.0,0.0,0.0,0.0,0.0,0.0,0.0,0.0,0.0,0.0,0.0,0.0,0.0,0.0,0.0,0.0,0.0,0.0,brown-spot
1.0,0.0,2.0,1.0,0.0,3.0,3.0,1.0,2.0,0.0,0.0,1,2.0,0.0,1.0,1.0,0.0,0.0,0.0,0.0,0.0,0.0,0.0,0.0,0.0,0.0,0.0,0.0,0.0,0.0,0.0,0.0,0.0,0.0,0.0,brown-spot
4.0,0.0,2.0,1.0,0.0,1.0,3.0,1.0,0.0,0.0,0.0,1,2.0,0.0,1.0,1.0,0.0,0.0,1.0,0.0,3.0,1.0,1.0,0.0,0.0,0.0,0.0,0.0,0.0,0.0,0.0,0.0,0.0,0.0,0.0,brown-spot
1.0,0.0,2.0,1.0,0.0,2.0,3.0,1.0,0.0,1.0,0.0,1,2.0,0.0,1.0,1.0,0.0,0.0,0.0,0.0,0.0,0.0,0.0,0.0,0.0,0.0,0.0,0.0,0.0,0.0,0.0,0.0,0.0,0.0,0.0,brown-spot
4.0,1.0,2.0,1.0,0.0,3.0,3.0,1.0,0.0,2.0,0.0,1,2.0,0.0,1.0,0.0,0.0,0.0,1.0,0.0,3.0,1.0,1.0,0.0,0.0,0.0,0.0,0.0,0.0,0.0,0.0,0.0,0.0,0.0,0.0,brown-spot
2.0,0.0,2.0,1.0,0.0,3.0,3.0,1.0,0.0,0.0,0.0,1,2.0,0.0,1.0,1.0,0.0,0.0,0.0,0.0,0.0,0.0,0.0,0.0,0.0,0.0,0.0,0.0,0.0,0.0,0.0,0.0,0.0,0.0,0.0,brown-spot
0.0,1.0,1.0,1.0,1.0,2.0,2.0,0.0,2.0,1.0,1.0,1,2.0,0.0,1.0,0.0,0.0,0.0,0.0,0.0,0.0,0.0,0.0,0.0,0.0,0.0,0.0,0.0,0.0,0.0,0.0,0.0,0.0,0.0,0.0,brown-spot
1.0,1.0,1.0,1.0,1.0,2.0,0.0,0.0,0.0,2.0,0.0,1,2.0,0.0,1.0,0.0,0.0,0.0,0.0,0.0,0.0,0.0,0.0,0.0,0.0,0.0,0.0,0.0,0.0,0.0,0.0,0.0,0.0,0.0,0.0,brown-spot
1.0,1.0,2.0,1.0,0.0,1.0,0.0,1.0,2.0,2.0,0.0,1,2.0,0.0,1.0,1.0,0.0,0.0,0.0,0.0,0.0,0.0,0.0,0.0,0.0,0.0,0.0,0.0,0.0,0.0,0.0,0.0,0.0,0.0,0.0,brown-spot
1.0,0.0,2.0,1.0,0.0,1.0,3.0,1.0,0.0,0.0,0.0,1,2.0,0.0,1.0,0.0,0.0,0.0,1.0,0.0,3.0,1.0,1.0,0.0,0.0,0.0,0.0,0.0,0.0,0.0,0.0,0.0,0.0,0.0,0.0,brown-spot
2.0,0.0,2.0,1.0,0.0,3.0,3.0,1.0,1.0,1.0,0.0,1,2.0,0.0,1.0,1.0,0.0,0.0,0.0,0.0,0.0,0.0,0.0,0.0,0.0,0.0,0.0,0.0,0.0,0.0,0.0,0.0,0.0,0.0,0.0,brown-spot
3.0,0.0,2.0,1.0,0.0,2.0,3.0,2.0,2.0,1.0,0.0,1,2.0,0.0,1.0,0.0,0.0,0.0,1.0,0.0,0.0,3.0,1.0,1.0,0.0,0.0,0.0,0.0,0.0,0.0,0.0,0.0,0.0,0.0,0.0,brown-spot
2.0,1.0,2.0,2.0,1.0,3.0,1.0,1.0,1.0,0.0,1.0,1,2.0,0.0,1.0,0.0,0.0,0.0,0.0,0.0,0.0,0.0,0.0,0.0,0.0,0.0,0.0,0.0,0.0,0.0,0.0,0.0,0.0,0.0,0.0,brown-spot
1.0,0.0,2.0,1.0,0.0,2.0,3.0,1.0,2.0,0.0,0.0,1,2.0,0.0,1.0,1.0,0.0,0.0,0.0,0.0,0.0,0.0,0.0,0.0,0.0,0.0,0.0,0.0,0.0,0.0,0.0,0.0,0.0,0.0,0.0,brown-spot
1.0,1.0,2.0,1.0,0.0,2.0,3.0,1.0,0.0,2.0,0.0,1,2.0,0.0,1.0,1.0,0.0,0.0,0.0,0.0,0.0,0.0,0.0,0.0,0.0,0.0,0.0,0.0,0.0,0.0,0.0,0.0,0.0,0.0,0.0,brown-spot
5.0,0.0,2.0,1.0,0.0,1.0,3.0,1.0,0.0,0.0,0.0,1,2.0,0.0,1.0,1.0,0.0,0.0,1.0,0.0,3.0,1.0,1.0,0.0,0.0,0.0,0.0,0.0,0.0,0.0,0.0,0.0,0.0,0.0,0.0,brown-spot
4.0,1.0,1.0,1.0,1.0,2.0,2.0,0.0,0.0,2.0,0.0,1,2.0,0.0,1.0,0.0,0.0,0.0,1.0,0.0,3.0,1.0,1.0,0.0,0.0,0.0,0.0,0.0,1.0,0.0,0.0,0.0,0.0,0.0,0.0,brown-spot
3.0,1.0,2.0,1.0,0.0,1.0,3.0,1.0,0.0,2.0,0.0,1,2.0,0.0,1.0,1.0,0.0,0.0,1.0,0.0,3.0,1.0,1.0,0.0,0.0,0.0,0.0,0.0,0.0,0.0,0.0,0.0,0.0,0.0,0.0,brown-spot
1.0,0.0,2.0,1.0,0.0,3.0,3.0,1.0,0.0,0.0,0.0,1,2.0,0.0,1.0,0.0,0.0,0.0,0.0,0.0,0.0,0.0,0.0,0.0,0.0,0.0,0.0,0.0,0.0,0.0,0.0,0.0,0.0,0.0,0.0,brown-spot
4.0,0.0,2.0,1.0,0.0,2.0,3.0,2.0,1.0,1.0,0.0,1,2.0,0.0,1.0,0.0,0.0,0.0,1.0,0.0,0.0,3.0,1.0,1.0,0.0,0.0,0.0,0.0,0.0,0.0,0.0,0.0,0.0,0.0,0.0,brown-spot
2.0,1.0,2.0,1.0,0.0,2.0,3.0,1.0,0.0,2.0,0.0,1,2.0,0.0,1.0,0.0,0.0,0.0,0.0,0.0,0.0,0.0,0.0,0.0,0.0,0.0,0.0,0.0,0.0,0.0,0.0,0.0,0.0,0.0,0.0,brown-spot
2.0,1.0,1.0,1.0,1.0,0.0,0.0,1.0,1.0,0.0,0.0,1,2.0,0.0,1.0,0.0,0.0,0.0,0.0,0.0,0.0,0.0,0.0,0.0,0.0,0.0,0.0,0.0,0.0,0.0,0.0,0.0,0.0,0.0,0.0,brown-spot
3.0,1.0,2.0,1.0,0.0,3.0,1.0,1.0,0.0,2.0,0.0,1,2.0,0.0,1.0,0.0,0.0,0.0,1.0,0.0,3.0,1.0,1.0,0.0,0.0,0.0,0.0,0.0,0.0,0.0,0.0,0.0,0.0,0.0,0.0,brown-spot
3.0,0.0,2.0,1.0,0.0,3.0,3.0,2.0,2.0,0.0,0.0,1,2.0,0.0,1.0,0.0,0.0,0.0,1.0,0.0,0.0,3.0,1.0,1.0,0.0,0.0,0.0,0.0,0.0,0.0,0.0,0.0,0.0,0.0,0.0,brown-spot
2.0,0.0,2.0,1.0,0.0,2.0,2.0,1.0,0.0,1.0,0.0,1,2.0,0.0,1.0,0.0,0.0,0.0,1.0,0.0,3.0,1.0,1.0,0.0,0.0,0.0,0.0,0.0,0.0,0.0,0.0,0.0,0.0,0.0,0.0,brown-spot
3.0,0.0,2.0,1.0,0.0,3.0,1.0,1.0,0.0,0.0,0.0,1,2.0,0.0,1.0,1.0,0.0,0.0,0.0,0.0,0.0,0.0,0.0,0.0,0.0,0.0,0.0,0.0,0.0,0.0,0.0,0.0,0.0,0.0,0.0,brown-spot
3.0,1.0,2.0,1.0,0.0,3.0,1.0,1.0,0.0,2.0,0.0,1,2.0,0.0,1.0,1.0,0.0,0.0,1.0,0.0,3.0,1.0,1.0,0.0,0.0,0.0,0.0,0.0,0.0,0.0,0.0,0.0,0.0,0.0,0.0,brown-spot
2.0,1.0,2.0,1.0,0.0,3.0,3.0,2.0,2.0,2.0,0.0,1,2.0,0.0,1.0,1.0,0.0,0.0,0.0,0.0,0.0,0.0,0.0,0.0,0.0,0.0,0.0,0.0,0.0,0.0,0.0,0.0,0.0,0.0,0.0,brown-spot
5.0,1.0,2.0,1.0,0.0,3.0,3.0,2.0,0.0,2.0,0.0,1,2.0,0.0,1.0,0.0,0.0,0.0,1.0,0.0,0.0,3.0,1.0,1.0,0.0,0.0,0.0,0.0,0.0,0.0,0.0,0.0,0.0,0.0,0.0,brown-spot
5.0,0.0,2.0,1.0,1.0,3.0,3.0,1.0,1.0,0.0,0.0,1,2.0,0.0,0.0,1.0,0.0,0.0,0.0,0.0,0.0,0.0,0.0,0.0,0.0,0.0,0.0,0.0,0.0,0.0,0.0,0.0,0.0,0.0,0.0,bacterial-blight
4.0,0.0,2.0,2.0,1.0,2.0,3.0,1.0,1.0,1.0,0.0,1,2.0,0.0,0.0,1.0,0.0,0.0,0.0,0.0,0.0,0.0,0.0,0.0,0.0,0.0,0.0,0.0,0.0,0.0,0.0,0.0,0.0,0.0,0.0,bacterial-blight
2.0,0.0,1.0,1.0,0.0,0.0,0.0,0.0,0.0,0.0,0.0,1,1.0,0.0,0.0,0.0,0.0,0.0,0.0,0.0,0.0,0.0,0.0,0.0,0.0,0.0,0.0,0.0,0.0,0.0,0.0,0.0,0.0,0.0,0.0,bacterial-blight
3.0,0.0,1.0,1.0,0.0,1.0,2.0,0.0,0.0,0.0,0.0,1,1.0,0.0,0.0,1.0,0.0,0.0,0.0,0.0,0.0,0.0,0.0,0.0,0.0,0.0,0.0,0.0,0.0,0.0,0.0,0.0,0.0,0.0,0.0,bacterial-blight
3.0,0.0,1.0,1.0,0.0,3.0,2.0,0.0,0.0,0.0,0.0,1,1.0,0.0,0.0,1.0,1.0,0.0,0.0,0.0,0.0,0.0,0.0,0.0,0.0,0.0,0.0,0.0,0.0,0.0,0.0,0.0,0.0,0.0,0.0,bacterial-blight
3.0,0.0,2.0,1.0,1.0,2.0,1.0,1.0,1.0,0.0,0.0,1,2.0,0.0,0.0,1.0,0.0,0.0,0.0,0.0,0.0,0.0,0.0,0.0,0.0,0.0,0.0,0.0,0.0,0.0,0.0,0.0,0.0,0.0,0.0,bacterial-blight
3.0,0.0,1.0,1.0,0.0,1.0,0.0,0.0,0.0,1.0,0.0,1,1.0,0.0,0.0,1.0,0.0,0.0,0.0,0.0,0.0,0.0,0.0,0.0,0.0,0.0,0.0,0.0,0.0,0.0,0.0,0.0,0.0,0.0,0.0,bacterial-blight
4.0,0.0,2.0,1.0,1.0,0.0,3.0,1.0,1.0,1.0,0.0,1,2.0,0.0,0.0,1.0,0.0,0.0,0.0,0.0,0.0,0.0,0.0,0.0,0.0,0.0,0.0,0.0,0.0,0.0,0.0,0.0,0.0,0.0,0.0,bacterial-blight
2.0,0.0,1.0,1.0,0.0,3.0,1.0,0.0,0.0,0.0,0.0,1,1.0,0.0,0.0,1.0,0.0,0.0,0.0,0.0,0.0,0.0,0.0,0.0,0.0,0.0,0.0,0.0,0.0,0.0,0.0,0.0,0.0,0.0,0.0,bacterial-blight
4.0,1.0,2.0,2.0,1.0,2.0,1.0,1.0,1.0,2.0,0.0,1,2.0,0.0,0.0,1.0,0.0,0.0,0.0,0.0,0.0,0.0,0.0,0.0,0.0,0.0,0.0,0.0,0.0,0.0,0.0,0.0,0.0,0.0,0.0,bacterial-blight
2.0,1.0,1.0,2.0,0.0,2.0,2.0,0.0,0.0,2.0,0.0,1,1.0,1.0,0.0,0.0,0.0,0.0,0.0,0.0,0.0,0.0,0.0,0.0,0.0,0.0,0.0,0.0,0.0,0.0,0.0,0.0,0.0,0.0,2.0,bacterial-pustule
3.0,0.0,2.0,0.0,1.0,2.0,3.0,1.0,1.0,1.0,1.0,1,2.0,1.0,0.0,1.0,0.0,0.0,0.0,0.0,0.0,0.0,0.0,0.0,0.0,0.0,0.0,0.0,0.0,1.0,1.0,1.0,0.0,0.0,0.0,bacterial-pustule
2.0,0.0,1.0,0.0,0.0,0.0,0.0,0.0,0.0,0.0,0.0,1,1.0,1.0,0.0,0.0,0.0,0.0,0.0,0.0,0.0,0.0,0.0,0.0,0.0,0.0,0.0,0.0,0.0,0.0,0.0,0.0,0.0,0.0,0.0,bacterial-pustule
4.0,1.0,2.0,1.0,0.0,3.0,0.0,1.0,0.0,2.0,0.0,1,1.0,0.0,0.0,1.0,1.0,0.0,0.0,0.0,0.0,0.0,0.0,0.0,0.0,0.0,0.0,0.0,0.0,0.0,0.0,0.0,1.0,0.0,1.0,bacterial-pustule
3.0,0.0,2.0,1.0,1.0,1.0,1.0,1.0,0.0,1.0,0.0,1,1.0,1.0,0.0,1.0,0.0,0.0,0.0,0.0,0.0,0.0,0.0,0.0,0.0,0.0,0.0,0.0,0.0,1.0,1.0,1.0,1.0,0.0,1.0,bacterial-pustule
3.0,1.0,1.0,0.0,0.0,2.0,0.0,0.0,0.0,2.0,0.0,1,2.0,1.0,0.0,0.0,0.0,0.0,0.0,0.0,0.0,0.0,0.0,0.0,0.0,0.0,0.0,0.0,0.0,0.0,0.0,0.0,0.0,0.0,1.0,bacterial-pustule
3.0,0.0,1.0,1.0,1.0,2.0,3.0,0.0,0.0,1.0,1.0,1,1.0,1.0,0.0,1.0,0.0,0.0,0.0,0.0,0.0,0.0,0.0,0.0,0.0,0.0,0.0,0.0,0.0,1.0,1.0,1.0,1.0,0.0,0.0,bacterial-pustule
3.0,1.0,2.0,1.0,0.0,0.0,2.0,1.0,0.0,2.0,0.0,1,1.0,1.0,0.0,1.0,0.0,0.0,0.0,0.0,0.0,0.0,0.0,0.0,0.0,0.0,0.0,0.0,0.0,0.0,0.0,0.0,1.0,0.0,1.0,bacterial-pustule
4.0,0.0,1.0,1.0,1.0,1.0,3.0,0.0,0.0,1.0,0.0,1,1.0,1.0,0.0,1.0,0.0,0.0,0.0,0.0,0.0,0.0,0.0,0.0,0.0,0.0,0.0,0.0,0.0,1.0,1.0,1.0,1.0,0.0,0.0,bacterial-pustule
5.0,1.0,1.0,1.0,0.0,2.0,0.0,0.0,1.0,2.0,0.0,1,1.0,1.0,0.0,1.0,0.0,0.0,0.0,0.0,0.0,0.0,0.0,0.0,0.0,0.0,0.0,0.0,0.0,0.0,0.0,0.0,0.0,0.0,1.0,bacterial-pustule
6.0,0.0,2.0,0.0,1.0,2.0,2.0,0.0,0.0,0.0,0.0,0,0.0,2.0,2.0,0.0,0.0,0.0,1.0,1.0,0.0,3.0,0.0,0.0,0.0,0.0,0.0,1.0,1.0,1.0,0.0,1.0,0.0,0.0,0.0,purple-seed-stain
6.0,0.0,2.0,0.0,0.0,2.0,2.0,0.0,1.0,1.0,0.0,1,2.0,0.0,0.0,0.0,0.0,0.0,1.0,0.0,0.0,3.0,0.0,0.0,0.0,0.0,0.0,1.0,1.0,1.0,0.0,1.0,0.0,0.0,0.0,purple-seed-stain
4.0,0.0,2.0,1.0,1.0,1.0,1.0,0.0,1.0,2.0,0.0,0,0.0,2.0,2.0,0.0,0.0,0.0,0.0,0.0,0.0,3.0,0.0,0.0,0.0,0.0,0.0,0.0,0.0,1.0,0.0,1.0,0.0,0.0,0.0,purple-seed-stain
4.0,0.0,2.0,1.0,1.0,0.0,0.0,0.0,0.0,1.0,0.0,1,2.0,0.0,0.0,0.0,0.0,0.0,0.0,1.0,0.0,3.0,0.0,0.0,0.0,0.0,0.0,0.0,0.0,1.0,0.0,1.0,0.0,0.0,0.0,purple-seed-stain
4.0,0.0,2.0,0.0,0.0,0.0,0.0,0.0,0.0,2.0,0.0,1,2.0,0.0,0.0,0.0,0.0,0.0,0.0,0.0,0.0,3.0,0.0,0.0,0.0,0.0,0.0,0.0,0.0,1.0,0.0,1.0,0.0,0.0,0.0,purple-seed-stain
6.0,0.0,2.0,2.0,0.0,2.0,2.0,0.0,0.0,1.0,0.0,1,2.0,0.0,0.0,0.0,0.0,0.0,1.0,0.0,0.0,3.0,0.0,0.0,0.0,0.0,0.0,1.0,1.0,1.0,0.0,1.0,0.0,0.0,0.0,purple-seed-stain
3.0,0.0,2.0,0.0,1.0,0.0,0.0,0.0,0.0,1.0,0.0,0,0.0,2.0,2.0,0.0,0.0,0.0,0.0,1.0,0.0,3.0,0.0,0.0,0.0,0.0,0.0,0.0,0.0,1.0,0.0,1.0,0.0,0.0,0.0,purple-seed-stain
3.0,0.0,2.0,1.0,1.0,3.0,3.0,0.0,1.0,1.0,0.0,0,0.0,2.0,2.0,0.0,0.0,0.0,0.0,0.0,0.0,3.0,0.0,0.0,0.0,0.0,0.0,0.0,0.0,1.0,0.0,1.0,0.0,0.0,0.0,purple-seed-stain
5.0,0.0,2.0,1.0,0.0,1.0,1.0,0.0,0.0,0.0,0.0,1,2.0,0.0,0.0,0.0,0.0,0.0,1.0,0.0,0.0,3.0,0.0,0.0,0.0,0.0,0.0,1.0,1.0,1.0,0.0,1.0,0.0,0.0,0.0,purple-seed-stain
4.0,0.0,2.0,1.0,0.0,0.0,0.0,0.0,1.0,1.0,0.0,0,0.0,2.0,2.0,0.0,0.0,0.0,1.0,0.0,0.0,3.0,0.0,0.0,0.0,0.0,0.0,0.0,0.0,1.0,0.0,1.0,0.0,0.0,0.0,purple-seed-stain
5.0,1.0,2.0,1.0,0.0,3.0,3.0,1.0,1.0,0.0,0.0,0,0.0,2.0,2.0,0.0,0.0,0.0,1.0,0.0,3.0,2.0,0.0,0.0,0.0,0.0,0.0,1.0,2.0,0.0,0.0,0.0,0.0,0.0,0.0,anthracnose
5.0,1.0,2.0,2.0,1.0,2.0,2.0,0.0,1.0,2.0,0.0,1,0.0,2.0,2.0,0.0,0.0,0.0,1.0,0.0,3.0,1.0,1.0,1.0,0.0,0.0,0.0,1.0,2.0,1.0,1.0,1.0,0.0,1.0,0.0,anthracnose
6.0,0.0,2.0,1.0,0.0,1.0,1.0,1.0,1.0,1.0,0.0,0,0.0,2.0,2.0,0.0,0.0,0.0,1.0,0.0,3.0,2.0,1.0,0.0,0.0,0.0,0.0,1.0,2.0,1.0,1.0,0.0,1.0,1.0,0.0,anthracnose
2.0,1.0,2.0,2.0,1.0,0.0,0.0,1.0,0.0,0.0,1.0,1,0.0,2.0,2.0,0.0,0.0,0.0,1.0,0.0,2.0,1.0,0.0,1.0,0.0,0.0,0.0,0.0,0.0,0.0,0.0,0.0,0.0,0.0,0.0,anthracnose
3.0,0.0,2.0,1.0,0.0,3.0,3.0,1.0,0.0,0.0,1.0,1,0.0,2.0,2.0,0.0,0.0,0.0,1.0,0.0,3.0,2.0,1.0,1.0,0.0,0.0,0.0,1.0,2.0,1.0,1.0,1.0,0.0,0.0,0.0,anthracnose
4.0,1.0,2.0,2.0,1.0,2.0,2.0,1.0,0.0,1.0,1.0,1,0.0,2.0,2.0,0.0,0.0,0.0,1.0,0.0,3.0,1.0,1.0,1.0,0.0,0.0,0.0,1.0,2.0,0.0,0.0,0.0,0.0,0.0,0.0,anthracnose
6.0,0.0,2.0,1.0,0.0,2.0,2.0,1.0,0.0,1.0,0.0,0,0.0,2.0,2.0,0.0,0.0,0.0,1.0,0.0,3.0,2.0,1.0,0.0,0.0,0.0,0.0,1.0,2.0,1.0,1.0,0.0,1.0,1.0,0.0,anthracnose
1.0,0.0,2.0,1.0,0.0,1.0,1.0,1.0,1.0,1.0,1.0,1,0.0,2.0,2.0,0.0,0.0,0.0,1.0,0.0,2.0,2.0,0.0,1.0,0.0,0.0,0.0,0.0,0.0,1.0,0.0,1.0,0.0,0.0,0.0,anthracnose
6.0,1.0,2.0,1.0,0.0,2.0,2.0,1.0,1.0,1.0,0.0,0,0.0,2.0,2.0,0.0,0.0,0.0,1.0,0.0,3.0,2.0,1.0,0.0,0.0,0.0,0.0,1.0,2.0,1.0,1.0,0.0,1.0,1.0,0.0,anthracnose
5.0,0.0,2.0,1.0,0.0,1.0,1.0,1.0,2.0,2.0,1.0,1,0.0,2.0,2.0,0.0,0.0,0.0,1.0,0.0,3.0,2.0,1.0,1.0,0.0,0.0,0.0,1.0,2.0,1.0,1.0,1.0,0.0,0.0,0.0,anthracnose
5.0,1.0,2.0,2.0,1.0,3.0,3.0,0.0,1.0,2.0,1.0,1,0.0,2.0,2.0,0.0,0.0,0.0,1.0,1.0,3.0,2.0,1.0,1.0,0.0,0.0,0.0,1.0,2.0,0.0,0.0,0.0,0.0,0.0,0.0,anthracnose
0.0,0.0,2.0,1.0,0.0,3.0,3.0,1.0,1.0,2.0,1.0,1,0.0,2.0,2.0,0.0,0.0,0.0,1.0,0.0,2.0,2.0,0.0,1.0,0.0,0.0,0.0,0.0,0.0,1.0,1.0,0.0,1.0,0.0,0.0,anthracnose
6.0,0.0,2.0,1.0,0.0,2.0,2.0,0.0,0.0,0.0,1.0,1,0.0,2.0,2.0,0.0,0.0,0.0,1.0,0.0,3.0,1.0,1.0,1.0,0.0,0.0,0.0,1.0,2.0,1.0,0.0,1.0,1.0,1.0,0.0,anthracnose
5.0,1.0,2.0,1.0,0.0,1.0,1.0,1.0,0.0,1.0,0.0,0,0.0,2.0,2.0,0.0,0.0,0.0,1.0,0.0,3.0,2.0,0.0,0.0,0.0,0.0,0.0,1.0,2.0,1.0,1.0,0.0,1.0,1.0,0.0,anthracnose
5.0,0.0,2.0,1.0,0.0,2.0,2.0,1.0,0.0,2.0,0.0,0,0.0,2.0,2.0,0.0,0.0,0.0,1.0,0.0,3.0,2.0,1.0,0.0,0.0,0.0,0.0,1.0,2.0,0.0,0.0,0.0,0.0,0.0,0.0,anthracnose
6.0,1.0,2.0,2.0,1.0,0.0,0.0,1.0,0.0,1.0,0.0,1,0.0,2.0,2.0,0.0,0.0,0.0,1.0,0.0,3.0,1.0,1.0,1.0,0.0,0.0,0.0,1.0,2.0,0.0,0.0,0.0,0.0,0.0,0.0,anthracnose
5.0,0.0,2.0,1.0,0.0,1.0,1.0,1.0,0.0,0.0,0.0,0,0.0,2.0,2.0,0.0,0.0,0.0,1.0,0.0,3.0,2.0,1.0,0.0,0.0,0.0,0.0,1.0,2.0,1.0,1.0,0.0,1.0,1.0,0.0,anthracnose
6.0,1.0,2.0,2.0,1.0,3.0,3.0,0.0,2.0,1.0,0.0,1,0.0,2.0,2.0,0.0,0.0,0.0,1.0,1.0,3.0,2.0,1.0,1.0,0.0,0.0,0.0,1.0,2.0,0.0,0.0,0.0,0.0,0.0,0.0,anthracnose
5.0,1.0,2.0,1.0,0.0,3.0,3.0,1.0,0.0,1.0,0.0,0,0.0,2.0,2.0,0.0,0.0,0.0,1.0,0.0,3.0,2.0,0.0,0.0,0.0,0.0,0.0,1.0,2.0,1.0,1.0,0.0,1.0,1.0,0.0,anthracnose
5.0,1.0,2.0,1.0,0.0,2.0,2.0,1.0,1.0,1.0,0.0,0,0.0,2.0,2.0,0.0,0.0,0.0,1.0,0.0,3.0,2.0,0.0,0.0,0.0,0.0,0.0,1.0,2.0,1.0,1.0,0.0,1.0,1.0,0.0,anthracnose
3.0,1.0,1.0,1.0,0.0,0.0,2.0,0.0,0.0,2.0,0.0,1,2.0,0.0,1.0,0.0,0.0,0.0,0.0,0.0,0.0,0.0,0.0,0.0,0.0,0.0,0.0,0.0,0.0,0.0,0.0,0.0,0.0,0.0,0.0,phyllosticta-leaf-spot
3.0,0.0,0.0,1.0,1.0,0.0,2.0,0.0,0.0,1.0,0.0,1,2.0,0.0,1.0,0.0,1.0,0.0,0.0,0.0,0.0,0.0,0.0,0.0,0.0,0.0,0.0,0.0,0.0,0.0,0.0,0.0,0.0,0.0,0.0,phyllosticta-leaf-spot
3.0,1.0,1.0,1.0,0.0,0.0,0.0,0.0,0.0,0.0,0.0,1,2.0,0.0,1.0,0.0,0.0,0.0,0.0,0.0,0.0,0.0,0.0,0.0,0.0,0.0,0.0,0.0,0.0,0.0,0.0,0.0,0.0,0.0,0.0,phyllosticta-leaf-spot
3.0,0.0,0.0,1.0,1.0,2.0,0.0,0.0,0.0,0.0,0.0,1,2.0,0.0,1.0,0.0,0.0,0.0,0.0,0.0,0.0,0.0,0.0,0.0,0.0,0.0,0.0,0.0,0.0,0.0,0.0,0.0,0.0,0.0,0.0,phyllosticta-leaf-spot
3.0,1.0,1.0,2.0,0.0,3.0,2.0,0.0,1.0,1.0,0.0,1,2.0,0.0,1.0,1.0,1.0,0.0,0.0,0.0,0.0,0.0,0.0,0.0,0.0,0.0,0.0,0.0,0.0,0.0,0.0,0.0,0.0,0.0,0.0,phyllosticta-leaf-spot
2.0,0.0,0.0,1.0,1.0,0.0,3.0,0.0,2.0,2.0,0.0,1,2.0,0.0,1.0,0.0,0.0,0.0,0.0,0.0,0.0,0.0,0.0,0.0,0.0,0.0,0.0,0.0,0.0,0.0,0.0,0.0,0.0,0.0,0.0,phyllosticta-leaf-spot
1.0,0.0,0.0,2.0,1.0,3.0,2.0,1.0,1.0,1.0,0.0,1,2.0,0.0,1.0,1.0,1.0,0.0,0.0,0.0,0.0,0.0,0.0,0.0,0.0,0.0,0.0,0.0,0.0,0.0,0.0,0.0,0.0,0.0,0.0,phyllosticta-leaf-spot
2.0,1.0,1.0,1.0,0.0,2.0,2.0,1.0,1.0,1.0,0.0,1,2.0,0.0,1.0,0.0,1.0,0.0,0.0,0.0,0.0,0.0,0.0,0.0,0.0,0.0,0.0,0.0,0.0,0.0,0.0,0.0,0.0,0.0,0.0,phyllosticta-leaf-spot
2.0,0.0,0.0,2.0,1.0,3.0,0.0,1.0,1.0,0.0,1.0,1,2.0,0.0,1.0,1.0,0.0,0.0,0.0,0.0,0.0,0.0,0.0,0.0,0.0,0.0,0.0,0.0,0.0,0.0,0.0,0.0,0.0,0.0,0.0,phyllosticta-leaf-spot
2.0,1.0,1.0,2.0,0.0,3.0,3.0,0.0,2.0,2.0,0.0,1,2.0,0.0,1.0,1.0,0.0,0.0,0.0,0.0,0.0,0.0,0.0,0.0,0.0,0.0,0.0,0.0,0.0,0.0,0.0,0.0,0.0,0.0,0.0,phyllosticta-leaf-spot
4.0,1.0,2.0,1.0,0.0,1.0,1.0,1.0,1.0,2.0,0.0,1,2.0,0.0,1.0,0.0,0.0,0.0,0.0,0.0,0.0,0.0,0.0,0.0,0.0,0.0,0.0,0.0,0.0,0.0,0.0,0.0,0.0,0.0,0.0,alternarialeaf-spot
4.0,0.0,1.0,1.0,0.0,3.0,3.0,1.0,0.0,1.0,0.0,1,2.0,0.0,1.0,0.0,0.0,0.0,0.0,0.0,0.0,0.0,0.0,0.0,0.0,0.0,0.0,0.0,0.0,0.0,0.0,0.0,0.0,0.0,0.0,alternarialeaf-spot
3.0,0.0,2.0,1.0,0.0,0.0,0.0,1.0,0.0,1.0,0.0,1,2.0,0.0,1.0,0.0,0.0,0.0,0.0,0.0,0.0,0.0,0.0,0.0,0.0,0.0,0.0,0.0,0.0,0.0,0.0,0.0,0.0,0.0,0.0,alternarialeaf-spot
6.0,0.0,2.0,2.0,0.0,3.0,3.0,0.0,1.0,1.0,0.0,1,2.0,0.0,1.0,0.0,0.0,0.0,0.0,0.0,0.0,0.0,0.0,0.0,0.0,0.0,0.0,0.0,0.0,0.0,0.0,0.0,0.0,0.0,0.0,alternarialeaf-spot
6.0,0.0,1.0,1.0,1.0,2.0,2.0,0.0,2.0,2.0,0.0,1,2.0,0.0,1.0,0.0,0.0,0.0,0.0,0.0,0.0,0.0,0.0,0.0,0.0,0.0,0.0,0.0,0.0,1.0,0.0,1.0,0.0,0.0,0.0,alternarialeaf-spot
5.0,0.0,2.0,2.0,0.0,3.0,3.0,1.0,0.0,1.0,0.0,1,2.0,0.0,1.0,0.0,0.0,0.0,0.0,0.0,0.0,0.0,0.0,0.0,0.0,0.0,0.0,0.0,0.0,0.0,0.0,0.0,0.0,0.0,0.0,alternarialeaf-spot
6.0,0.0,1.0,1.0,0.0,3.0,3.0,0.0,1.0,1.0,0.0,1,2.0,0.0,1.0,0.0,0.0,0.0,0.0,0.0,0.0,0.0,0.0,0.0,0.0,0.0,0.0,0.0,0.0,0.0,0.0,0.0,0.0,0.0,0.0,alternarialeaf-spot
5.0,1.0,2.0,2.0,0.0,3.0,1.0,0.0,0.0,2.0,0.0,1,2.0,0.0,1.0,0.0,0.0,0.0,0.0,0.0,0.0,0.0,0.0,0.0,0.0,0.0,0.0,0.0,0.0,0.0,0.0,0.0,0.0,0.0,0.0,alternarialeaf-spot
6.0,0.0,2.0,2.0,0.0,3.0,3.0,0.0,1.0,1.0,0.0,1,2.0,0.0,1.0,0.0,0.0,0.0,0.0,0.0,0.0,0.0,0.0,0.0,0.0,0.0,0.0,0.0,0.0,0.0,0.0,0.0,0.0,0.0,0.0,alternarialeaf-spot
6.0,0.0,2.0,2.0,0.0,3.0,2.0,1.0,1.0,0.0,0.0,1,2.0,0.0,1.0,0.0,0.0,0.0,0.0,0.0,0.0,0.0,0.0,0.0,0.0,0.0,0.0,0.0,0.0,0.0,0.0,0.0,0.0,0.0,0.0,alternarialeaf-spot
5.0,0.0,2.0,2.0,0.0,2.0,3.0,0.0,0.0,1.0,0.0,1,2.0,0.0,1.0,0.0,0.0,0.0,0.0,0.0,0.0,0.0,0.0,0.0,0.0,0.0,0.0,0.0,0.0,0.0,0.0,0.0,0.0,0.0,0.0,alternarialeaf-spot
4.0,1.0,2.0,1.0,0.0,3.0,0.0,1.0,1.0,2.0,0.0,1,2.0,0.0,1.0,0.0,0.0,0.0,0.0,0.0,0.0,0.0,0.0,0.0,0.0,0.0,0.0,0.0,0.0,0.0,0.0,0.0,0.0,0.0,0.0,alternarialeaf-spot
6.0,0.0,2.0,1.0,0.0,1.0,1.0,0.0,1.0,0.0,0.0,1,2.0,0.0,1.0,1.0,0.0,0.0,0.0,0.0,0.0,0.0,0.0,0.0,0.0,0.0,0.0,0.0,0.0,0.0,0.0,0.0,0.0,0.0,0.0,alternarialeaf-spot
5.0,0.0,2.0,2.0,0.0,2.0,2.0,1.0,0.0,0.0,0.0,1,2.0,0.0,1.0,0.0,0.0,0.0,0.0,0.0,0.0,0.0,0.0,0.0,0.0,0.0,0.0,0.0,0.0,0.0,0.0,0.0,0.0,0.0,0.0,alternarialeaf-spot
5.0,1.0,2.0,1.0,0.0,0.0,0.0,0.0,0.0,2.0,0.0,1,2.0,0.0,1.0,0.0,0.0,0.0,0.0,0.0,0.0,0.0,0.0,0.0,0.0,0.0,0.0,0.0,0.0,0.0,0.0,0.0,0.0,0.0,0.0,alternarialeaf-spot
4.0,0.0,2.0,1.0,0.0,2.0,2.0,0.0,0.0,1.0,0.0,1,2.0,0.0,1.0,0.0,0.0,0.0,0.0,0.0,0.0,0.0,0.0,0.0,0.0,0.0,0.0,0.0,0.0,0.0,0.0,0.0,0.0,0.0,0.0,alternarialeaf-spot
4.0,0.0,2.0,1.0,0.0,1.0,1.0,1.0,1.0,1.0,0.0,1,2.0,0.0,1.0,1.0,0.0,0.0,0.0,0.0,0.0,0.0,0.0,0.0,0.0,0.0,0.0,0.0,0.0,0.0,0.0,0.0,0.0,0.0,0.0,alternarialeaf-spot
5.0,0.0,2.0,1.0,0.0,2.0,1.0,0.0,0.0,0.0,0.0,1,2.0,0.0,1.0,0.0,0.0,0.0,0.0,0.0,0.0,0.0,0.0,0.0,0.0,0.0,0.0,0.0,0.0,0.0,0.0,0.0,0.0,0.0,0.0,alternarialeaf-spot
6.0,0.0,2.0,2.0,0.0,3.0,2.0,0.0,1.0,0.0,0.0,1,2.0,0.0,1.0,0.0,0.0,0.0,0.0,0.0,0.0,0.0,0.0,0.0,0.0,0.0,0.0,0.0,0.0,0.0,0.0,0.0,0.0,0.0,0.0,alternarialeaf-spot
6.0,1.0,2.0,2.0,0.0,1.0,1.0,0.0,1.0,2.0,0.0,1,2.0,0.0,1.0,0.0,0.0,0.0,0.0,0.0,0.0,0.0,0.0,0.0,0.0,0.0,0.0,0.0,0.0,0.0,0.0,0.0,0.0,0.0,0.0,alternarialeaf-spot
5.0,1.0,2.0,2.0,0.0,3.0,1.0,1.0,0.0,2.0,0.0,1,2.0,0.0,1.0,0.0,0.0,0.0,0.0,0.0,0.0,0.0,0.0,0.0,0.0,0.0,0.0,0.0,0.0,0.0,0.0,0.0,0.0,0.0,0.0,alternarialeaf-spot
5.0,1.0,2.0,2.0,0.0,3.0,3.0,1.0,1.0,1.0,0.0,1,2.0,0.0,1.0,0.0,0.0,0.0,0.0,0.0,0.0,0.0,0.0,0.0,0.0,0.0,0.0,0.0,0.0,0.0,0.0,0.0,0.0,0.0,0.0,alternarialeaf-spot
4.0,1.0,2.0,1.0,0.0,2.0,1.0,0.0,0.0,2.0,0.0,1,2.0,0.0,1.0,1.0,0.0,0.0,0.0,0.0,0.0,0.0,0.0,0.0,0.0,0.0,0.0,0.0,0.0,0.0,0.0,0.0,0.0,0.0,0.0,alternarialeaf-spot
6.0,1.0,1.0,2.0,0.0,2.0,2.0,0.0,2.0,0.0,0.0,1,2.0,0.0,1.0,0.0,0.0,0.0,0.0,0.0,0.0,0.0,0.0,0.0,0.0,0.0,0.0,0.0,0.0,1.0,0.0,1.0,0.0,0.0,0.0,alternarialeaf-spot
4.0,1.0,2.0,1.0,0.0,1.0,2.0,1.0,1.0,2.0,0.0,1,2.0,0.0,1.0,0.0,0.0,0.0,0.0,0.0,0.0,0.0,0.0,0.0,0.0,0.0,0.0,0.0,0.0,0.0,0.0,0.0,0.0,0.0,0.0,alternarialeaf-spot
6.0,1.0,2.0,2.0,0.0,2.0,1.0,0.0,1.0,2.0,0.0,1,2.0,0.0,1.0,0.0,0.0,0.0,0.0,0.0,0.0,0.0,0.0,0.0,0.0,0.0,0.0,0.0,0.0,0.0,0.0,0.0,0.0,0.0,0.0,alternarialeaf-spot
4.0,1.0,2.0,1.0,0.0,0.0,3.0,0.0,0.0,2.0,0.0,1,2.0,0.0,1.0,0.0,0.0,0.0,0.0,0.0,0.0,0.0,0.0,0.0,0.0,0.0,0.0,0.0,0.0,0.0,0.0,0.0,0.0,0.0,0.0,alternarialeaf-spot
4.0,0.0,2.0,2.0,0.0,3.0,3.0,1.0,0.0,0.0,0.0,1,2.0,0.0,1.0,0.0,0.0,0.0,0.0,0.0,0.0,0.0,0.0,0.0,0.0,0.0,0.0,0.0,0.0,0.0,0.0,0.0,0.0,0.0,0.0,alternarialeaf-spot
5.0,0.0,2.0,2.0,0.0,2.0,3.0,1.0,0.0,1.0,0.0,1,2.0,0.0,1.0,0.0,0.0,0.0,0.0,0.0,0.0,0.0,0.0,0.0,0.0,0.0,0.0,0.0,0.0,0.0,0.0,0.0,0.0,0.0,0.0,alternarialeaf-spot
3.0,0.0,2.0,1.0,0.0,0.0,0.0,1.0,0.0,0.0,0.0,1,2.0,0.0,1.0,0.0,0.0,0.0,0.0,0.0,0.0,0.0,0.0,0.0,0.0,0.0,0.0,0.0,0.0,0.0,0.0,0.0,0.0,0.0,0.0,alternarialeaf-spot
5.0,0.0,2.0,1.0,0.0,1.0,2.0,0.0,1.0,0.0,0.0,1,2.0,0.0,1.0,1.0,0.0,0.0,0.0,0.0,0.0,0.0,0.0,0.0,0.0,0.0,0.0,0.0,0.0,0.0,0.0,0.0,0.0,0.0,0.0,alternarialeaf-spot
5.0,0.0,2.0,2.0,0.0,1.0,1.0,0.0,1.0,1.0,0.0,1,2.0,0.0,1.0,0.0,0.0,0.0,0.0,0.0,0.0,0.0,0.0,0.0,0.0,0.0,0.0,0.0,0.0,0.0,0.0,0.0,0.0,0.0,0.0,alternarialeaf-spot
4.0,0.0,2.0,2.0,0.0,1.0,1.0,1.0,0.0,2.0,0.0,1,2.0,0.0,1.0,0.0,0.0,0.0,0.0,0.0,0.0,0.0,0.0,0.0,0.0,0.0,0.0,0.0,0.0,0.0,0.0,0.0,0.0,0.0,0.0,alternarialeaf-spot
5.0,1.0,2.0,1.0,0.0,3.0,3.0,0.0,1.0,2.0,0.0,1,2.0,0.0,1.0,1.0,0.0,0.0,0.0,0.0,0.0,0.0,0.0,0.0,0.0,0.0,0.0,0.0,0.0,0.0,0.0,0.0,0.0,0.0,0.0,alternarialeaf-spot
6.0,0.0,2.0,1.0,0.0,2.0,1.0,0.0,0.0,1.0,0.0,1,2.0,0.0,1.0,1.0,0.0,0.0,0.0,0.0,0.0,0.0,0.0,0.0,0.0,0.0,0.0,0.0,0.0,0.0,0.0,0.0,0.0,0.0,0.0,alternarialeaf-spot
5.0,0.0,2.0,1.0,0.0,0.0,3.0,0.0,0.0,0.0,0.0,1,2.0,0.0,1.0,0.0,0.0,0.0,0.0,0.0,0.0,0.0,0.0,0.0,0.0,0.0,0.0,0.0,0.0,0.0,0.0,0.0,0.0,0.0,0.0,alternarialeaf-spot
6.0,0.0,2.0,1.0,0.0,0.0,3.0,0.0,0.0,1.0,0.0,1,2.0,0.0,1.0,0.0,0.0,0.0,0.0,0.0,0.0,0.0,0.0,0.0,0.0,0.0,0.0,0.0,0.0,0.0,0.0,0.0,0.0,0.0,0.0,alternarialeaf-spot
5.0,1.0,2.0,2.0,0.0,2.0,1.0,1.0,0.0,2.0,0.0,1,2.0,0.0,1.0,0.0,0.0,0.0,0.0,0.0,0.0,0.0,0.0,0.0,0.0,0.0,0.0,0.0,0.0,0.0,0.0,0.0,0.0,0.0,0.0,alternarialeaf-spot
5.0,0.0,2.0,1.0,0.0,3.0,0.0,0.0,1.0,0.0,0.0,1,2.0,0.0,1.0,1.0,0.0,0.0,0.0,0.0,0.0,0.0,0.0,0.0,0.0,0.0,0.0,0.0,0.0,0.0,0.0,0.0,0.0,0.0,0.0,alternarialeaf-spot
6.0,0.0,2.0,1.0,0.0,1.0,2.0,0.0,1.0,1.0,0.0,1,2.0,0.0,1.0,1.0,0.0,0.0,0.0,0.0,0.0,0.0,0.0,0.0,0.0,0.0,0.0,0.0,0.0,0.0,0.0,0.0,0.0,0.0,0.0,alternarialeaf-spot
6.0,0.0,1.0,2.0,0.0,3.0,3.0,0.0,0.0,0.0,0.0,1,2.0,0.0,1.0,0.0,0.0,0.0,1.0,0.0,3.0,2.0,1.0,1.0,0.0,0.0,0.0,1.0,2.0,1.0,0.0,0.0,0.0,0.0,0.0,frog-eye-leaf-spot
4.0,0.0,1.0,2.0,0.0,1.0,1.0,0.0,1.0,1.0,0.0,1,2.0,0.0,1.0,0.0,0.0,0.0,0.0,0.0,0.0,0.0,0.0,0.0,0.0,0.0,0.0,0.0,0.0,0.0,0.0,0.0,0.0,0.0,0.0,frog-eye-leaf-spot
5.0,0.0,1.0,1.0,0.0,2.0,1.0,0.0,0.0,0.0,0.0,1,2.0,0.0,1.0,0.0,0.0,0.0,1.0,0.0,3.0,1.0,0.0,1.0,0.0,0.0,0.0,0.0,0.0,0.0,0.0,0.0,0.0,0.0,0.0,frog-eye-leaf-spot
5.0,1.0,2.0,1.0,0.0,3.0,2.0,0.0,0.0,2.0,0.0,1,2.0,0.0,1.0,0.0,0.0,0.0,0.0,0.0,0.0,0.0,0.0,0.0,0.0,0.0,0.0,0.0,0.0,0.0,0.0,0.0,0.0,0.0,0.0,frog-eye-leaf-spot
6.0,1.0,2.0,2.0,0.0,3.0,3.0,0.0,1.0,2.0,0.0,1,2.0,0.0,1.0,0.0,0.0,0.0,1.0,0.0,3.0,2.0,0.0,1.0,0.0,0.0,0.0,1.0,1.0,0.0,0.0,0.0,0.0,0.0,0.0,frog-eye-leaf-spot
4.0,0.0,1.0,1.0,0.0,3.0,3.0,1.0,1.0,0.0,0.0,1,2.0,0.0,1.0,0.0,0.0,0.0,0.0,0.0,0.0,0.0,0.0,0.0,0.0,0.0,0.0,0.0,0.0,0.0,0.0,0.0,0.0,0.0,0.0,frog-eye-leaf-spot
3.0,0.0,2.0,1.0,0.0,2.0,3.0,0.0,1.0,1.0,0.0,1,2.0,0.0,1.0,0.0,0.0,0.0,1.0,0.0,3.0,2.0,0.0,1.0,0.0,0.0,0.0,1.0,1.0,0.0,0.0,0.0,0.0,0.0,0.0,frog-eye-leaf-spot
5.0,0.0,2.0,2.0,0.0,2.0,2.0,0.0,0.0,1.0,0.0,1,2.0,0.0,1.0,0.0,0.0,0.0,1.0,0.0,3.0,2.0,0.0,1.0,0.0,0.0,0.0,1.0,1.0,0.0,0.0,0.0,0.0,0.0,0.0,frog-eye-leaf-spot
5.0,0.0,2.0,1.0,0.0,1.0,1.0,1.0,1.0,0.0,0.0,1,2.0,0.0,1.0,0.0,0.0,0.0,0.0,0.0,0.0,0.0,0.0,0.0,0.0,0.0,0.0,0.0,0.0,0.0,0.0,0.0,0.0,0.0,0.0,frog-eye-leaf-spot
5.0,0.0,2.0,2.0,0.0,2.0,3.0,0.0,1.0,1.0,0.0,1,2.0,0.0,1.0,0.0,0.0,0.0,1.0,0.0,3.0,2.0,0.0,1.0,0.0,0.0,0.0,1.0,1.0,0.0,0.0,0.0,0.0,0.0,0.0,frog-eye-leaf-spot
5.0,0.0,2.0,1.0,0.0,0.0,1.0,0.0,1.0,1.0,0.0,1,2.0,0.0,1.0,0.0,0.0,0.0,1.0,0.0,3.0,2.0,0.0,1.0,0.0,0.0,0.0,1.0,1.0,0.0,0.0,0.0,0.0,0.0,0.0,frog-eye-leaf-spot
4.0,0.0,2.0,1.0,0.0,2.0,3.0,0.0,1.0,0.0,0.0,1,2.0,0.0,1.0,0.0,0.0,0.0,0.0,0.0,0.0,0.0,0.0,0.0,0.0,0.0,0.0,0.0,0.0,0.0,0.0,0.0,0.0,0.0,0.0,frog-eye-leaf-spot
4.0,0.0,2.0,2.0,0.0,1.0,1.0,1.0,1.0,0.0,0.0,1,2.0,0.0,1.0,0.0,0.0,0.0,1.0,0.0,3.0,2.0,0.0,1.0,0.0,0.0,0.0,1.0,1.0,0.0,0.0,0.0,0.0,0.0,0.0,frog-eye-leaf-spot
4.0,0.0,2.0,1.0,0.0,2.0,1.0,1.0,1.0,1.0,0.0,1,2.0,0.0,1.0,0.0,0.0,0.0,1.0,0.0,3.0,1.0,0.0,1.0,0.0,0.0,0.0,1.0,1.0,0.0,0.0,0.0,0.0,0.0,0.0,frog-eye-leaf-spot
3.0,1.0,2.0,1.0,0.0,3.0,2.0,1.0,0.0,2.0,0.0,1,2.0,0.0,1.0,0.0,0.0,0.0,1.0,0.0,3.0,2.0,0.0,1.0,0.0,0.0,0.0,1.0,1.0,0.0,0.0,0.0,0.0,0.0,0.0,frog-eye-leaf-spot
5.0,0.0,2.0,1.0,0.0,3.0,0.0,1.0,0.0,1.0,0.0,1,2.0,0.0,1.0,0.0,0.0,0.0,1.0,0.0,3.0,1.0,0.0,1.0,0.0,0.0,0.0,1.0,1.0,0.0,0.0,0.0,0.0,0.0,0.0,frog-eye-leaf-spot
5.0,0.0,2.0,2.0,0.0,1.0,1.0,0.0,1.0,0.0,0.0,1,2.0,0.0,1.0,0.0,0.0,0.0,1.0,0.0,3.0,2.0,0.0,1.0,0.0,0.0,0.0,1.0,1.0,0.0,0.0,0.0,0.0,0.0,0.0,frog-eye-leaf-spot
4.0,0.0,2.0,2.0,0.0,1.0,2.0,1.0,0.0,0.0,0.0,1,2.0,0.0,1.0,0.0,0.0,0.0,1.0,0.0,3.0,2.0,0.0,1.0,0.0,0.0,0.0,1.0,1.0,0.0,0.0,0.0,0.0,0.0,0.0,frog-eye-leaf-spot
5.0,0.0,2.0,2.0,0.0,2.0,1.0,0.0,1.0,1.0,0.0,1,2.0,0.0,1.0,0.0,0.0,0.0,1.0,0.0,3.0,2.0,0.0,1.0,0.0,0.0,0.0,1.0,1.0,0.0,0.0,0.0,0.0,0.0,0.0,frog-eye-leaf-spot
5.0,0.0,2.0,1.0,0.0,3.0,0.0,1.0,0.0,0.0,0.0,1,2.0,0.0,1.0,0.0,0.0,0.0,1.0,0.0,3.0,1.0,0.0,1.0,0.0,0.0,0.0,1.0,1.0,0.0,0.0,0.0,0.0,0.0,0.0,frog-eye-leaf-spot
3.0,0.0,2.0,1.0,0.0,1.0,2.0,1.0,0.0,1.0,0.0,1,2.0,0.0,1.0,0.0,0.0,0.0,0.0,0.0,0.0,0.0,0.0,0.0,0.0,0.0,0.0,0.0,0.0,0.0,0.0,0.0,0.0,0.0,0.0,frog-eye-leaf-spot
6.0,0.0,1.0,2.0,0.0,3.0,3.0,0.0,1.0,0.0,0.0,1,2.0,0.0,1.0,0.0,0.0,0.0,1.0,0.0,3.0,2.0,1.0,0.0,0.0,0.0,0.0,1.0,2.0,1.0,0.0,1.0,1.0,1.0,0.0,frog-eye-leaf-spot
5.0,0.0,1.0,1.0,0.0,1.0,3.0,1.0,2.0,0.0,0.0,1,2.0,0.0,1.0,0.0,0.0,0.0,1.0,0.0,3.0,0.0,1.0,0.0,0.0,0.0,0.0,1.0,1.0,0.0,0.0,0.0,0.0,0.0,0.0,frog-eye-leaf-spot
5.0,0.0,2.0,1.0,0.0,3.0,2.0,1.0,0.0,0.0,0.0,1,2.0,0.0,1.0,0.0,0.0,0.0,1.0,0.0,3.0,1.0,0.0,1.0,0.0,0.0,0.0,1.0,1.0,0.0,0.0,0.0,0.0,0.0,0.0,frog-eye-leaf-spot
5.0,1.0,2.0,1.0,0.0,3.0,3.0,0.0,1.0,2.0,0.0,1,2.0,0.0,1.0,0.0,0.0,0.0,0.0,0.0,0.0,0.0,0.0,0.0,0.0,0.0,0.0,0.0,0.0,0.0,0.0,0.0,0.0,0.0,0.0,frog-eye-leaf-spot
3.0,1.0,2.0,1.0,0.0,3.0,0.0,1.0,0.0,2.0,0.0,1,2.0,0.0,1.0,0.0,0.0,0.0,0.0,0.0,0.0,0.0,0.0,0.0,0.0,0.0,0.0,0.0,0.0,0.0,0.0,0.0,0.0,0.0,0.0,frog-eye-leaf-spot
6.0,1.0,2.0,2.0,0.0,3.0,1.0,0.0,1.0,2.0,0.0,1,2.0,0.0,1.0,0.0,0.0,0.0,1.0,0.0,3.0,2.0,0.0,1.0,0.0,0.0,0.0,1.0,1.0,0.0,0.0,0.0,0.0,0.0,0.0,frog-eye-leaf-spot
4.0,0.0,2.0,1.0,0.0,1.0,2.0,1.0,0.0,1.0,0.0,1,2.0,0.0,1.0,0.0,0.0,0.0,0.0,0.0,0.0,0.0,0.0,0.0,0.0,0.0,0.0,0.0,0.0,0.0,0.0,0.0,0.0,0.0,0.0,frog-eye-leaf-spot
4.0,0.0,2.0,2.0,0.0,1.0,0.0,1.0,0.0,0.0,0.0,1,2.0,0.0,1.0,0.0,0.0,0.0,1.0,0.0,3.0,2.0,0.0,1.0,0.0,0.0,0.0,1.0,1.0,0.0,0.0,0.0,0.0,0.0,0.0,frog-eye-leaf-spot
6.0,1.0,2.0,2.0,0.0,3.0,0.0,0.0,0.0,2.0,0.0,1,2.0,0.0,1.0,0.0,0.0,0.0,1.0,0.0,3.0,2.0,0.0,1.0,0.0,0.0,0.0,1.0,1.0,0.0,0.0,0.0,0.0,0.0,0.0,frog-eye-leaf-spot
5.0,1.0,2.0,2.0,0.0,3.0,3.0,0.0,1.0,2.0,0.0,1,2.0,0.0,1.0,0.0,0.0,0.0,1.0,0.0,3.0,2.0,0.0,1.0,0.0,0.0,0.0,1.0,1.0,0.0,0.0,0.0,0.0,0.0,0.0,frog-eye-leaf-spot
4.0,0.0,2.0,1.0,0.0,0.0,1.0,1.0,1.0,0.0,0.0,1,2.0,0.0,1.0,0.0,0.0,0.0,0.0,0.0,0.0,0.0,0.0,0.0,0.0,0.0,0.0,0.0,0.0,0.0,0.0,0.0,0.0,0.0,0.0,frog-eye-leaf-spot
4.0,0.0,2.0,1.0,0.0,2.0,3.0,1.0,1.0,1.0,0.0,1,2.0,0.0,1.0,0.0,0.0,0.0,1.0,0.0,3.0,1.0,0.0,1.0,0.0,0.0,0.0,1.0,1.0,0.0,0.0,0.0,0.0,0.0,0.0,frog-eye-leaf-spot
4.0,1.0,1.0,2.0,0.0,1.0,1.0,0.0,2.0,2.0,1.0,1,2.0,0.0,1.0,0.0,0.0,0.0,0.0,0.0,0.0,0.0,0.0,0.0,0.0,0.0,0.0,0.0,0.0,0.0,0.0,0.0,0.0,0.0,0.0,frog-eye-leaf-spot
4.0,0.0,2.0,1.0,0.0,2.0,0.0,0.0,0.0,1.0,0.0,1,2.0,0.0,1.0,0.0,0.0,0.0,0.0,0.0,0.0,0.0,0.0,0.0,0.0,0.0,0.0,0.0,0.0,0.0,0.0,0.0,0.0,0.0,0.0,frog-eye-leaf-spot
5.0,1.0,2.0,1.0,0.0,1.0,2.0,1.0,0.0,2.0,0.0,1,2.0,0.0,1.0,0.0,0.0,0.0,0.0,0.0,0.0,0.0,0.0,0.0,0.0,0.0,0.0,0.0,0.0,0.0,0.0,0.0,0.0,0.0,0.0,frog-eye-leaf-spot
4.0,0.0,2.0,2.0,0.0,1.0,3.0,1.0,1.0,0.0,0.0,1,2.0,0.0,1.0,0.0,0.0,0.0,1.0,0.0,3.0,2.0,0.0,1.0,0.0,0.0,0.0,1.0,1.0,0.0,0.0,0.0,0.0,0.0,0.0,frog-eye-leaf-spot
5.0,0.0,2.0,1.0,0.0,1.0,2.0,0.0,0.0,0.0,0.0,1,2.0,0.0,1.0,0.0,0.0,0.0,1.0,0.0,3.0,2.0,0.0,1.0,0.0,0.0,0.0,1.0,1.0,0.0,0.0,0.0,0.0,0.0,0.0,frog-eye-leaf-spot
5.0,0.0,2.0,2.0,0.0,2.0,0.0,0.0,0.0,1.0,0.0,1,2.0,0.0,1.0,0.0,0.0,0.0,1.0,0.0,3.0,2.0,0.0,1.0,0.0,0.0,0.0,1.0,1.0,0.0,0.0,0.0,0.0,0.0,0.0,frog-eye-leaf-spot
5.0,1.0,2.0,1.0,0.0,2.0,3.0,0.0,1.0,2.0,0.0,1,2.0,0.0,1.0,0.0,0.0,0.0,1.0,0.0,3.0,2.0,0.0,1.0,0.0,0.0,0.0,1.0,1.0,0.0,0.0,0.0,0.0,0.0,0.0,frog-eye-leaf-spot
5.0,0.0,2.0,2.0,,3.0,3.0,,,0.0,0.0,0,,,,,,,1.0,,0.0,0.0,1.0,0.0,0.0,0.0,0.0,1.0,2.0,0.0,1.0,1.0,1.0,1.0,,diaporthe-pod-&-stem-blight
6.0,0.0,2.0,2.0,,2.0,3.0,,,1.0,0.0,0,,,,,,,1.0,,0.0,0.0,1.0,0.0,0.0,0.0,0.0,1.0,2.0,1.0,1.0,1.0,1.0,1.0,,diaporthe-pod-&-stem-blight
5.0,0.0,2.0,2.0,,3.0,3.0,,,0.0,0.0,0,,,,,,,1.0,,0.0,0.0,1.0,0.0,0.0,0.0,0.0,1.0,2.0,1.0,1.0,1.0,1.0,1.0,,diaporthe-pod-&-stem-blight
1.0,1.0,1.0,2.0,,3.0,0.0,,,2.0,0.0,0,,,,,,,1.0,,0.0,0.0,1.0,0.0,0.0,0.0,0.0,1.0,2.0,0.0,1.0,1.0,1.0,1.0,,diaporthe-pod-&-stem-blight
5.0,,2.0,2.0,,2.0,3.0,,,,0.0,0,,,,,,,1.0,,0.0,0.0,1.0,0.0,0.0,0.0,0.0,1.0,2.0,1.0,1.0,1.0,1.0,1.0,,diaporthe-pod-&-stem-blight
5.0,0.0,2.0,2.0,,2.0,3.0,,,0.0,0.0,0,,,,,,,1.0,,0.0,0.0,1.0,0.0,0.0,0.0,0.0,1.0,2.0,1.0,1.0,1.0,1.0,1.0,,diaporthe-pod-&-stem-blight
2.0,,,,,2.0,1.0,,,,1.0,1,,,,,,,0.0,,,,,,,,,2.0,,1.0,0.0,,1.0,,2.0,cyst-nematode
3.0,,,,,3.0,2.0,,,,1.0,1,,,,,,,0.0,,,,,,,,,2.0,,1.0,0.0,,1.0,,2.0,cyst-nematode
4.0,,,,,3.0,2.0,,,,1.0,1,,,,,,,0.0,,,,,,,,,2.0,,1.0,0.0,,1.0,,2.0,cyst-nematode
3.0,,,,,2.0,1.0,,,,1.0,1,,,,,,,0.0,,,,,,,,,2.0,,1.0,0.0,,1.0,,2.0,cyst-nematode
3.0,,,,,2.0,1.0,,,,1.0,1,,,,,,,0.0,,,,,,,,,2.0,,1.0,0.0,,1.0,,2.0,cyst-nematode
4.0,,,,,2.0,1.0,,,,1.0,1,,,,,,,0.0,,,,,,,,,2.0,,1.0,0.0,,1.0,,2.0,cyst-nematode
,,,,,,,,,,,1,0.0,2.0,2.0,,1.0,,,,,,,,,,,,,,,,,,,2-4-d-injury
1.0,1.0,,0.0,,1.0,0.0,,,,1.0,1,2.0,1.0,1.0,0.0,1.0,,1.0,,,,,,,,,3.0,,,,,,,1.0,herbicide-injury
0.0,1.0,,0.0,,0.0,3.0,,,,1.0,1,0.0,2.0,2.0,0.0,1.0,,1.0,,,,,,,,,3.0,,,,,,,1.0,herbicide-injury
1.0,1.0,,0.0,,0.0,0.0,,,,1.0,1,0.0,2.0,2.0,0.0,1.0,,1.0,,,,,,,,,3.0,,,,,,,1.0,herbicide-injury
1.0,1.0,,0.0,,1.0,3.0,,,,1.0,1,2.0,1.0,1.0,0.0,1.0,,1.0,,,,,,,,,3.0,,,,,,,1.0,herbicide-injury
6.0,0.0,2.0,1.0,0.0,1.0,0.0,1.0,0.0,2.0,1.0,1,0.0,2.0,2.0,0.0,0.0,0.0,1.0,0.0,3.0,1.0,1.0,1.0,0.0,0.0,0.0,0.0,4.0,0.0,0.0,0.0,0.0,0.0,0.0,diaporthe-stem-canker
3.0,0.0,2.0,1.0,0.0,2.0,0.0,2.0,1.0,1.0,1.0,1,0.0,2.0,2.0,0.0,0.0,0.0,1.0,0.0,3.0,0.0,1.0,1.0,0.0,0.0,0.0,0.0,4.0,0.0,0.0,0.0,0.0,0.0,0.0,diaporthe-stem-canker
4.0,0.0,2.0,1.0,0.0,3.0,0.0,2.0,0.0,2.0,1.0,1,0.0,2.0,2.0,0.0,0.0,0.0,1.0,0.0,3.0,1.0,1.0,1.0,0.0,0.0,0.0,0.0,4.0,0.0,0.0,0.0,0.0,0.0,0.0,diaporthe-stem-canker
5.0,0.0,2.0,1.0,0.0,1.0,0.0,1.0,0.0,1.0,1.0,1,0.0,2.0,2.0,0.0,0.0,0.0,1.0,0.0,3.0,0.0,1.0,1.0,0.0,0.0,0.0,0.0,4.0,0.0,0.0,0.0,0.0,0.0,0.0,diaporthe-stem-canker
3.0,0.0,2.0,1.0,0.0,3.0,0.0,1.0,0.0,1.0,1.0,1,0.0,2.0,2.0,0.0,0.0,0.0,1.0,0.0,3.0,0.0,1.0,1.0,0.0,0.0,0.0,0.0,4.0,0.0,0.0,0.0,0.0,0.0,0.0,diaporthe-stem-canker
5.0,0.0,2.0,1.0,0.0,2.0,0.0,1.0,1.0,0.0,1.0,1,0.0,2.0,2.0,0.0,0.0,0.0,1.0,0.0,3.0,0.0,1.0,1.0,0.0,0.0,0.0,0.0,4.0,0.0,0.0,0.0,0.0,0.0,0.0,diaporthe-stem-canker
5.0,0.0,2.0,1.0,0.0,3.0,1.0,1.0,1.0,2.0,1.0,1,0.0,2.0,2.0,0.0,0.0,0.0,1.0,1.0,3.0,0.0,1.0,1.0,0.0,0.0,0.0,0.0,4.0,0.0,0.0,0.0,0.0,0.0,0.0,diaporthe-stem-canker
3.0,0.0,2.0,1.0,0.0,2.0,1.0,1.0,0.0,1.0,1.0,1,0.0,2.0,2.0,0.0,0.0,0.0,1.0,1.0,3.0,0.0,1.0,1.0,0.0,0.0,0.0,0.0,4.0,0.0,0.0,0.0,0.0,0.0,0.0,diaporthe-stem-canker
4.0,0.0,2.0,1.0,0.0,3.0,0.0,1.0,1.0,2.0,1.0,1,0.0,2.0,2.0,0.0,0.0,0.0,1.0,1.0,3.0,0.0,1.0,1.0,0.0,0.0,0.0,0.0,4.0,0.0,0.0,0.0,0.0,0.0,0.0,diaporthe-stem-canker
6.0,0.0,2.0,1.0,0.0,3.0,0.0,1.0,1.0,1.0,1.0,1,0.0,2.0,2.0,0.0,0.0,0.0,1.0,1.0,3.0,1.0,1.0,1.0,0.0,0.0,0.0,0.0,4.0,0.0,0.0,0.0,0.0,0.0,0.0,diaporthe-stem-canker
4.0,0.0,0.0,1.0,0.0,2.0,3.0,1.0,1.0,1.0,1.0,1,0.0,2.0,2.0,0.0,0.0,0.0,1.0,0.0,0.0,3.0,0.0,0.0,0.0,2.0,1.0,0.0,4.0,0.0,0.0,0.0,0.0,0.0,0.0,charcoal-rot
5.0,0.0,0.0,2.0,0.0,3.0,2.0,1.0,0.0,2.0,1.0,1,0.0,2.0,2.0,0.0,0.0,0.0,1.0,0.0,0.0,3.0,0.0,0.0,0.0,2.0,1.0,0.0,4.0,0.0,0.0,0.0,0.0,0.0,0.0,charcoal-rot
4.0,0.0,0.0,2.0,0.0,3.0,3.0,1.0,1.0,1.0,1.0,1,0.0,2.0,2.0,0.0,0.0,0.0,1.0,0.0,0.0,3.0,0.0,0.0,0.0,2.0,1.0,0.0,4.0,0.0,0.0,0.0,0.0,0.0,0.0,charcoal-rot
5.0,0.0,0.0,2.0,0.0,0.0,2.0,1.0,0.0,2.0,1.0,1,0.0,2.0,2.0,0.0,0.0,0.0,1.0,0.0,0.0,3.0,0.0,0.0,0.0,2.0,1.0,0.0,4.0,0.0,0.0,0.0,0.0,0.0,0.0,charcoal-rot
5.0,0.0,0.0,2.0,1.0,2.0,2.0,1.0,0.0,2.0,1.0,1,0.0,2.0,2.0,0.0,0.0,0.0,1.0,1.0,0.0,3.0,0.0,0.0,0.0,2.0,1.0,0.0,4.0,0.0,0.0,0.0,0.0,0.0,0.0,charcoal-rot
3.0,0.0,0.0,2.0,1.0,0.0,2.0,1.0,0.0,1.0,1.0,1,0.0,2.0,2.0,0.0,0.0,0.0,1.0,0.0,0.0,3.0,0.0,0.0,0.0,2.0,1.0,0.0,4.0,0.0,0.0,0.0,0.0,0.0,0.0,charcoal-rot
4.0,0.0,0.0,2.0,1.0,1.0,3.0,1.0,1.0,2.0,1.0,1,0.0,2.0,2.0,0.0,0.0,0.0,1.0,0.0,0.0,3.0,0.0,0.0,0.0,2.0,1.0,0.0,4.0,0.0,0.0,0.0,0.0,0.0,0.0,charcoal-rot
5.0,0.0,0.0,2.0,1.0,2.0,2.0,1.0,0.0,0.0,1.0,1,0.0,2.0,2.0,0.0,0.0,0.0,1.0,0.0,0.0,3.0,0.0,0.0,0.0,2.0,1.0,0.0,4.0,0.0,0.0,0.0,0.0,0.0,0.0,charcoal-rot
6.0,0.0,0.0,2.0,1.0,3.0,3.0,1.0,1.0,1.0,1.0,1,0.0,2.0,2.0,0.0,0.0,0.0,1.0,0.0,0.0,3.0,0.0,0.0,0.0,2.0,1.0,0.0,4.0,0.0,0.0,0.0,0.0,0.0,0.0,charcoal-rot
6.0,0.0,0.0,2.0,1.0,3.0,3.0,1.0,1.0,0.0,1.0,1,0.0,2.0,2.0,0.0,0.0,0.0,1.0,0.0,0.0,3.0,0.0,0.0,0.0,2.0,1.0,0.0,4.0,0.0,0.0,0.0,0.0,0.0,0.0,charcoal-rot
0.0,1.0,2.0,0.0,0.0,0.0,1.0,1.0,0.0,1.0,1.0,0,0.0,2.0,2.0,0.0,0.0,0.0,1.0,0.0,1.0,1.0,0.0,1.0,0.0,0.0,0.0,3.0,4.0,0.0,0.0,0.0,0.0,0.0,1.0,rhizoctonia-root-rot
0.0,1.0,2.0,0.0,0.0,3.0,1.0,2.0,0.0,2.0,1.0,0,0.0,2.0,2.0,0.0,0.0,0.0,1.0,0.0,1.0,1.0,0.0,1.0,0.0,0.0,0.0,3.0,4.0,0.0,0.0,0.0,0.0,0.0,0.0,rhizoctonia-root-rot
0.0,1.0,2.0,0.0,0.0,2.0,1.0,1.0,1.0,1.0,1.0,0,0.0,2.0,2.0,0.0,0.0,0.0,1.0,0.0,1.0,1.0,0.0,1.0,0.0,0.0,0.0,3.0,4.0,0.0,0.0,0.0,0.0,0.0,0.0,rhizoctonia-root-rot
2.0,1.0,2.0,0.0,0.0,0.0,1.0,1.0,0.0,1.0,1.0,0,0.0,2.0,2.0,0.0,0.0,0.0,1.0,0.0,1.0,1.0,0.0,1.0,0.0,0.0,0.0,3.0,4.0,0.0,0.0,0.0,0.0,0.0,0.0,rhizoctonia-root-rot
1.0,1.0,2.0,0.0,0.0,2.0,1.0,1.0,0.0,1.0,1.0,0,0.0,2.0,2.0,0.0,0.0,0.0,1.0,0.0,1.0,1.0,0.0,1.0,0.0,0.0,0.0,3.0,4.0,0.0,0.0,0.0,0.0,0.0,0.0,rhizoctonia-root-rot
2.0,1.0,2.0,0.0,0.0,3.0,1.0,2.0,0.0,1.0,1.0,0,0.0,2.0,2.0,0.0,0.0,0.0,1.0,0.0,1.0,1.0,0.0,1.0,0.0,0.0,0.0,3.0,4.0,0.0,0.0,0.0,0.0,0.0,0.0,rhizoctonia-root-rot
2.0,1.0,2.0,0.0,0.0,2.0,1.0,1.0,0.0,2.0,1.0,0,0.0,2.0,2.0,0.0,0.0,0.0,1.0,0.0,1.0,1.0,0.0,1.0,1.0,0.0,0.0,3.0,4.0,0.0,0.0,0.0,0.0,0.0,0.0,rhizoctonia-root-rot
4.0,0.0,2.0,0.0,1.0,0.0,1.0,2.0,0.0,2.0,1.0,1,0.0,2.0,2.0,0.0,0.0,0.0,1.0,1.0,1.0,1.0,0.0,1.0,1.0,0.0,0.0,3.0,4.0,0.0,0.0,0.0,0.0,0.0,0.0,rhizoctonia-root-rot
0.0,1.0,2.0,0.0,0.0,1.0,1.0,1.0,1.0,1.0,1.0,0,0.0,2.0,2.0,0.0,0.0,0.0,1.0,0.0,1.0,1.0,0.0,1.0,1.0,0.0,0.0,3.0,4.0,0.0,0.0,0.0,0.0,0.0,0.0,rhizoctonia-root-rot
2.0,1.0,2.0,0.0,0.0,3.0,1.0,2.0,0.0,2.0,1.0,0,0.0,2.0,2.0,0.0,0.0,0.0,1.0,0.0,1.0,1.0,0.0,1.0,1.0,0.0,0.0,3.0,4.0,0.0,0.0,0.0,0.0,0.0,0.0,rhizoctonia-root-rot
2.0,1.0,1.0,0.0,0.0,3.0,1.0,2.0,0.0,2.0,1.0,1,0.0,2.0,2.0,0.0,0.0,0.0,1.0,0.0,1.0,2.0,0.0,0.0,0.0,0.0,0.0,3.0,4.0,0.0,0.0,0.0,0.0,0.0,0.0,phytophthora-rot
1.0,1.0,2.0,0.0,0.0,3.0,1.0,1.0,1.0,2.0,1.0,1,0.0,2.0,2.0,0.0,0.0,0.0,1.0,0.0,2.0,2.0,0.0,0.0,0.0,0.0,0.0,3.0,4.0,0.0,0.0,0.0,0.0,0.0,0.0,phytophthora-rot
2.0,1.0,2.0,1.0,1.0,3.0,1.0,2.0,1.0,2.0,1.0,1,0.0,2.0,2.0,0.0,0.0,0.0,1.0,0.0,2.0,2.0,0.0,1.0,0.0,0.0,0.0,3.0,4.0,0.0,0.0,0.0,0.0,0.0,0.0,phytophthora-rot
1.0,1.0,2.0,1.0,1.0,2.0,3.0,1.0,1.0,1.0,1.0,1,0.0,2.0,2.0,0.0,0.0,0.0,1.0,0.0,2.0,2.0,0.0,1.0,0.0,0.0,0.0,3.0,4.0,0.0,0.0,0.0,0.0,0.0,0.0,phytophthora-rot
3.0,1.0,1.0,1.0,,2.0,1.0,,,,1.0,1,0.0,2.0,2.0,0.0,0.0,0.0,1.0,,3.0,2.0,,0.0,0.0,0.0,0.0,,,,,,,,1.0,phytophthora-rot
3.0,1.0,1.0,1.0,,3.0,1.0,,,,1.0,1,0.0,2.0,2.0,0.0,0.0,0.0,1.0,,2.0,2.0,,0.0,0.0,0.0,0.0,,,,,,,,1.0,phytophthora-rot
0.0,1.0,2.0,2.0,,3.0,1.0,,,,1.0,1,,,,,,,1.0,,3.0,2.0,,0.0,0.0,0.0,0.0,,,,,,,,1.0,phytophthora-rot
1.0,1.0,2.0,1.0,,2.0,1.0,,,,1.0,1,,,,,,,1.0,,1.0,2.0,,0.0,0.0,0.0,0.0,,,,,,,,1.0,phytophthora-rot
1.0,1.0,2.0,1.0,,0.0,1.0,,,,1.0,1,,,,,,,1.0,,0.0,2.0,,2.0,0.0,0.0,0.0,,,,,,,,1.0,phytophthora-rot
4.0,1.0,1.0,2.0,,3.0,1.0,,,,1.0,1,,,,,,,1.0,,3.0,2.0,,0.0,0.0,0.0,0.0,,,,,,,,1.0,phytophthora-rot
1.0,1.0,2.0,2.0,,2.0,1.0,,,,1.0,1,,,,,,,1.0,,1.0,2.0,,2.0,0.0,0.0,0.0,,,,,,,,1.0,phytophthora-rot
2.0,1.0,2.0,1.0,,3.0,1.0,,,,1.0,1,,,,,,,1.0,,1.0,2.0,,0.0,0.0,0.0,0.0,,,,,,,,1.0,phytophthora-rot
3.0,1.0,2.0,2.0,,2.0,1.0,,,,1.0,1,,,,,,,1.0,,3.0,2.0,,0.0,0.0,0.0,0.0,,,,,,,,1.0,phytophthora-rot
4.0,1.0,1.0,1.0,,3.0,1.0,,,,1.0,1,,,,,,,1.0,,3.0,2.0,,0.0,0.0,0.0,0.0,,,,,,,,1.0,phytophthora-rot
1.0,1.0,2.0,1.0,,2.0,1.0,,,,1.0,1,,,,,,,1.0,,1.0,2.0,,2.0,0.0,0.0,0.0,,,,,,,,1.0,phytophthora-rot
1.0,1.0,2.0,1.0,,3.0,1.0,,,,1.0,1,,,,,,,1.0,,3.0,2.0,,2.0,0.0,0.0,0.0,,,,,,,,1.0,phytophthora-rot
1.0,1.0,2.0,2.0,,1.0,1.0,,,,1.0,1,,,,,,,1.0,,3.0,2.0,,2.0,0.0,0.0,0.0,,,,,,,,1.0,phytophthora-rot
2.0,1.0,1.0,2.0,,2.0,1.0,,,,1.0,1,,,,,,,1.0,,1.0,2.0,,2.0,0.0,0.0,0.0,,,,,,,,1.0,phytophthora-rot
3.0,1.0,1.0,1.0,,3.0,1.0,,,,1.0,1,,,,,,,1.0,,2.0,2.0,,0.0,0.0,0.0,0.0,,,,,,,,1.0,phytophthora-rot
3.0,1.0,1.0,1.0,,1.0,1.0,,,,1.0,1,,,,,,,1.0,,3.0,2.0,,0.0,0.0,0.0,0.0,,,,,,,,1.0,phytophthora-rot
1.0,1.0,2.0,2.0,,1.0,1.0,,,,1.0,1,,,,,,,1.0,,0.0,2.0,,2.0,0.0,0.0,0.0,,,,,,,,1.0,phytophthora-rot
2.0,1.0,2.0,2.0,,2.0,1.0,,,,1.0,1,,,,,,,1.0,,2.0,2.0,,0.0,0.0,0.0,0.0,,,,,,,,1.0,phytophthora-rot
3.0,1.0,1.0,1.0,,3.0,1.0,,,,1.0,1,,,,,,,1.0,,3.0,2.0,,0.0,0.0,0.0,0.0,,,,,,,,1.0,phytophthora-rot
4.0,1.0,1.0,1.0,,2.0,1.0,,,,1.0,1,,,,,,,1.0,,3.0,2.0,,0.0,0.0,0.0,0.0,,,,,,,,1.0,phytophthora-rot
1.0,1.0,2.0,2.0,,3.0,1.0,,,,1.0,1,,,,,,,1.0,,0.0,2.0,,2.0,0.0,0.0,0.0,,,,,,,,1.0,phytophthora-rot
2.0,1.0,2.0,2.0,,2.0,1.0,,,,1.0,1,,,,,,,1.0,,2.0,2.0,,0.0,0.0,0.0,0.0,,,,,,,,1.0,phytophthora-rot
3.0,1.0,1.0,1.0,,3.0,1.0,,,,1.0,1,,,,,,,1.0,,3.0,2.0,,0.0,0.0,0.0,0.0,,,,,,,,1.0,phytophthora-rot
4.0,1.0,1.0,1.0,,2.0,1.0,,,,1.0,1,,,,,,,1.0,,3.0,2.0,,0.0,0.0,0.0,0.0,,,,,,,,1.0,phytophthora-rot
1.0,1.0,2.0,2.0,,3.0,1.0,,,,1.0,1,,,,,,,1.0,,0.0,2.0,,2.0,0.0,0.0,0.0,,,,,,,,1.0,phytophthora-rot
2.0,1.0,2.0,2.0,,2.0,1.0,,,,1.0,1,,,,,,,1.0,,2.0,2.0,,0.0,0.0,0.0,0.0,,,,,,,,1.0,phytophthora-rot
3.0,1.0,1.0,1.0,,3.0,1.0,,,,1.0,1,,,,,,,1.0,,3.0,2.0,,0.0,0.0,0.0,0.0,,,,,,,,1.0,phytophthora-rot
1.0,1.0,2.0,2.0,,2.0,1.0,,,,1.0,1,,,,,,,1.0,,0.0,2.0,,2.0,0.0,0.0,0.0,,,,,,,,1.0,phytophthora-rot
2.0,1.0,2.0,1.0,,3.0,1.0,,,,1.0,1,,,,,,,1.0,,2.0,2.0,,0.0,0.0,0.0,0.0,,,,,,,,1.0,phytophthora-rot
3.0,1.0,2.0,1.0,,1.0,1.0,,,,1.0,1,,,,,,,1.0,,3.0,2.0,,0.0,0.0,0.0,0.0,,,,,,,,1.0,phytophthora-rot
1.0,1.0,2.0,2.0,,2.0,1.0,,,,1.0,1,,,,,,,1.0,,0.0,2.0,,2.0,0.0,0.0,0.0,,,,,,,,1.0,phytophthora-rot
2.0,1.0,2.0,2.0,,3.0,1.0,,,,1.0,1,,,,,,,1.0,,2.0,2.0,,0.0,0.0,0.0,0.0,,,,,,,,1.0,phytophthora-rot
3.0,1.0,1.0,1.0,,2.0,1.0,,,,1.0,1,,,,,,,1.0,,3.0,2.0,,0.0,0.0,0.0,0.0,,,,,,,,1.0,phytophthora-rot
4.0,1.0,1.0,1.0,,3.0,1.0,,,,1.0,1,,,,,,,1.0,,3.0,2.0,,0.0,0.0,0.0,0.0,,,,,,,,1.0,phytophthora-rot
1.0,1.0,2.0,1.0,,2.0,1.0,,,,1.0,1,,,,,,,1.0,,2.0,2.0,,2.0,0.0,0.0,0.0,,,,,,,,1.0,phytophthora-rot
2.0,1.0,2.0,1.0,,3.0,1.0,,,,1.0,1,,,,,,,1.0,,3.0,2.0,,0.0,0.0,0.0,0.0,,,,,,,,1.0,phytophthora-rot
3.0,1.0,1.0,1.0,,1.0,1.0,,,,1.0,1,,,,,,,1.0,,3.0,2.0,,0.0,0.0,0.0,0.0,,,,,,,,1.0,phytophthora-rot
4.0,1.0,1.0,1.0,,1.0,1.0,,,,1.0,1,,,,,,,1.0,,3.0,2.0,,0.0,0.0,0.0,0.0,,,,,,,,1.0,phytophthora-rot
1.0,1.0,2.0,2.0,,2.0,1.0,,,,1.0,1,,,,,,,1.0,,2.0,2.0,,2.0,0.0,0.0,0.0,,,,,,,,1.0,phytophthora-rot
2.0,1.0,2.0,2.0,,3.0,1.0,,,,1.0,1,,,,,,,1.0,,3.0,2.0,,0.0,0.0,0.0,0.0,,,,,,,,1.0,phytophthora-rot
3.0,1.0,1.0,1.0,,2.0,1.0,,,,1.0,1,,,,,,,1.0,,3.0,2.0,,0.0,0.0,0.0,0.0,,,,,,,,1.0,phytophthora-rot
2.0,1.0,1.0,1.0,,3.0,1.0,,,,1.0,1,,,,,,,1.0,,3.0,2.0,,0.0,0.0,0.0,0.0,,,,,,,,1.0,phytophthora-rot
3.0,1.0,1.0,1.0,,2.0,1.0,,,,1.0,1,,,,,,,1.0,,3.0,2.0,,0.0,0.0,0.0,0.0,,,,,,,,1.0,phytophthora-rot
3.0,1.0,1.0,1.0,,3.0,1.0,,,,1.0,1,,,,,,,1.0,,3.0,2.0,,0.0,0.0,0.0,0.0,,,,,,,,1.0,phytophthora-rot
3.0,0.0,0.0,0.0,1.0,1.0,0.0,2.0,0.0,0.0,1.0,1,2.0,0.0,1.0,0.0,0.0,0.0,1.0,1.0,0.0,3.0,0.0,0.0,0.0,1.0,0.0,0.0,4.0,0.0,0.0,0.0,0.0,0.0,0.0,brown-stem-rot
4.0,0.0,1.0,0.0,1.0,2.0,2.0,1.0,1.0,1.0,1.0,0,0.0,2.0,2.0,0.0,0.0,0.0,1.0,1.0,0.0,3.0,0.0,0.0,0.0,1.0,0.0,0.0,4.0,0.0,0.0,0.0,0.0,0.0,0.0,brown-stem-rot
3.0,0.0,0.0,0.0,1.0,3.0,2.0,2.0,0.0,1.0,1.0,1,2.0,0.0,1.0,0.0,0.0,0.0,1.0,1.0,0.0,3.0,0.0,0.0,0.0,1.0,0.0,0.0,4.0,0.0,0.0,0.0,0.0,0.0,0.0,brown-stem-rot
5.0,0.0,0.0,1.0,1.0,3.0,0.0,1.0,0.0,0.0,1.0,1,2.0,0.0,2.0,0.0,0.0,0.0,1.0,1.0,0.0,3.0,0.0,0.0,0.0,1.0,0.0,0.0,4.0,0.0,0.0,0.0,0.0,0.0,0.0,brown-stem-rot
6.0,0.0,0.0,1.0,1.0,2.0,1.0,1.0,1.0,1.0,1.0,1,2.0,0.0,1.0,0.0,0.0,0.0,1.0,1.0,0.0,3.0,0.0,0.0,0.0,1.0,0.0,0.0,4.0,0.0,0.0,0.0,0.0,0.0,0.0,brown-stem-rot
4.0,0.0,1.0,0.0,1.0,3.0,2.0,2.0,0.0,2.0,1.0,0,0.0,2.0,2.0,0.0,0.0,0.0,1.0,1.0,0.0,3.0,0.0,0.0,0.0,1.0,0.0,0.0,4.0,0.0,0.0,0.0,0.0,0.0,0.0,brown-stem-rot
5.0,0.0,0.0,2.0,0.0,2.0,3.0,1.0,0.0,2.0,0.0,1,0.0,2.0,2.0,0.0,0.0,0.0,1.0,0.0,0.0,0.0,0.0,0.0,0.0,1.0,0.0,0.0,0.0,0.0,0.0,0.0,0.0,0.0,0.0,brown-stem-rot
5.0,0.0,0.0,1.0,0.0,1.0,0.0,1.0,1.0,0.0,0.0,1,0.0,2.0,2.0,0.0,0.0,0.0,1.0,0.0,0.0,0.0,0.0,0.0,0.0,1.0,0.0,0.0,0.0,0.0,0.0,0.0,0.0,0.0,0.0,brown-stem-rot
4.0,0.0,0.0,1.0,0.0,3.0,2.0,1.0,0.0,1.0,0.0,1,0.0,2.0,2.0,0.0,0.0,0.0,1.0,0.0,0.0,0.0,0.0,0.0,0.0,1.0,0.0,0.0,0.0,0.0,0.0,0.0,0.0,0.0,0.0,brown-stem-rot
5.0,0.0,0.0,1.0,0.0,2.0,3.0,1.0,0.0,2.0,0.0,1,0.0,2.0,2.0,0.0,0.0,0.0,1.0,0.0,0.0,0.0,0.0,0.0,0.0,1.0,0.0,0.0,0.0,0.0,0.0,0.0,0.0,0.0,0.0,brown-stem-rot
5.0,0.0,0.0,1.0,0.0,2.0,2.0,1.0,1.0,1.0,0.0,1,0.0,2.0,2.0,0.0,0.0,0.0,1.0,0.0,0.0,0.0,0.0,0.0,0.0,1.0,0.0,0.0,0.0,0.0,0.0,0.0,0.0,0.0,0.0,brown-stem-rot
3.0,1.0,1.0,0.0,0.0,2.0,0.0,2.0,0.0,2.0,1.0,0,0.0,2.0,2.0,0.0,0.0,0.0,1.0,1.0,0.0,3.0,0.0,0.0,0.0,1.0,0.0,0.0,4.0,0.0,0.0,0.0,0.0,0.0,0.0,brown-stem-rot
5.0,1.0,1.0,1.0,0.0,2.0,3.0,2.0,0.0,0.0,1.0,0,0.0,2.0,2.0,0.0,0.0,0.0,1.0,1.0,0.0,3.0,0.0,0.0,0.0,1.0,0.0,0.0,4.0,0.0,0.0,0.0,0.0,0.0,0.0,brown-stem-rot
4.0,1.0,0.0,0.0,0.0,2.0,2.0,2.0,0.0,1.0,1.0,1,2.0,0.0,1.0,0.0,0.0,0.0,1.0,0.0,0.0,3.0,0.0,0.0,0.0,1.0,0.0,0.0,4.0,0.0,0.0,0.0,0.0,0.0,0.0,brown-stem-rot
5.0,1.0,1.0,0.0,0.0,3.0,3.0,1.0,1.0,2.0,1.0,0,0.0,2.0,2.0,0.0,0.0,0.0,1.0,1.0,0.0,3.0,0.0,0.0,0.0,1.0,0.0,0.0,4.0,0.0,0.0,0.0,0.0,0.0,0.0,brown-stem-rot
4.0,1.0,1.0,0.0,0.0,3.0,1.0,1.0,1.0,0.0,1.0,0,0.0,2.0,2.0,0.0,0.0,0.0,1.0,0.0,0.0,3.0,0.0,0.0,0.0,1.0,0.0,0.0,4.0,0.0,0.0,0.0,0.0,0.0,0.0,brown-stem-rot
6.0,1.0,1.0,1.0,0.0,3.0,3.0,1.0,1.0,1.0,1.0,0,0.0,2.0,2.0,0.0,0.0,0.0,1.0,1.0,0.0,3.0,0.0,0.0,0.0,1.0,0.0,0.0,4.0,0.0,0.0,0.0,0.0,0.0,0.0,brown-stem-rot
3.0,0.0,0.0,1.0,0.0,2.0,2.0,1.0,0.0,1.0,0.0,1,0.0,2.0,2.0,0.0,0.0,0.0,1.0,0.0,0.0,0.0,0.0,0.0,0.0,1.0,0.0,0.0,0.0,0.0,0.0,0.0,0.0,0.0,0.0,brown-stem-rot
5.0,0.0,0.0,2.0,0.0,3.0,0.0,1.0,0.0,2.0,0.0,1,0.0,2.0,2.0,0.0,0.0,0.0,1.0,0.0,0.0,0.0,0.0,0.0,0.0,1.0,0.0,0.0,0.0,0.0,0.0,0.0,0.0,0.0,0.0,brown-stem-rot
3.0,0.0,0.0,1.0,0.0,2.0,2.0,1.0,1.0,1.0,0.0,1,0.0,2.0,2.0,0.0,0.0,0.0,1.0,0.0,0.0,0.0,0.0,0.0,0.0,1.0,0.0,0.0,0.0,0.0,0.0,0.0,0.0,0.0,0.0,brown-stem-rot
4.0,0.0,0.0,1.0,0.0,1.0,3.0,1.0,0.0,0.0,0.0,1,0.0,2.0,2.0,0.0,0.0,0.0,1.0,0.0,0.0,0.0,0.0,0.0,0.0,1.0,0.0,0.0,0.0,0.0,0.0,0.0,0.0,0.0,0.0,brown-stem-rot
5.0,0.0,0.0,2.0,0.0,2.0,0.0,1.0,1.0,0.0,0.0,1,0.0,2.0,2.0,0.0,0.0,0.0,1.0,0.0,0.0,0.0,0.0,0.0,0.0,1.0,0.0,0.0,0.0,0.0,0.0,0.0,0.0,0.0,0.0,brown-stem-rot
4.0,0.0,0.0,1.0,0.0,1.0,0.0,1.0,0.0,0.0,0.0,1,0.0,2.0,2.0,0.0,0.0,0.0,1.0,0.0,0.0,0.0,0.0,0.0,0.0,1.0,0.0,0.0,0.0,0.0,0.0,0.0,0.0,0.0,0.0,brown-stem-rot
5.0,0.0,0.0,2.0,0.0,3.0,2.0,1.0,1.0,1.0,0.0,1,0.0,2.0,2.0,0.0,0.0,0.0,1.0,0.0,0.0,0.0,0.0,0.0,0.0,1.0,0.0,0.0,0.0,0.0,0.0,0.0,0.0,0.0,0.0,brown-stem-rot
1.0,0.0,0.0,0.0,1.0,0.0,0.0,0.0,0.0,0.0,0.0,1,0.0,2.0,2.0,0.0,0.0,1.0,0.0,0.0,0.0,0.0,0.0,0.0,0.0,0.0,0.0,0.0,0.0,0.0,0.0,0.0,0.0,0.0,0.0,powdery-mildew
2.0,0.0,1.0,1.0,1.0,1.0,1.0,1.0,1.0,1.0,0.0,1,0.0,2.0,2.0,0.0,0.0,1.0,0.0,0.0,0.0,0.0,0.0,0.0,0.0,0.0,0.0,0.0,0.0,0.0,0.0,0.0,0.0,0.0,0.0,powdery-mildew
3.0,0.0,2.0,0.0,1.0,2.0,2.0,0.0,0.0,2.0,0.0,1,0.0,2.0,2.0,0.0,0.0,1.0,0.0,0.0,0.0,0.0,0.0,0.0,0.0,0.0,0.0,0.0,0.0,0.0,0.0,0.0,0.0,0.0,0.0,powdery-mildew
4.0,0.0,0.0,1.0,1.0,3.0,3.0,1.0,0.0,0.0,0.0,1,0.0,2.0,2.0,0.0,0.0,1.0,0.0,0.0,0.0,0.0,0.0,0.0,0.0,0.0,0.0,0.0,0.0,0.0,0.0,0.0,0.0,0.0,0.0,powdery-mildew
5.0,0.0,1.0,0.0,1.0,0.0,0.0,0.0,0.0,1.0,0.0,1,0.0,2.0,2.0,0.0,0.0,1.0,0.0,0.0,0.0,0.0,0.0,0.0,0.0,0.0,0.0,0.0,0.0,0.0,0.0,0.0,0.0,0.0,0.0,powdery-mildew
4.0,0.0,1.0,0.0,1.0,2.0,2.0,0.0,1.0,0.0,0.0,1,0.0,2.0,2.0,0.0,0.0,1.0,0.0,0.0,0.0,0.0,0.0,0.0,0.0,0.0,0.0,0.0,0.0,0.0,0.0,0.0,0.0,0.0,0.0,powdery-mildew
3.0,1.0,0.0,1.0,0.0,3.0,3.0,1.0,1.0,2.0,0.0,1,0.0,2.0,2.0,0.0,0.0,1.0,0.0,0.0,0.0,0.0,0.0,0.0,0.0,0.0,0.0,0.0,0.0,0.0,0.0,0.0,0.0,0.0,0.0,powdery-mildew
4.0,1.0,1.0,0.0,0.0,0.0,0.0,0.0,2.0,0.0,0.0,1,0.0,2.0,2.0,0.0,0.0,1.0,0.0,0.0,0.0,0.0,0.0,0.0,0.0,0.0,0.0,0.0,0.0,0.0,0.0,0.0,0.0,0.0,0.0,powdery-mildew
2.0,1.0,1.0,0.0,0.0,0.0,0.0,0.0,0.0,1.0,0.0,1,0.0,2.0,2.0,0.0,0.0,1.0,0.0,0.0,0.0,0.0,0.0,0.0,0.0,0.0,0.0,0.0,0.0,0.0,0.0,0.0,0.0,0.0,0.0,powdery-mildew
5.0,1.0,0.0,1.0,0.0,3.0,3.0,1.0,0.0,1.0,0.0,1,0.0,2.0,2.0,0.0,0.0,1.0,0.0,0.0,0.0,0.0,0.0,0.0,0.0,0.0,0.0,0.0,0.0,0.0,0.0,0.0,0.0,0.0,0.0,powdery-mildew
3.0,0.0,2.0,0.0,1.0,2.0,2.0,1.0,0.0,1.0,0.0,1,1.0,0.0,1.0,0.0,0.0,2.0,0.0,0.0,0.0,0.0,0.0,0.0,0.0,0.0,0.0,0.0,0.0,1.0,1.0,0.0,0.0,0.0,0.0,downy-mildew
4.0,0.0,2.0,1.0,1.0,3.0,3.0,1.0,1.0,2.0,0.0,1,2.0,0.0,1.0,0.0,1.0,2.0,0.0,0.0,0.0,0.0,0.0,0.0,0.0,0.0,0.0,0.0,0.0,1.0,1.0,0.0,0.0,0.0,0.0,downy-mildew
5.0,0.0,2.0,1.0,1.0,1.0,0.0,1.0,0.0,1.0,0.0,1,1.0,0.0,1.0,0.0,0.0,2.0,0.0,0.0,0.0,0.0,0.0,0.0,0.0,0.0,0.0,0.0,0.0,1.0,1.0,0.0,0.0,0.0,0.0,downy-mildew
2.0,0.0,2.0,0.0,1.0,0.0,3.0,1.0,1.0,2.0,0.0,1,2.0,0.0,1.0,0.0,0.0,2.0,0.0,0.0,0.0,0.0,0.0,0.0,0.0,0.0,0.0,0.0,0.0,1.0,1.0,0.0,0.0,0.0,0.0,downy-mildew
3.0,0.0,2.0,1.0,1.0,1.0,0.0,1.0,0.0,1.0,0.0,1,2.0,0.0,1.0,0.0,1.0,2.0,0.0,0.0,0.0,0.0,0.0,0.0,0.0,0.0,0.0,0.0,0.0,1.0,1.0,0.0,0.0,0.0,0.0,downy-mildew
6.0,1.0,2.0,0.0,0.0,1.0,3.0,0.0,1.0,2.0,0.0,1,2.0,0.0,1.0,0.0,1.0,2.0,0.0,0.0,0.0,0.0,0.0,0.0,0.0,0.0,0.0,0.0,0.0,1.0,1.0,0.0,0.0,0.0,0.0,downy-mildew
3.0,1.0,2.0,2.0,0.0,3.0,1.0,1.0,1.0,2.0,0.0,1,1.0,0.0,1.0,0.0,0.0,2.0,0.0,0.0,0.0,0.0,0.0,0.0,0.0,0.0,0.0,0.0,0.0,1.0,1.0,0.0,0.0,0.0,0.0,downy-mildew
5.0,1.0,2.0,1.0,0.0,2.0,3.0,0.0,1.0,2.0,0.0,1,1.0,0.0,1.0,0.0,0.0,2.0,0.0,0.0,0.0,0.0,0.0,0.0,0.0,0.0,0.0,0.0,0.0,1.0,1.0,0.0,0.0,0.0,0.0,downy-mildew
3.0,1.0,2.0,1.0,0.0,1.0,1.0,0.0,1.0,2.0,0.0,1,2.0,0.0,1.0,0.0,0.0,2.0,0.0,0.0,0.0,0.0,0.0,0.0,0.0,0.0,0.0,0.0,0.0,1.0,1.0,0.0,0.0,0.0,0.0,downy-mildew
5.0,1.0,2.0,0.0,0.0,3.0,3.0,0.0,1.0,2.0,0.0,1,2.0,0.0,1.0,0.0,0.0,2.0,0.0,0.0,0.0,0.0,0.0,0.0,0.0,0.0,0.0,0.0,0.0,1.0,1.0,0.0,0.0,0.0,0.0,downy-mildew
1.0,1.0,2.0,1.0,0.0,3.0,2.0,1.0,0.0,2.0,0.0,1,2.0,0.0,1.0,0.0,0.0,0.0,1.0,0.0,3.0,1.0,1.0,0.0,0.0,0.0,0.0,0.0,0.0,0.0,0.0,0.0,0.0,0.0,0.0,brown-spot
2.0,0.0,2.0,1.0,0.0,1.0,1.0,1.0,0.0,0.0,0.0,1,2.0,0.0,1.0,1.0,0.0,0.0,0.0,0.0,0.0,0.0,0.0,0.0,0.0,0.0,0.0,0.0,0.0,0.0,0.0,0.0,0.0,0.0,0.0,brown-spot
3.0,0.0,2.0,1.0,0.0,2.0,3.0,1.0,0.0,1.0,0.0,1,2.0,0.0,1.0,0.0,0.0,0.0,0.0,0.0,0.0,0.0,0.0,0.0,0.0,0.0,0.0,0.0,0.0,0.0,0.0,0.0,0.0,0.0,0.0,brown-spot
2.0,1.0,2.0,1.0,0.0,3.0,3.0,1.0,0.0,2.0,0.0,1,2.0,0.0,1.0,1.0,0.0,0.0,0.0,0.0,0.0,0.0,0.0,0.0,0.0,0.0,0.0,0.0,0.0,0.0,0.0,0.0,0.0,0.0,0.0,brown-spot
2.0,0.0,2.0,1.0,0.0,2.0,2.0,1.0,0.0,1.0,0.0,1,2.0,0.0,1.0,1.0,0.0,0.0,1.0,0.0,3.0,1.0,1.0,0.0,0.0,0.0,0.0,0.0,0.0,0.0,0.0,0.0,0.0,0.0,0.0,brown-spot
5.0,0.0,2.0,1.0,0.0,2.0,3.0,2.0,1.0,1.0,0.0,1,2.0,0.0,1.0,0.0,0.0,0.0,1.0,0.0,0.0,3.0,1.0,1.0,0.0,0.0,0.0,0.0,0.0,0.0,0.0,0.0,0.0,0.0,0.0,brown-spot
2.0,0.0,2.0,1.0,0.0,3.0,3.0,1.0,1.0,1.0,0.0,1,2.0,0.0,1.0,1.0,0.0,0.0,0.0,0.0,0.0,0.0,0.0,0.0,0.0,0.0,0.0,0.0,0.0,0.0,0.0,0.0,0.0,0.0,0.0,brown-spot
1.0,0.0,2.0,1.0,0.0,2.0,3.0,1.0,2.0,1.0,0.0,1,2.0,0.0,1.0,1.0,0.0,0.0,0.0,0.0,0.0,0.0,0.0,0.0,0.0,0.0,0.0,0.0,0.0,0.0,0.0,0.0,0.0,0.0,0.0,brown-spot
2.0,1.0,1.0,1.0,1.0,2.0,2.0,1.0,1.0,2.0,1.0,1,2.0,0.0,1.0,0.0,0.0,0.0,0.0,0.0,0.0,0.0,0.0,0.0,0.0,0.0,0.0,0.0,0.0,0.0,0.0,0.0,0.0,0.0,0.0,brown-spot
3.0,1.0,2.0,2.0,1.0,1.0,1.0,0.0,2.0,1.0,0.0,1,2.0,0.0,1.0,0.0,0.0,0.0,1.0,0.0,3.0,1.0,0.0,0.0,0.0,0.0,0.0,1.0,2.0,0.0,0.0,0.0,0.0,0.0,0.0,brown-spot
0.0,0.0,1.0,1.0,0.0,0.0,0.0,0.0,0.0,0.0,0.0,1,2.0,0.0,1.0,0.0,0.0,0.0,0.0,0.0,0.0,0.0,0.0,0.0,0.0,0.0,0.0,0.0,0.0,0.0,0.0,0.0,0.0,0.0,0.0,brown-spot
1.0,0.0,2.0,2.0,0.0,1.0,1.0,0.0,1.0,1.0,1.0,1,2.0,0.0,1.0,0.0,0.0,0.0,0.0,0.0,0.0,0.0,0.0,0.0,0.0,0.0,0.0,0.0,0.0,0.0,0.0,0.0,0.0,0.0,0.0,brown-spot
2.0,0.0,1.0,1.0,0.0,2.0,2.0,1.0,2.0,2.0,0.0,1,2.0,0.0,1.0,0.0,0.0,0.0,0.0,0.0,0.0,0.0,0.0,0.0,0.0,0.0,0.0,0.0,0.0,0.0,0.0,0.0,0.0,0.0,0.0,brown-spot
3.0,0.0,2.0,2.0,0.0,3.0,3.0,0.0,0.0,1.0,1.0,1,2.0,0.0,1.0,0.0,0.0,0.0,1.0,0.0,3.0,1.0,0.0,0.0,0.0,0.0,0.0,0.0,1.0,0.0,0.0,0.0,0.0,0.0,0.0,brown-spot
4.0,0.0,1.0,1.0,0.0,1.0,0.0,1.0,1.0,2.0,0.0,1,2.0,0.0,1.0,0.0,0.0,0.0,1.0,0.0,3.0,1.0,1.0,0.0,0.0,0.0,0.0,1.0,2.0,0.0,0.0,0.0,0.0,0.0,0.0,brown-spot
0.0,0.0,2.0,2.0,0.0,2.0,1.0,1.0,2.0,1.0,1.0,1,2.0,0.0,1.0,0.0,0.0,0.0,0.0,0.0,0.0,0.0,0.0,0.0,0.0,0.0,0.0,0.0,0.0,0.0,0.0,0.0,0.0,0.0,0.0,brown-spot
1.0,0.0,1.0,1.0,0.0,3.0,2.0,0.0,0.0,2.0,0.0,1,2.0,0.0,1.0,0.0,0.0,0.0,0.0,0.0,0.0,0.0,0.0,0.0,0.0,0.0,0.0,0.0,0.0,0.0,0.0,0.0,0.0,0.0,0.0,brown-spot
2.0,0.0,2.0,2.0,0.0,1.0,3.0,0.0,1.0,1.0,0.0,1,2.0,0.0,1.0,0.0,0.0,0.0,0.0,0.0,0.0,0.0,0.0,0.0,0.0,0.0,0.0,0.0,0.0,0.0,0.0,0.0,0.0,0.0,0.0,brown-spot
0.0,0.0,1.0,1.0,0.0,2.0,0.0,0.0,2.0,2.0,1.0,1,2.0,0.0,1.0,0.0,0.0,0.0,0.0,0.0,0.0,0.0,0.0,0.0,0.0,0.0,0.0,0.0,0.0,0.0,0.0,0.0,0.0,0.0,0.0,brown-spot
1.0,1.0,2.0,2.0,1.0,3.0,1.0,0.0,0.0,1.0,0.0,1,2.0,0.0,1.0,0.0,0.0,0.0,0.0,0.0,0.0,0.0,0.0,0.0,0.0,0.0,0.0,0.0,0.0,0.0,0.0,0.0,0.0,0.0,0.0,brown-spot
1.0,0.0,2.0,1.0,0.0,1.0,1.0,1.0,0.0,0.0,0.0,1,2.0,0.0,1.0,0.0,0.0,0.0,0.0,0.0,0.0,0.0,0.0,0.0,0.0,0.0,0.0,0.0,0.0,0.0,0.0,0.0,0.0,0.0,0.0,brown-spot
2.0,0.0,2.0,1.0,0.0,2.0,2.0,1.0,0.0,1.0,0.0,1,2.0,0.0,1.0,1.0,0.0,0.0,0.0,0.0,0.0,0.0,0.0,0.0,0.0,0.0,0.0,0.0,0.0,0.0,0.0,0.0,0.0,0.0,0.0,brown-spot
3.0,1.0,2.0,1.0,0.0,3.0,3.0,1.0,0.0,2.0,0.0,1,2.0,0.0,1.0,0.0,0.0,0.0,1.0,0.0,3.0,1.0,1.0,0.0,0.0,0.0,0.0,0.0,0.0,0.0,0.0,0.0,0.0,0.0,0.0,brown-spot
4.0,0.0,2.0,1.0,0.0,2.0,1.0,1.0,0.0,0.0,0.0,1,2.0,0.0,1.0,1.0,0.0,0.0,1.0,0.0,3.0,1.0,1.0,0.0,0.0,0.0,0.0,0.0,0.0,0.0,0.0,0.0,0.0,0.0,0.0,brown-spot
5.0,0.0,2.0,1.0,0.0,3.0,2.0,1.0,0.0,1.0,0.0,1,2.0,0.0,1.0,0.0,0.0,0.0,1.0,0.0,3.0,1.0,1.0,0.0,0.0,0.0,0.0,0.0,0.0,0.0,0.0,0.0,0.0,0.0,0.0,brown-spot
1.0,1.0,2.0,1.0,0.0,2.0,3.0,1.0,0.0,2.0,0.0,1,2.0,0.0,1.0,1.0,0.0,0.0,0.0,0.0,0.0,0.0,0.0,0.0,0.0,0.0,0.0,0.0,0.0,0.0,0.0,0.0,0.0,0.0,0.0,brown-spot
2.0,0.0,2.0,1.0,0.0,3.0,3.0,1.0,0.0,0.0,0.0,1,2.0,0.0,1.0,1.0,0.0,0.0,0.0,0.0,0.0,0.0,0.0,0.0,0.0,0.0,0.0,0.0,0.0,0.0,0.0,0.0,0.0,0.0,0.0,brown-spot
3.0,0.0,2.0,1.0,0.0,2.0,3.0,1.0,0.0,1.0,0.0,1,2.0,0.0,1.0,0.0,0.0,0.0,1.0,0.0,3.0,1.0,1.0,0.0,0.0,0.0,0.0,0.0,0.0,0.0,0.0,0.0,0.0,0.0,0.0,brown-spot
1.0,1.0,2.0,1.0,0.0,3.0,3.0,1.0,0.0,2.0,0.0,1,2.0,0.0,1.0,1.0,0.0,0.0,0.0,0.0,0.0,0.0,0.0,0.0,0.0,0.0,0.0,0.0,0.0,0.0,0.0,0.0,0.0,0.0,0.0,brown-spot
2.0,0.0,2.0,1.0,0.0,1.0,1.0,1.0,0.0,0.0,0.0,1,2.0,0.0,1.0,1.0,0.0,0.0,0.0,0.0,0.0,0.0,0.0,0.0,0.0,0.0,0.0,0.0,0.0,0.0,0.0,0.0,0.0,0.0,0.0,brown-spot
3.0,0.0,2.0,1.0,0.0,2.0,2.0,1.0,0.0,1.0,0.0,1,2.0,0.0,1.0,0.0,0.0,0.0,1.0,0.0,3.0,1.0,1.0,0.0,0.0,0.0,0.0,0.0,0.0,0.0,0.0,0.0,0.0,0.0,0.0,brown-spot
1.0,1.0,2.0,1.0,0.0,3.0,3.0,1.0,0.0,2.0,0.0,1,2.0,0.0,1.0,1.0,0.0,0.0,0.0,0.0,0.0,0.0,0.0,0.0,0.0,0.0,0.0,0.0,0.0,0.0,0.0,0.0,0.0,0.0,0.0,brown-spot
2.0,0.0,2.0,1.0,0.0,2.0,3.0,1.0,0.0,0.0,0.0,1,2.0,0.0,1.0,1.0,0.0,0.0,0.0,0.0,0.0,0.0,0.0,0.0,0.0,0.0,0.0,0.0,0.0,0.0,0.0,0.0,0.0,0.0,0.0,brown-spot
3.0,0.0,2.0,1.0,0.0,3.0,3.0,1.0,0.0,1.0,0.0,1,2.0,0.0,1.0,1.0,0.0,0.0,1.0,0.0,3.0,1.0,1.0,0.0,0.0,0.0,0.0,0.0,0.0,0.0,0.0,0.0,0.0,0.0,0.0,brown-spot
1.0,1.0,2.0,1.0,0.0,2.0,1.0,1.0,0.0,2.0,0.0,1,2.0,0.0,1.0,1.0,0.0,0.0,0.0,0.0,0.0,0.0,0.0,0.0,0.0,0.0,0.0,0.0,0.0,0.0,0.0,0.0,0.0,0.0,0.0,brown-spot
2.0,0.0,2.0,1.0,0.0,3.0,2.0,1.0,0.0,0.0,0.0,1,2.0,0.0,1.0,1.0,0.0,0.0,0.0,0.0,0.0,0.0,0.0,0.0,0.0,0.0,0.0,0.0,0.0,0.0,0.0,0.0,0.0,0.0,0.0,brown-spot
3.0,0.0,2.0,1.0,0.0,2.0,3.0,1.0,0.0,1.0,0.0,1,2.0,0.0,1.0,0.0,0.0,0.0,1.0,0.0,3.0,1.0,1.0,0.0,0.0,0.0,0.0,0.0,0.0,0.0,0.0,0.0,0.0,0.0,0.0,brown-spot
4.0,1.0,2.0,1.0,0.0,3.0,1.0,1.0,0.0,2.0,0.0,1,2.0,0.0,1.0,0.0,0.0,0.0,1.0,0.0,3.0,1.0,1.0,0.0,0.0,0.0,0.0,0.0,0.0,0.0,0.0,0.0,0.0,0.0,0.0,brown-spot
5.0,0.0,2.0,1.0,0.0,1.0,2.0,1.0,0.0,0.0,0.0,1,2.0,0.0,1.0,0.0,0.0,0.0,1.0,0.0,3.0,1.0,1.0,0.0,0.0,0.0,0.0,0.0,0.0,0.0,0.0,0.0,0.0,0.0,0.0,brown-spot
1.0,0.0,2.0,1.0,0.0,2.0,3.0,1.0,0.0,1.0,0.0,1,2.0,0.0,1.0,1.0,0.0,0.0,0.0,0.0,0.0,0.0,0.0,0.0,0.0,0.0,0.0,0.0,0.0,0.0,0.0,0.0,0.0,0.0,0.0,brown-spot
2.0,1.0,2.0,1.0,0.0,3.0,3.0,1.0,0.0,2.0,0.0,1,2.0,0.0,1.0,1.0,0.0,0.0,0.0,0.0,0.0,0.0,0.0,0.0,0.0,0.0,0.0,0.0,0.0,0.0,0.0,0.0,0.0,0.0,0.0,brown-spot
3.0,0.0,2.0,1.0,0.0,2.0,1.0,1.0,0.0,0.0,0.0,1,2.0,0.0,1.0,0.0,0.0,0.0,1.0,0.0,3.0,1.0,1.0,0.0,0.0,0.0,0.0,0.0,0.0,0.0,0.0,0.0,0.0,0.0,0.0,brown-spot
4.0,0.0,2.0,1.0,0.0,3.0,3.0,1.0,0.0,1.0,0.0,1,2.0,0.0,1.0,0.0,0.0,0.0,1.0,0.0,3.0,1.0,1.0,0.0,0.0,0.0,0.0,0.0,0.0,0.0,0.0,0.0,0.0,0.0,0.0,brown-spot
5.0,1.0,2.0,1.0,0.0,3.0,3.0,1.0,0.0,2.0,0.0,1,2.0,0.0,1.0,0.0,0.0,0.0,1.0,0.0,3.0,1.0,1.0,0.0,0.0,0.0,0.0,0.0,0.0,0.0,0.0,0.0,0.0,0.0,0.0,brown-spot
1.0,0.0,2.0,1.0,0.0,1.0,1.0,1.0,0.0,0.0,0.0,1,2.0,0.0,1.0,0.0,0.0,0.0,0.0,0.0,0.0,0.0,0.0,0.0,0.0,0.0,0.0,0.0,0.0,0.0,0.0,0.0,0.0,0.0,0.0,brown-spot
2.0,0.0,2.0,1.0,0.0,2.0,2.0,1.0,0.0,1.0,0.0,1,2.0,0.0,1.0,0.0,0.0,0.0,0.0,0.0,0.0,0.0,0.0,0.0,0.0,0.0,0.0,0.0,0.0,0.0,0.0,0.0,0.0,0.0,0.0,brown-spot
3.0,1.0,2.0,1.0,0.0,3.0,3.0,1.0,0.0,2.0,0.0,1,2.0,0.0,1.0,1.0,0.0,0.0,1.0,0.0,3.0,1.0,1.0,0.0,0.0,0.0,0.0,0.0,0.0,0.0,0.0,0.0,0.0,0.0,0.0,brown-spot
1.0,0.0,2.0,1.0,0.0,1.0,1.0,1.0,0.0,0.0,0.0,1,2.0,0.0,1.0,1.0,0.0,0.0,1.0,0.0,3.0,1.0,1.0,0.0,0.0,0.0,0.0,0.0,0.0,0.0,0.0,0.0,0.0,0.0,0.0,brown-spot
2.0,0.0,2.0,1.0,0.0,2.0,2.0,1.0,0.0,1.0,0.0,1,2.0,0.0,1.0,1.0,0.0,0.0,1.0,0.0,3.0,1.0,1.0,0.0,0.0,0.0,0.0,0.0,0.0,0.0,0.0,0.0,0.0,0.0,0.0,brown-spot
3.0,1.0,2.0,1.0,0.0,3.0,3.0,1.0,0.0,2.0,0.0,1,2.0,0.0,1.0,1.0,0.0,0.0,1.0,0.0,3.0,1.0,1.0,0.0,0.0,0.0,0.0,0.0,0.0,0.0,0.0,0.0,0.0,0.0,0.0,brown-spot
1.0,0.0,2.0,1.0,0.0,1.0,3.0,1.0,0.0,0.0,0.0,1,2.0,0.0,1.0,1.0,0.0,0.0,1.0,0.0,3.0,1.0,1.0,0.0,0.0,0.0,0.0,0.0,0.0,0.0,0.0,0.0,0.0,0.0,0.0,brown-spot
2.0,0.0,2.0,1.0,0.0,2.0,2.0,1.0,0.0,1.0,0.0,1,2.0,0.0,1.0,1.0,0.0,0.0,1.0,0.0,3.0,1.0,1.0,0.0,0.0,0.0,0.0,0.0,0.0,0.0,0.0,0.0,0.0,0.0,0.0,brown-spot
3.0,0.0,2.0,1.0,1.0,1.0,1.0,1.0,1.0,1.0,0.0,1,2.0,0.0,0.0,1.0,0.0,0.0,0.0,0.0,0.0,0.0,0.0,0.0,0.0,0.0,0.0,0.0,0.0,0.0,0.0,0.0,0.0,0.0,0.0,bacterial-blight
4.0,1.0,1.0,1.0,0.0,2.0,2.0,0.0,0.0,2.0,0.0,1,1.0,0.0,0.0,1.0,0.0,0.0,0.0,0.0,0.0,0.0,0.0,0.0,0.0,0.0,0.0,0.0,0.0,0.0,0.0,0.0,0.0,0.0,0.0,bacterial-blight
2.0,1.0,1.0,1.0,0.0,1.0,0.0,0.0,0.0,2.0,0.0,1,1.0,0.0,0.0,0.0,0.0,0.0,0.0,0.0,0.0,0.0,0.0,0.0,0.0,0.0,0.0,0.0,0.0,0.0,0.0,0.0,0.0,0.0,0.0,bacterial-blight
4.0,0.0,1.0,2.0,0.0,3.0,2.0,0.0,0.0,1.0,0.0,1,1.0,0.0,0.0,1.0,0.0,0.0,0.0,0.0,0.0,0.0,0.0,0.0,0.0,0.0,0.0,0.0,0.0,0.0,0.0,0.0,0.0,0.0,0.0,bacterial-blight
5.0,1.0,2.0,1.0,1.0,1.0,3.0,1.0,1.0,2.0,1.0,1,2.0,0.0,0.0,1.0,0.0,0.0,0.0,0.0,0.0,0.0,0.0,0.0,0.0,0.0,0.0,0.0,0.0,0.0,0.0,0.0,0.0,0.0,0.0,bacterial-blight
3.0,0.0,1.0,1.0,0.0,2.0,0.0,0.0,0.0,0.0,1.0,1,1.0,0.0,0.0,1.0,0.0,0.0,0.0,0.0,0.0,0.0,0.0,0.0,0.0,0.0,0.0,0.0,0.0,0.0,0.0,0.0,0.0,0.0,0.0,bacterial-blight
4.0,0.0,2.0,1.0,1.0,3.0,1.0,1.0,1.0,1.0,0.0,1,2.0,0.0,0.0,0.0,1.0,0.0,0.0,0.0,0.0,0.0,0.0,0.0,0.0,0.0,0.0,0.0,0.0,0.0,0.0,0.0,0.0,0.0,0.0,bacterial-blight
3.0,0.0,2.0,1.0,1.0,1.0,2.0,1.0,1.0,1.0,1.0,1,2.0,0.0,0.0,1.0,0.0,0.0,0.0,0.0,0.0,0.0,0.0,0.0,0.0,0.0,0.0,0.0,0.0,0.0,0.0,0.0,0.0,0.0,0.0,bacterial-blight
4.0,1.0,1.0,1.0,0.0,2.0,3.0,0.0,0.0,2.0,0.0,1,1.0,0.0,0.0,1.0,0.0,0.0,0.0,0.0,0.0,0.0,0.0,0.0,0.0,0.0,0.0,0.0,0.0,0.0,0.0,0.0,0.0,0.0,0.0,bacterial-blight
5.0,0.0,2.0,1.0,1.0,3.0,0.0,1.0,1.0,1.0,1.0,1,2.0,0.0,0.0,1.0,0.0,0.0,0.0,0.0,0.0,0.0,0.0,0.0,0.0,0.0,0.0,0.0,0.0,0.0,0.0,0.0,0.0,0.0,0.0,bacterial-blight
3.0,0.0,1.0,0.0,1.0,3.0,3.0,0.0,0.0,1.0,0.0,1,1.0,1.0,0.0,0.0,0.0,0.0,0.0,0.0,0.0,0.0,0.0,0.0,0.0,0.0,0.0,0.0,0.0,1.0,1.0,1.0,0.0,0.0,0.0,bacterial-pustule
1.0,1.0,1.0,1.0,0.0,1.0,0.0,0.0,1.0,2.0,0.0,1,1.0,1.0,0.0,1.0,0.0,0.0,0.0,0.0,0.0,0.0,0.0,0.0,0.0,0.0,0.0,0.0,0.0,0.0,0.0,0.0,1.0,0.0,1.0,bacterial-pustule
2.0,0.0,1.0,2.0,1.0,2.0,1.0,0.0,0.0,1.0,0.0,1,2.0,1.0,0.0,1.0,0.0,0.0,0.0,0.0,0.0,0.0,0.0,0.0,0.0,0.0,0.0,0.0,0.0,1.0,1.0,1.0,0.0,0.0,0.0,bacterial-pustule
3.0,1.0,1.0,1.0,0.0,3.0,2.0,0.0,0.0,2.0,0.0,1,2.0,0.0,0.0,0.0,0.0,0.0,0.0,0.0,0.0,0.0,0.0,0.0,0.0,0.0,0.0,0.0,0.0,0.0,0.0,0.0,0.0,0.0,1.0,bacterial-pustule
2.0,0.0,2.0,1.0,1.0,3.0,1.0,1.0,1.0,1.0,0.0,1,1.0,1.0,0.0,1.0,0.0,0.0,0.0,0.0,0.0,0.0,0.0,0.0,0.0,0.0,0.0,0.0,0.0,1.0,1.0,1.0,0.0,0.0,0.0,bacterial-pustule
2.0,0.0,2.0,1.0,1.0,1.0,3.0,1.0,0.0,1.0,0.0,1,1.0,1.0,0.0,1.0,0.0,0.0,0.0,0.0,0.0,0.0,0.0,0.0,0.0,0.0,0.0,0.0,0.0,1.0,1.0,1.0,0.0,0.0,0.0,bacterial-pustule
1.0,0.0,1.0,1.0,1.0,3.0,1.0,0.0,1.0,1.0,0.0,1,1.0,0.0,0.0,1.0,0.0,0.0,0.0,0.0,0.0,0.0,0.0,0.0,0.0,0.0,0.0,0.0,0.0,1.0,1.0,1.0,1.0,0.0,0.0,bacterial-pustule
2.0,1.0,2.0,2.0,0.0,1.0,2.0,1.0,1.0,2.0,0.0,1,1.0,1.0,0.0,1.0,0.0,0.0,0.0,0.0,0.0,0.0,0.0,0.0,0.0,0.0,0.0,0.0,0.0,0.0,0.0,0.0,0.0,0.0,1.0,bacterial-pustule
5.0,0.0,1.0,2.0,1.0,0.0,1.0,0.0,0.0,1.0,1.0,1,1.0,1.0,0.0,0.0,1.0,0.0,0.0,0.0,0.0,0.0,0.0,0.0,0.0,0.0,0.0,0.0,0.0,1.0,1.0,1.0,0.0,0.0,0.0,bacterial-pustule
2.0,1.0,2.0,0.0,0.0,1.0,2.0,1.0,0.0,2.0,0.0,1,1.0,1.0,0.0,1.0,1.0,0.0,0.0,0.0,0.0,0.0,0.0,0.0,0.0,0.0,0.0,0.0,0.0,0.0,0.0,0.0,0.0,0.0,1.0,bacterial-pustule
5.0,0.0,2.0,2.0,1.0,2.0,2.0,0.0,0.0,1.0,0.0,1,2.0,0.0,0.0,0.0,0.0,0.0,0.0,1.0,0.0,3.0,0.0,0.0,0.0,0.0,0.0,1.0,1.0,1.0,0.0,1.0,0.0,0.0,0.0,purple-seed-stain
6.0,0.0,2.0,0.0,1.0,3.0,3.0,0.0,1.0,2.0,0.0,1,2.0,0.0,0.0,0.0,0.0,0.0,1.0,0.0,0.0,3.0,0.0,0.0,0.0,0.0,0.0,1.0,1.0,1.0,0.0,1.0,0.0,0.0,0.0,purple-seed-stain
5.0,0.0,2.0,2.0,1.0,1.0,1.0,0.0,1.0,2.0,0.0,1,2.0,0.0,0.0,0.0,0.0,0.0,0.0,0.0,0.0,3.0,0.0,0.0,0.0,0.0,0.0,1.0,1.0,1.0,0.0,1.0,0.0,0.0,0.0,purple-seed-stain
4.0,0.0,2.0,2.0,1.0,0.0,0.0,0.0,0.0,2.0,0.0,1,2.0,0.0,0.0,0.0,0.0,0.0,0.0,1.0,0.0,3.0,0.0,0.0,0.0,0.0,0.0,1.0,1.0,1.0,0.0,1.0,0.0,0.0,0.0,purple-seed-stain
5.0,0.0,2.0,0.0,0.0,1.0,1.0,0.0,0.0,1.0,0.0,1,2.0,0.0,0.0,0.0,0.0,0.0,1.0,0.0,0.0,3.0,0.0,0.0,0.0,0.0,0.0,1.0,1.0,1.0,0.0,1.0,0.0,0.0,0.0,purple-seed-stain
6.0,0.0,2.0,1.0,0.0,2.0,2.0,0.0,0.0,2.0,0.0,0,0.0,2.0,2.0,0.0,0.0,0.0,1.0,0.0,0.0,3.0,0.0,0.0,0.0,0.0,0.0,1.0,1.0,1.0,0.0,1.0,0.0,0.0,0.0,purple-seed-stain
3.0,0.0,2.0,2.0,0.0,3.0,3.0,0.0,0.0,1.0,0.0,0,0.0,2.0,2.0,0.0,0.0,0.0,0.0,0.0,0.0,3.0,0.0,0.0,0.0,0.0,0.0,0.0,0.0,1.0,0.0,1.0,0.0,0.0,0.0,purple-seed-stain
3.0,0.0,2.0,0.0,0.0,3.0,3.0,0.0,0.0,2.0,0.0,0,0.0,2.0,2.0,0.0,0.0,0.0,0.0,0.0,0.0,3.0,0.0,0.0,0.0,0.0,0.0,0.0,0.0,1.0,0.0,1.0,0.0,0.0,0.0,purple-seed-stain
5.0,0.0,2.0,2.0,0.0,1.0,1.0,0.0,1.0,2.0,0.0,0,0.0,2.0,2.0,0.0,0.0,0.0,0.0,0.0,0.0,3.0,0.0,0.0,0.0,0.0,0.0,0.0,0.0,1.0,0.0,1.0,0.0,0.0,0.0,purple-seed-stain
6.0,0.0,2.0,1.0,0.0,3.0,3.0,0.0,1.0,2.0,0.0,1,2.0,0.0,0.0,0.0,0.0,0.0,1.0,0.0,0.0,3.0,0.0,0.0,0.0,0.0,0.0,1.0,1.0,1.0,0.0,1.0,0.0,0.0,0.0,purple-seed-stain
0.0,0.0,2.0,1.0,0.0,0.0,0.0,0.0,0.0,0.0,0.0,1,0.0,2.0,2.0,0.0,0.0,0.0,1.0,0.0,2.0,1.0,0.0,1.0,0.0,0.0,0.0,0.0,0.0,1.0,0.0,1.0,1.0,1.0,0.0,anthracnose
2.0,0.0,2.0,1.0,0.0,2.0,2.0,0.0,2.0,2.0,1.0,1,0.0,2.0,2.0,0.0,0.0,0.0,1.0,0.0,3.0,1.0,0.0,1.0,0.0,0.0,0.0,0.0,0.0,1.0,0.0,1.0,1.0,1.0,0.0,anthracnose
4.0,0.0,2.0,1.0,0.0,0.0,0.0,0.0,1.0,1.0,0.0,1,0.0,2.0,2.0,0.0,0.0,0.0,1.0,0.0,3.0,1.0,1.0,1.0,0.0,0.0,0.0,1.0,2.0,1.0,1.0,0.0,1.0,1.0,0.0,anthracnose
1.0,0.0,2.0,1.0,0.0,0.0,0.0,0.0,2.0,1.0,1.0,1,0.0,2.0,2.0,0.0,0.0,0.0,1.0,0.0,2.0,1.0,0.0,1.0,0.0,0.0,0.0,0.0,0.0,1.0,0.0,1.0,0.0,1.0,0.0,anthracnose
4.0,1.0,2.0,2.0,1.0,1.0,1.0,1.0,0.0,0.0,0.0,1,0.0,2.0,2.0,0.0,0.0,0.0,1.0,1.0,3.0,2.0,1.0,1.0,0.0,0.0,0.0,1.0,2.0,1.0,1.0,0.0,1.0,0.0,0.0,anthracnose
6.0,0.0,2.0,1.0,0.0,3.0,3.0,1.0,0.0,1.0,0.0,0,0.0,2.0,2.0,0.0,0.0,0.0,1.0,0.0,3.0,2.0,1.0,0.0,0.0,0.0,0.0,1.0,2.0,1.0,1.0,0.0,1.0,1.0,0.0,anthracnose
6.0,1.0,2.0,1.0,0.0,1.0,1.0,1.0,1.0,0.0,0.0,0,0.0,2.0,2.0,0.0,0.0,0.0,1.0,0.0,3.0,2.0,1.0,0.0,0.0,0.0,0.0,1.0,2.0,1.0,1.0,0.0,1.0,1.0,0.0,anthracnose
6.0,1.0,2.0,1.0,0.0,3.0,3.0,1.0,0.0,0.0,0.0,0,0.0,2.0,2.0,0.0,0.0,0.0,1.0,0.0,3.0,2.0,1.0,0.0,0.0,0.0,0.0,1.0,2.0,1.0,1.0,0.0,1.0,1.0,0.0,anthracnose
5.0,1.0,2.0,1.0,0.0,2.0,2.0,1.0,0.0,2.0,0.0,0,0.0,2.0,2.0,0.0,0.0,0.0,1.0,0.0,3.0,2.0,1.0,0.0,0.0,0.0,0.0,1.0,2.0,1.0,1.0,0.0,1.0,1.0,0.0,anthracnose
5.0,0.0,2.0,1.0,0.0,3.0,3.0,1.0,1.0,0.0,0.0,0,0.0,2.0,2.0,0.0,0.0,0.0,1.0,0.0,3.0,2.0,1.0,0.0,0.0,0.0,0.0,1.0,2.0,1.0,1.0,0.0,1.0,1.0,0.0,anthracnose
4.0,0.0,2.0,1.0,0.0,2.0,2.0,1.0,1.0,2.0,0.0,0,0.0,2.0,2.0,0.0,0.0,0.0,1.0,0.0,3.0,2.0,0.0,0.0,0.0,0.0,0.0,1.0,2.0,0.0,0.0,0.0,0.0,0.0,0.0,anthracnose
3.0,1.0,2.0,2.0,1.0,1.0,1.0,0.0,1.0,2.0,1.0,1,0.0,2.0,2.0,0.0,0.0,0.0,1.0,1.0,3.0,2.0,1.0,1.0,0.0,0.0,0.0,1.0,2.0,0.0,0.0,0.0,0.0,0.0,0.0,anthracnose
4.0,1.0,2.0,2.0,1.0,1.0,1.0,0.0,1.0,0.0,1.0,1,0.0,2.0,2.0,0.0,0.0,0.0,1.0,1.0,3.0,2.0,1.0,1.0,0.0,0.0,0.0,1.0,2.0,0.0,0.0,0.0,0.0,0.0,0.0,anthracnose
5.0,1.0,2.0,2.0,1.0,2.0,2.0,1.0,0.0,1.0,0.0,1,0.0,2.0,2.0,0.0,0.0,0.0,1.0,0.0,3.0,1.0,1.0,1.0,0.0,0.0,0.0,1.0,2.0,0.0,0.0,0.0,0.0,0.0,0.0,anthracnose
6.0,1.0,2.0,2.0,1.0,3.0,3.0,0.0,1.0,2.0,0.0,1,0.0,2.0,2.0,0.0,0.0,0.0,1.0,0.0,3.0,2.0,1.0,1.0,0.0,0.0,0.0,1.0,2.0,0.0,0.0,0.0,0.0,0.0,0.0,anthracnose
4.0,0.0,2.0,1.0,0.0,1.0,1.0,2.0,0.0,0.0,0.0,0,0.0,2.0,2.0,0.0,0.0,0.0,1.0,0.0,3.0,2.0,0.0,0.0,0.0,0.0,0.0,1.0,2.0,0.0,0.0,0.0,0.0,0.0,0.0,anthracnose
5.0,1.0,2.0,1.0,0.0,2.0,2.0,1.0,1.0,1.0,0.0,0,0.0,2.0,2.0,0.0,0.0,0.0,1.0,0.0,3.0,2.0,1.0,0.0,0.0,0.0,0.0,1.0,2.0,1.0,1.0,0.0,1.0,1.0,0.0,anthracnose
6.0,0.0,2.0,1.0,0.0,3.0,3.0,1.0,0.0,0.0,0.0,0,0.0,2.0,2.0,0.0,0.0,0.0,1.0,0.0,3.0,2.0,1.0,0.0,0.0,0.0,0.0,1.0,2.0,1.0,1.0,0.0,1.0,1.0,0.0,anthracnose
4.0,1.0,2.0,1.0,0.0,1.0,1.0,2.0,1.0,1.0,0.0,0,0.0,2.0,2.0,0.0,0.0,0.0,1.0,0.0,3.0,2.0,0.0,0.0,0.0,0.0,0.0,1.0,2.0,0.0,0.0,0.0,0.0,0.0,0.0,anthracnose
5.0,0.0,2.0,1.0,0.0,2.0,2.0,1.0,0.0,0.0,0.0,0,0.0,2.0,2.0,0.0,0.0,0.0,1.0,0.0,3.0,2.0,1.0,0.0,0.0,0.0,0.0,1.0,2.0,1.0,1.0,0.0,1.0,1.0,0.0,anthracnose
6.0,1.0,2.0,1.0,0.0,3.0,3.0,1.0,1.0,1.0,0.0,0,0.0,2.0,2.0,0.0,0.0,0.0,1.0,0.0,3.0,2.0,1.0,0.0,0.0,0.0,0.0,1.0,2.0,1.0,1.0,0.0,1.0,1.0,0.0,anthracnose
5.0,0.0,2.0,1.0,0.0,3.0,3.0,1.0,0.0,0.0,0.0,0,0.0,2.0,2.0,0.0,0.0,0.0,1.0,0.0,3.0,2.0,1.0,0.0,0.0,0.0,0.0,1.0,2.0,0.0,0.0,0.0,0.0,0.0,0.0,anthracnose
5.0,1.0,2.0,1.0,0.0,1.0,1.0,1.0,1.0,1.0,0.0,0,0.0,2.0,2.0,0.0,0.0,0.0,1.0,0.0,3.0,2.0,0.0,0.0,0.0,0.0,0.0,1.0,2.0,0.0,0.0,0.0,0.0,0.0,0.0,anthracnose
5.0,0.0,2.0,1.0,0.0,1.0,1.0,1.0,0.0,1.0,0.0,0,0.0,2.0,2.0,0.0,0.0,0.0,1.0,0.0,3.0,2.0,1.0,0.0,0.0,0.0,0.0,1.0,2.0,0.0,0.0,0.0,0.0,0.0,0.0,anthracnose
1.0,0.0,0.0,1.0,1.0,0.0,0.0,1.0,0.0,0.0,0.0,1,2.0,0.0,1.0,0.0,1.0,0.0,0.0,0.0,0.0,0.0,0.0,0.0,0.0,0.0,0.0,0.0,0.0,0.0,0.0,0.0,0.0,0.0,0.0,phyllosticta-leaf-spot
3.0,0.0,0.0,1.0,1.0,2.0,3.0,0.0,0.0,2.0,1.0,1,2.0,0.0,1.0,0.0,1.0,0.0,0.0,0.0,0.0,0.0,0.0,0.0,0.0,0.0,0.0,0.0,0.0,0.0,0.0,0.0,0.0,0.0,0.0,phyllosticta-leaf-spot
1.0,1.0,1.0,1.0,0.0,2.0,3.0,1.0,0.0,2.0,0.0,1,2.0,0.0,1.0,0.0,0.0,0.0,0.0,0.0,0.0,0.0,0.0,0.0,0.0,0.0,0.0,0.0,0.0,0.0,0.0,0.0,0.0,0.0,0.0,phyllosticta-leaf-spot
2.0,1.0,1.0,1.0,0.0,2.0,0.0,1.0,0.0,2.0,0.0,1,2.0,0.0,1.0,0.0,0.0,0.0,0.0,0.0,0.0,0.0,0.0,0.0,0.0,0.0,0.0,0.0,0.0,0.0,0.0,0.0,0.0,0.0,0.0,phyllosticta-leaf-spot
2.0,0.0,0.0,2.0,1.0,1.0,2.0,0.0,1.0,1.0,0.0,1,2.0,0.0,1.0,1.0,0.0,0.0,0.0,0.0,0.0,0.0,0.0,0.0,0.0,0.0,0.0,0.0,0.0,0.0,0.0,0.0,0.0,0.0,0.0,phyllosticta-leaf-spot
2.0,0.0,0.0,2.0,1.0,1.0,3.0,0.0,0.0,2.0,0.0,1,2.0,0.0,1.0,1.0,0.0,0.0,0.0,0.0,0.0,0.0,0.0,0.0,0.0,0.0,0.0,0.0,0.0,0.0,0.0,0.0,0.0,0.0,0.0,phyllosticta-leaf-spot
3.0,1.0,1.0,2.0,0.0,1.0,0.0,0.0,0.0,0.0,1.0,1,2.0,0.0,1.0,1.0,1.0,0.0,0.0,0.0,0.0,0.0,0.0,0.0,0.0,0.0,0.0,0.0,0.0,0.0,0.0,0.0,0.0,0.0,0.0,phyllosticta-leaf-spot
4.0,1.0,1.0,2.0,0.0,1.0,2.0,0.0,1.0,1.0,1.0,1,2.0,0.0,1.0,1.0,1.0,0.0,0.0,0.0,0.0,0.0,0.0,0.0,0.0,0.0,0.0,0.0,0.0,0.0,0.0,0.0,0.0,0.0,0.0,phyllosticta-leaf-spot
2.0,1.0,1.0,2.0,0.0,3.0,0.0,0.0,1.0,1.0,0.0,1,2.0,0.0,1.0,1.0,1.0,0.0,0.0,0.0,0.0,0.0,0.0,0.0,0.0,0.0,0.0,0.0,0.0,0.0,0.0,0.0,0.0,0.0,0.0,phyllosticta-leaf-spot
4.0,1.0,1.0,2.0,0.0,1.0,3.0,0.0,1.0,1.0,0.0,1,2.0,0.0,1.0,1.0,1.0,0.0,0.0,0.0,0.0,0.0,0.0,0.0,0.0,0.0,0.0,0.0,0.0,0.0,0.0,0.0,0.0,0.0,0.0,phyllosticta-leaf-spot
6.0,0.0,2.0,2.0,0.0,2.0,2.0,0.0,1.0,0.0,0.0,1,2.0,0.0,1.0,0.0,0.0,0.0,0.0,0.0,0.0,0.0,0.0,0.0,0.0,0.0,0.0,0.0,0.0,0.0,0.0,0.0,0.0,0.0,0.0,alternarialeaf-spot
5.0,0.0,2.0,2.0,0.0,2.0,2.0,1.0,0.0,0.0,0.0,1,2.0,0.0,1.0,0.0,0.0,0.0,0.0,0.0,0.0,0.0,0.0,0.0,0.0,0.0,0.0,0.0,0.0,0.0,0.0,0.0,0.0,0.0,0.0,alternarialeaf-spot
6.0,1.0,2.0,2.0,0.0,2.0,3.0,1.0,1.0,2.0,0.0,1,2.0,0.0,1.0,0.0,0.0,0.0,0.0,0.0,0.0,0.0,0.0,0.0,0.0,0.0,0.0,0.0,0.0,0.0,0.0,0.0,0.0,0.0,0.0,alternarialeaf-spot
5.0,1.0,2.0,1.0,0.0,2.0,2.0,0.0,0.0,2.0,0.0,1,2.0,0.0,1.0,0.0,0.0,0.0,0.0,0.0,0.0,0.0,0.0,0.0,0.0,0.0,0.0,0.0,0.0,0.0,0.0,0.0,0.0,0.0,0.0,alternarialeaf-spot
6.0,0.0,2.0,1.0,0.0,3.0,3.0,0.0,1.0,0.0,0.0,1,2.0,0.0,1.0,0.0,0.0,0.0,0.0,0.0,0.0,0.0,0.0,0.0,0.0,0.0,0.0,0.0,0.0,0.0,0.0,0.0,0.0,0.0,0.0,alternarialeaf-spot
5.0,0.0,2.0,1.0,0.0,2.0,2.0,0.0,0.0,0.0,0.0,1,2.0,0.0,1.0,1.0,0.0,0.0,0.0,0.0,0.0,0.0,0.0,0.0,0.0,0.0,0.0,0.0,0.0,0.0,0.0,0.0,0.0,0.0,0.0,alternarialeaf-spot
6.0,0.0,2.0,1.0,0.0,3.0,3.0,0.0,1.0,1.0,0.0,1,2.0,0.0,1.0,1.0,0.0,0.0,0.0,0.0,0.0,0.0,0.0,0.0,0.0,0.0,0.0,0.0,0.0,0.0,0.0,0.0,0.0,0.0,0.0,alternarialeaf-spot
5.0,0.0,2.0,1.0,0.0,3.0,0.0,0.0,1.0,1.0,0.0,1,2.0,0.0,1.0,1.0,0.0,0.0,0.0,0.0,0.0,0.0,0.0,0.0,0.0,0.0,0.0,0.0,0.0,0.0,0.0,0.0,0.0,0.0,0.0,alternarialeaf-spot
5.0,1.0,2.0,1.0,1.0,0.0,0.0,1.0,1.0,1.0,0.0,1,2.0,0.0,1.0,0.0,0.0,0.0,0.0,0.0,0.0,0.0,0.0,0.0,0.0,0.0,0.0,0.0,0.0,1.0,0.0,1.0,0.0,0.0,0.0,alternarialeaf-spot
5.0,1.0,2.0,1.0,1.0,1.0,1.0,1.0,1.0,1.0,0.0,1,2.0,0.0,1.0,0.0,0.0,0.0,0.0,0.0,0.0,0.0,0.0,0.0,0.0,0.0,0.0,0.0,0.0,0.0,0.0,0.0,0.0,0.0,0.0,alternarialeaf-spot
4.0,0.0,2.0,1.0,1.0,0.0,0.0,1.0,0.0,0.0,0.0,1,2.0,0.0,1.0,0.0,0.0,0.0,0.0,0.0,0.0,0.0,0.0,0.0,0.0,0.0,0.0,0.0,0.0,1.0,0.0,1.0,0.0,0.0,0.0,alternarialeaf-spot
6.0,1.0,1.0,2.0,1.0,1.0,1.0,0.0,2.0,2.0,0.0,1,2.0,0.0,1.0,0.0,0.0,0.0,0.0,0.0,0.0,0.0,0.0,0.0,0.0,0.0,0.0,0.0,0.0,0.0,0.0,0.0,0.0,0.0,0.0,alternarialeaf-spot
4.0,1.0,2.0,1.0,0.0,2.0,2.0,0.0,0.0,0.0,0.0,1,2.0,0.0,1.0,0.0,0.0,0.0,0.0,0.0,0.0,0.0,0.0,0.0,0.0,0.0,0.0,0.0,0.0,1.0,0.0,0.0,0.0,0.0,0.0,alternarialeaf-spot
6.0,0.0,1.0,1.0,1.0,0.0,0.0,0.0,2.0,2.0,0.0,1,2.0,0.0,1.0,0.0,0.0,0.0,0.0,0.0,0.0,0.0,0.0,0.0,0.0,0.0,0.0,0.0,0.0,1.0,0.0,1.0,0.0,0.0,0.0,alternarialeaf-spot
5.0,0.0,2.0,1.0,1.0,2.0,2.0,1.0,1.0,1.0,0.0,1,2.0,0.0,1.0,0.0,0.0,0.0,0.0,0.0,0.0,0.0,0.0,0.0,0.0,0.0,0.0,0.0,0.0,1.0,0.0,1.0,0.0,0.0,0.0,alternarialeaf-spot
6.0,0.0,1.0,2.0,1.0,3.0,3.0,0.0,2.0,0.0,0.0,1,2.0,0.0,1.0,0.0,0.0,0.0,0.0,0.0,0.0,0.0,0.0,0.0,0.0,0.0,0.0,0.0,0.0,0.0,0.0,1.0,0.0,0.0,0.0,alternarialeaf-spot
4.0,1.0,2.0,2.0,0.0,0.0,0.0,0.0,0.0,2.0,0.0,1,2.0,0.0,1.0,0.0,0.0,0.0,0.0,0.0,0.0,0.0,0.0,0.0,0.0,0.0,0.0,0.0,0.0,1.0,0.0,1.0,0.0,0.0,0.0,alternarialeaf-spot
5.0,1.0,1.0,2.0,1.0,0.0,0.0,1.0,1.0,2.0,0.0,1,2.0,0.0,1.0,0.0,0.0,0.0,0.0,0.0,0.0,0.0,0.0,0.0,0.0,0.0,0.0,0.0,0.0,1.0,0.0,1.0,0.0,0.0,0.0,alternarialeaf-spot
6.0,0.0,2.0,1.0,0.0,1.0,1.0,0.0,2.0,0.0,0.0,1,2.0,0.0,1.0,0.0,0.0,0.0,0.0,0.0,0.0,0.0,0.0,0.0,0.0,0.0,0.0,0.0,0.0,0.0,0.0,0.0,0.0,0.0,0.0,alternarialeaf-spot
5.0,1.0,1.0,2.0,1.0,2.0,2.0,0.0,0.0,0.0,0.0,1,2.0,0.0,1.0,0.0,0.0,0.0,0.0,0.0,0.0,0.0,0.0,0.0,0.0,0.0,0.0,0.0,0.0,1.0,0.0,1.0,0.0,0.0,0.0,alternarialeaf-spot
4.0,0.0,2.0,1.0,0.0,1.0,0.0,1.0,0.0,0.0,0.0,1,2.0,0.0,1.0,0.0,0.0,0.0,0.0,0.0,0.0,0.0,0.0,0.0,0.0,0.0,0.0,0.0,0.0,0.0,0.0,0.0,0.0,0.0,0.0,alternarialeaf-spot
5.0,0.0,2.0,2.0,0.0,2.0,1.0,1.0,1.0,1.0,0.0,1,2.0,0.0,1.0,0.0,0.0,0.0,0.0,0.0,0.0,0.0,0.0,0.0,0.0,0.0,0.0,0.0,0.0,0.0,0.0,0.0,0.0,0.0,0.0,alternarialeaf-spot
6.0,1.0,2.0,2.0,0.0,3.0,2.0,0.0,0.0,2.0,0.0,1,2.0,0.0,1.0,0.0,0.0,0.0,0.0,0.0,0.0,0.0,0.0,0.0,0.0,0.0,0.0,0.0,0.0,0.0,0.0,0.0,0.0,0.0,0.0,alternarialeaf-spot
5.0,0.0,2.0,2.0,0.0,1.0,3.0,0.0,1.0,0.0,0.0,1,2.0,0.0,1.0,0.0,0.0,0.0,0.0,0.0,0.0,0.0,0.0,0.0,0.0,0.0,0.0,0.0,0.0,0.0,0.0,0.0,0.0,0.0,0.0,alternarialeaf-spot
5.0,0.0,2.0,2.0,0.0,2.0,0.0,1.0,0.0,1.0,0.0,1,2.0,0.0,1.0,0.0,0.0,0.0,0.0,0.0,0.0,0.0,0.0,0.0,0.0,0.0,0.0,0.0,0.0,0.0,0.0,0.0,0.0,0.0,0.0,alternarialeaf-spot
5.0,1.0,2.0,2.0,0.0,3.0,1.0,0.0,1.0,2.0,0.0,1,2.0,0.0,1.0,0.0,0.0,0.0,0.0,0.0,0.0,0.0,0.0,0.0,0.0,0.0,0.0,0.0,0.0,0.0,0.0,0.0,0.0,0.0,0.0,alternarialeaf-spot
5.0,0.0,2.0,2.0,0.0,2.0,3.0,0.0,1.0,1.0,0.0,1,2.0,0.0,1.0,0.0,0.0,0.0,0.0,0.0,0.0,0.0,0.0,0.0,0.0,0.0,0.0,0.0,0.0,0.0,0.0,0.0,0.0,0.0,0.0,alternarialeaf-spot
5.0,1.0,2.0,2.0,0.0,3.0,0.0,1.0,0.0,2.0,0.0,1,2.0,0.0,1.0,0.0,0.0,0.0,0.0,0.0,0.0,0.0,0.0,0.0,0.0,0.0,0.0,0.0,0.0,0.0,0.0,0.0,0.0,0.0,0.0,alternarialeaf-spot
5.0,0.0,2.0,2.0,0.0,1.0,1.0,0.0,1.0,0.0,0.0,1,2.0,0.0,1.0,0.0,0.0,0.0,0.0,0.0,0.0,0.0,0.0,0.0,0.0,0.0,0.0,0.0,0.0,0.0,0.0,0.0,0.0,0.0,0.0,alternarialeaf-spot
4.0,0.0,2.0,1.0,0.0,2.0,2.0,1.0,0.0,1.0,0.0,1,2.0,0.0,1.0,0.0,0.0,0.0,0.0,0.0,0.0,0.0,0.0,0.0,0.0,0.0,0.0,0.0,0.0,0.0,0.0,0.0,0.0,0.0,0.0,alternarialeaf-spot
5.0,1.0,2.0,2.0,0.0,3.0,3.0,0.0,1.0,2.0,0.0,1,2.0,0.0,1.0,0.0,0.0,0.0,0.0,0.0,0.0,0.0,0.0,0.0,0.0,0.0,0.0,0.0,0.0,0.0,0.0,0.0,0.0,0.0,0.0,alternarialeaf-spot
6.0,0.0,2.0,2.0,0.0,1.0,0.0,0.0,0.0,0.0,0.0,1,2.0,0.0,1.0,0.0,0.0,0.0,0.0,0.0,0.0,0.0,0.0,0.0,0.0,0.0,0.0,0.0,0.0,0.0,0.0,0.0,0.0,0.0,0.0,alternarialeaf-spot
3.0,0.0,2.0,1.0,0.0,2.0,1.0,1.0,1.0,1.0,0.0,1,2.0,0.0,1.0,0.0,0.0,0.0,0.0,0.0,0.0,0.0,0.0,0.0,0.0,0.0,0.0,0.0,0.0,0.0,0.0,0.0,0.0,0.0,0.0,alternarialeaf-spot
4.0,1.0,2.0,1.0,0.0,3.0,2.0,1.0,0.0,2.0,0.0,1,2.0,0.0,1.0,0.0,0.0,0.0,0.0,0.0,0.0,0.0,0.0,0.0,0.0,0.0,0.0,0.0,0.0,0.0,0.0,0.0,0.0,0.0,0.0,alternarialeaf-spot
5.0,0.0,2.0,2.0,0.0,1.0,3.0,1.0,1.0,0.0,0.0,1,2.0,0.0,1.0,0.0,0.0,0.0,0.0,0.0,0.0,0.0,0.0,0.0,0.0,0.0,0.0,0.0,0.0,0.0,0.0,0.0,0.0,0.0,0.0,alternarialeaf-spot
6.0,0.0,2.0,2.0,0.0,2.0,0.0,0.0,0.0,1.0,0.0,1,2.0,0.0,1.0,0.0,0.0,0.0,0.0,0.0,0.0,0.0,0.0,0.0,0.0,0.0,0.0,0.0,0.0,0.0,0.0,0.0,0.0,0.0,0.0,alternarialeaf-spot
4.0,1.0,2.0,1.0,0.0,3.0,1.0,1.0,1.0,2.0,0.0,1,2.0,0.0,1.0,0.0,0.0,0.0,0.0,0.0,0.0,0.0,0.0,0.0,0.0,0.0,0.0,0.0,0.0,0.0,0.0,0.0,0.0,0.0,0.0,alternarialeaf-spot
4.0,0.0,2.0,1.0,0.0,1.0,2.0,1.0,0.0,0.0,0.0,1,2.0,0.0,1.0,0.0,0.0,0.0,0.0,0.0,0.0,0.0,0.0,0.0,0.0,0.0,0.0,0.0,0.0,0.0,0.0,0.0,0.0,0.0,0.0,alternarialeaf-spot
5.0,0.0,2.0,2.0,0.0,2.0,3.0,0.0,1.0,1.0,0.0,1,2.0,0.0,1.0,0.0,0.0,0.0,0.0,0.0,0.0,0.0,0.0,0.0,0.0,0.0,0.0,0.0,0.0,0.0,0.0,0.0,0.0,0.0,0.0,alternarialeaf-spot
5.0,1.0,2.0,2.0,0.0,3.0,0.0,0.0,0.0,2.0,0.0,1,2.0,0.0,1.0,0.0,0.0,0.0,0.0,0.0,0.0,0.0,0.0,0.0,0.0,0.0,0.0,0.0,0.0,0.0,0.0,0.0,0.0,0.0,0.0,alternarialeaf-spot
5.0,0.0,2.0,2.0,0.0,1.0,1.0,1.0,1.0,0.0,0.0,1,2.0,0.0,1.0,0.0,0.0,0.0,0.0,0.0,0.0,0.0,0.0,0.0,0.0,0.0,0.0,0.0,0.0,0.0,0.0,0.0,0.0,0.0,0.0,alternarialeaf-spot
6.0,0.0,2.0,2.0,0.0,2.0,2.0,0.0,0.0,1.0,0.0,1,2.0,0.0,1.0,0.0,0.0,0.0,0.0,0.0,0.0,0.0,0.0,0.0,0.0,0.0,0.0,0.0,0.0,0.0,0.0,0.0,0.0,0.0,0.0,alternarialeaf-spot
6.0,1.0,2.0,2.0,0.0,3.0,3.0,0.0,1.0,2.0,0.0,1,2.0,0.0,1.0,0.0,0.0,0.0,0.0,0.0,0.0,0.0,0.0,0.0,0.0,0.0,0.0,0.0,0.0,0.0,0.0,0.0,0.0,0.0,0.0,alternarialeaf-spot
5.0,0.0,2.0,2.0,0.0,1.0,0.0,0.0,0.0,0.0,0.0,1,2.0,0.0,1.0,0.0,0.0,0.0,0.0,0.0,0.0,0.0,0.0,0.0,0.0,0.0,0.0,0.0,0.0,0.0,0.0,0.0,0.0,0.0,0.0,alternarialeaf-spot
6.0,0.0,2.0,2.0,0.0,2.0,1.0,1.0,1.0,1.0,0.0,1,2.0,0.0,1.0,0.0,0.0,0.0,0.0,0.0,0.0,0.0,0.0,0.0,0.0,0.0,0.0,0.0,0.0,0.0,0.0,0.0,0.0,0.0,0.0,alternarialeaf-spot
5.0,1.0,2.0,2.0,0.0,3.0,2.0,0.0,0.0,2.0,0.0,1,2.0,0.0,1.0,0.0,0.0,0.0,0.0,0.0,0.0,0.0,0.0,0.0,0.0,0.0,0.0,0.0,0.0,0.0,0.0,0.0,0.0,0.0,0.0,alternarialeaf-spot
6.0,0.0,2.0,2.0,0.0,3.0,3.0,1.0,1.0,0.0,0.0,1,2.0,0.0,1.0,0.0,0.0,0.0,0.0,0.0,0.0,0.0,0.0,0.0,0.0,0.0,0.0,0.0,0.0,0.0,0.0,0.0,0.0,0.0,0.0,alternarialeaf-spot
5.0,0.0,2.0,2.0,0.0,3.0,1.0,0.0,0.0,1.0,0.0,1,2.0,0.0,1.0,0.0,0.0,0.0,0.0,0.0,0.0,0.0,0.0,0.0,0.0,0.0,0.0,0.0,0.0,0.0,0.0,0.0,0.0,0.0,0.0,alternarialeaf-spot
6.0,1.0,2.0,2.0,0.0,3.0,2.0,1.0,1.0,2.0,0.0,1,2.0,0.0,1.0,0.0,0.0,0.0,0.0,0.0,0.0,0.0,0.0,0.0,0.0,0.0,0.0,0.0,0.0,0.0,0.0,0.0,0.0,0.0,0.0,alternarialeaf-spot
5.0,0.0,2.0,2.0,0.0,2.0,1.0,1.0,0.0,0.0,0.0,1,2.0,0.0,1.0,0.0,0.0,0.0,0.0,0.0,0.0,0.0,0.0,0.0,0.0,0.0,0.0,0.0,0.0,0.0,0.0,0.0,0.0,0.0,0.0,alternarialeaf-spot
6.0,0.0,2.0,2.0,0.0,2.0,2.0,0.0,1.0,1.0,0.0,1,2.0,0.0,1.0,0.0,0.0,0.0,0.0,0.0,0.0,0.0,0.0,0.0,0.0,0.0,0.0,0.0,0.0,0.0,0.0,0.0,0.0,0.0,0.0,alternarialeaf-spot
4.0,1.0,2.0,1.0,0.0,3.0,0.0,1.0,0.0,2.0,0.0,1,2.0,0.0,1.0,0.0,0.0,0.0,1.0,0.0,3.0,2.0,0.0,1.0,0.0,0.0,0.0,1.0,1.0,0.0,0.0,0.0,0.0,0.0,0.0,frog-eye-leaf-spot
4.0,0.0,2.0,1.0,0.0,2.0,2.0,1.0,0.0,1.0,0.0,1,2.0,0.0,1.0,0.0,0.0,0.0,1.0,0.0,3.0,2.0,0.0,1.0,0.0,0.0,0.0,1.0,1.0,0.0,0.0,0.0,0.0,0.0,0.0,frog-eye-leaf-spot
3.0,0.0,2.0,1.0,0.0,1.0,0.0,0.0,0.0,0.0,0.0,1,2.0,0.0,1.0,0.0,0.0,0.0,0.0,0.0,0.0,0.0,0.0,0.0,0.0,0.0,0.0,0.0,0.0,0.0,0.0,0.0,0.0,0.0,0.0,frog-eye-leaf-spot
4.0,0.0,2.0,1.0,0.0,1.0,3.0,1.0,1.0,0.0,0.0,1,2.0,0.0,1.0,0.0,0.0,0.0,0.0,0.0,0.0,0.0,0.0,0.0,0.0,0.0,0.0,0.0,0.0,0.0,0.0,0.0,0.0,0.0,0.0,frog-eye-leaf-spot
4.0,1.0,2.0,1.0,0.0,3.0,1.0,1.0,1.0,2.0,0.0,1,2.0,0.0,1.0,0.0,0.0,0.0,0.0,0.0,0.0,0.0,0.0,0.0,0.0,0.0,0.0,0.0,0.0,0.0,0.0,0.0,0.0,0.0,0.0,frog-eye-leaf-spot
4.0,1.0,2.0,1.0,0.0,2.0,1.0,0.0,1.0,2.0,0.0,1,2.0,0.0,1.0,0.0,0.0,0.0,1.0,0.0,3.0,2.0,0.0,1.0,0.0,0.0,0.0,1.0,1.0,0.0,0.0,0.0,0.0,0.0,0.0,frog-eye-leaf-spot
4.0,1.0,2.0,1.0,0.0,3.0,0.0,1.0,0.0,2.0,0.0,1,2.0,0.0,1.0,0.0,0.0,0.0,0.0,0.0,0.0,0.0,0.0,0.0,0.0,0.0,0.0,0.0,0.0,0.0,0.0,0.0,0.0,0.0,0.0,frog-eye-leaf-spot
4.0,0.0,1.0,1.0,1.0,3.0,1.0,0.0,0.0,1.0,0.0,1,2.0,0.0,1.0,0.0,0.0,0.0,0.0,0.0,0.0,0.0,0.0,0.0,0.0,0.0,0.0,0.0,0.0,0.0,0.0,0.0,0.0,0.0,0.0,frog-eye-leaf-spot
6.0,0.0,1.0,1.0,0.0,2.0,3.0,0.0,1.0,0.0,0.0,1,2.0,0.0,1.0,0.0,0.0,0.0,0.0,0.0,0.0,0.0,0.0,0.0,0.0,0.0,0.0,0.0,0.0,0.0,0.0,0.0,0.0,0.0,0.0,frog-eye-leaf-spot
5.0,0.0,1.0,1.0,1.0,0.0,1.0,0.0,0.0,0.0,0.0,1,2.0,0.0,1.0,0.0,0.0,0.0,1.0,0.0,3.0,0.0,0.0,1.0,0.0,0.0,0.0,1.0,1.0,0.0,0.0,0.0,0.0,0.0,0.0,frog-eye-leaf-spot
3.0,0.0,2.0,1.0,1.0,0.0,0.0,1.0,0.0,1.0,0.0,1,2.0,0.0,1.0,0.0,0.0,0.0,0.0,0.0,0.0,0.0,0.0,0.0,0.0,0.0,0.0,0.0,0.0,0.0,0.0,0.0,0.0,0.0,0.0,frog-eye-leaf-spot
5.0,0.0,2.0,1.0,1.0,2.0,2.0,0.0,2.0,0.0,0.0,1,2.0,0.0,1.0,0.0,0.0,0.0,1.0,1.0,3.0,1.0,0.0,0.0,0.0,0.0,0.0,0.0,0.0,0.0,0.0,0.0,0.0,0.0,0.0,frog-eye-leaf-spot
3.0,1.0,2.0,1.0,1.0,0.0,0.0,1.0,1.0,2.0,1.0,1,2.0,0.0,1.0,0.0,0.0,0.0,0.0,1.0,2.0,1.0,0.0,1.0,0.0,0.0,0.0,1.0,1.0,0.0,0.0,0.0,0.0,0.0,0.0,frog-eye-leaf-spot
5.0,0.0,2.0,1.0,1.0,2.0,2.0,0.0,0.0,0.0,0.0,1,2.0,0.0,1.0,0.0,0.0,0.0,1.0,0.0,3.0,1.0,0.0,1.0,0.0,0.0,0.0,1.0,1.0,0.0,0.0,0.0,0.0,0.0,0.0,frog-eye-leaf-spot
4.0,0.0,2.0,2.0,1.0,1.0,0.0,1.0,2.0,0.0,0.0,1,2.0,0.0,1.0,0.0,0.0,0.0,0.0,0.0,0.0,0.0,0.0,0.0,0.0,0.0,0.0,0.0,0.0,0.0,0.0,0.0,0.0,0.0,0.0,frog-eye-leaf-spot
4.0,0.0,2.0,2.0,1.0,3.0,2.0,0.0,1.0,0.0,0.0,1,2.0,0.0,1.0,0.0,0.0,0.0,0.0,0.0,0.0,0.0,0.0,0.0,0.0,0.0,0.0,0.0,0.0,0.0,0.0,0.0,0.0,0.0,0.0,frog-eye-leaf-spot
3.0,1.0,2.0,2.0,1.0,2.0,0.0,1.0,0.0,2.0,1.0,1,2.0,0.0,1.0,0.0,0.0,0.0,0.0,0.0,0.0,0.0,0.0,0.0,0.0,0.0,0.0,0.0,0.0,0.0,0.0,0.0,0.0,0.0,0.0,frog-eye-leaf-spot
4.0,1.0,2.0,2.0,1.0,3.0,0.0,1.0,2.0,2.0,1.0,1,2.0,0.0,1.0,0.0,0.0,0.0,0.0,1.0,3.0,1.0,0.0,1.0,0.0,0.0,0.0,0.0,0.0,0.0,0.0,0.0,0.0,0.0,0.0,frog-eye-leaf-spot
3.0,0.0,2.0,2.0,0.0,2.0,2.0,1.0,0.0,1.0,0.0,1,2.0,0.0,1.0,0.0,0.0,0.0,0.0,0.0,0.0,0.0,0.0,0.0,0.0,0.0,0.0,0.0,0.0,0.0,0.0,0.0,0.0,0.0,0.0,frog-eye-leaf-spot
3.0,0.0,2.0,1.0,0.0,1.0,0.0,1.0,0.0,0.0,0.0,1,2.0,0.0,1.0,0.0,0.0,0.0,1.0,0.0,3.0,2.0,0.0,1.0,0.0,0.0,0.0,1.0,1.0,0.0,0.0,0.0,0.0,0.0,0.0,frog-eye-leaf-spot
4.0,0.0,2.0,2.0,0.0,2.0,1.0,1.0,1.0,1.0,0.0,1,2.0,0.0,1.0,0.0,0.0,0.0,1.0,0.0,3.0,2.0,0.0,1.0,0.0,0.0,0.0,1.0,1.0,0.0,0.0,0.0,0.0,0.0,0.0,frog-eye-leaf-spot
5.0,1.0,2.0,1.0,0.0,3.0,2.0,0.0,0.0,2.0,0.0,1,2.0,0.0,1.0,0.0,0.0,0.0,1.0,0.0,3.0,2.0,0.0,1.0,0.0,0.0,0.0,1.0,1.0,0.0,0.0,0.0,0.0,0.0,0.0,frog-eye-leaf-spot
6.0,0.0,2.0,2.0,0.0,1.0,3.0,0.0,1.0,0.0,0.0,1,2.0,0.0,1.0,0.0,0.0,0.0,1.0,0.0,3.0,2.0,0.0,1.0,0.0,0.0,0.0,1.0,1.0,0.0,0.0,0.0,0.0,0.0,0.0,frog-eye-leaf-spot
4.0,0.0,2.0,1.0,0.0,2.0,0.0,1.0,0.0,1.0,0.0,1,2.0,0.0,1.0,0.0,0.0,0.0,1.0,0.0,3.0,2.0,0.0,1.0,0.0,0.0,0.0,1.0,1.0,0.0,0.0,0.0,0.0,0.0,0.0,frog-eye-leaf-spot
5.0,1.0,2.0,2.0,0.0,3.0,1.0,0.0,1.0,2.0,0.0,1,2.0,0.0,1.0,0.0,0.0,0.0,1.0,0.0,3.0,2.0,0.0,1.0,0.0,0.0,0.0,1.0,1.0,0.0,0.0,0.0,0.0,0.0,0.0,frog-eye-leaf-spot
6.0,0.0,2.0,1.0,0.0,1.0,2.0,0.0,0.0,0.0,0.0,1,2.0,0.0,1.0,0.0,0.0,0.0,1.0,0.0,3.0,2.0,0.0,1.0,0.0,0.0,0.0,1.0,1.0,0.0,0.0,0.0,0.0,0.0,0.0,frog-eye-leaf-spot
4.0,0.0,2.0,2.0,0.0,2.0,3.0,1.0,1.0,1.0,0.0,1,2.0,0.0,1.0,0.0,0.0,0.0,1.0,0.0,3.0,2.0,0.0,1.0,0.0,0.0,0.0,1.0,1.0,0.0,0.0,0.0,0.0,0.0,0.0,frog-eye-leaf-spot
5.0,1.0,2.0,1.0,0.0,3.0,0.0,0.0,0.0,2.0,0.0,1,2.0,0.0,1.0,0.0,0.0,0.0,1.0,0.0,3.0,2.0,0.0,1.0,0.0,0.0,0.0,1.0,1.0,0.0,0.0,0.0,0.0,0.0,0.0,frog-eye-leaf-spot
6.0,0.0,2.0,2.0,0.0,1.0,1.0,0.0,1.0,0.0,0.0,1,2.0,0.0,1.0,0.0,0.0,0.0,1.0,0.0,3.0,2.0,0.0,1.0,0.0,0.0,0.0,1.0,1.0,0.0,0.0,0.0,0.0,0.0,0.0,frog-eye-leaf-spot
4.0,0.0,2.0,1.0,0.0,2.0,2.0,1.0,0.0,1.0,0.0,1,2.0,0.0,1.0,0.0,0.0,0.0,1.0,0.0,3.0,2.0,0.0,1.0,0.0,0.0,0.0,1.0,1.0,0.0,0.0,0.0,0.0,0.0,0.0,frog-eye-leaf-spot
5.0,1.0,2.0,2.0,0.0,3.0,3.0,0.0,1.0,2.0,0.0,1,2.0,0.0,1.0,0.0,0.0,0.0,1.0,0.0,3.0,2.0,0.0,1.0,0.0,0.0,0.0,1.0,1.0,0.0,0.0,0.0,0.0,0.0,0.0,frog-eye-leaf-spot
6.0,0.0,2.0,1.0,0.0,1.0,0.0,0.0,0.0,0.0,0.0,1,2.0,0.0,1.0,0.0,0.0,0.0,1.0,0.0,3.0,2.0,0.0,1.0,0.0,0.0,0.0,1.0,1.0,0.0,0.0,0.0,0.0,0.0,0.0,frog-eye-leaf-spot
3.0,0.0,2.0,2.0,0.0,2.0,1.0,1.0,1.0,1.0,0.0,1,2.0,0.0,1.0,0.0,0.0,0.0,1.0,0.0,3.0,2.0,0.0,1.0,0.0,0.0,0.0,1.0,1.0,0.0,0.0,0.0,0.0,0.0,0.0,frog-eye-leaf-spot
4.0,1.0,2.0,1.0,0.0,3.0,2.0,1.0,0.0,2.0,0.0,1,2.0,0.0,1.0,0.0,0.0,0.0,1.0,0.0,3.0,2.0,0.0,1.0,0.0,0.0,0.0,1.0,1.0,0.0,0.0,0.0,0.0,0.0,0.0,frog-eye-leaf-spot
5.0,0.0,2.0,2.0,0.0,1.0,3.0,0.0,1.0,0.0,0.0,1,2.0,0.0,1.0,0.0,0.0,0.0,1.0,0.0,3.0,2.0,0.0,1.0,0.0,0.0,0.0,1.0,1.0,0.0,0.0,0.0,0.0,0.0,0.0,frog-eye-leaf-spot
6.0,0.0,2.0,2.0,0.0,2.0,0.0,0.0,0.0,1.0,0.0,1,2.0,0.0,1.0,0.0,0.0,0.0,1.0,0.0,3.0,2.0,0.0,1.0,0.0,0.0,0.0,1.0,1.0,0.0,0.0,0.0,0.0,0.0,0.0,frog-eye-leaf-spot
3.0,1.0,2.0,1.0,0.0,3.0,1.0,1.0,1.0,2.0,0.0,1,2.0,0.0,1.0,0.0,0.0,0.0,1.0,0.0,3.0,2.0,0.0,1.0,0.0,0.0,0.0,1.0,1.0,0.0,0.0,0.0,0.0,0.0,0.0,frog-eye-leaf-spot
4.0,0.0,2.0,1.0,0.0,1.0,2.0,1.0,0.0,0.0,0.0,1,2.0,0.0,1.0,0.0,0.0,0.0,1.0,0.0,3.0,2.0,0.0,1.0,0.0,0.0,0.0,1.0,1.0,0.0,0.0,0.0,0.0,0.0,0.0,frog-eye-leaf-spot
5.0,0.0,2.0,1.0,0.0,2.0,3.0,0.0,1.0,1.0,0.0,1,2.0,0.0,1.0,0.0,0.0,0.0,1.0,0.0,3.0,2.0,0.0,1.0,0.0,0.0,0.0,1.0,1.0,0.0,0.0,0.0,0.0,0.0,0.0,frog-eye-leaf-spot
6.0,1.0,2.0,2.0,0.0,3.0,0.0,0.0,0.0,2.0,0.0,1,2.0,0.0,1.0,0.0,0.0,0.0,1.0,0.0,3.0,2.0,0.0,1.0,0.0,0.0,0.0,1.0,1.0,0.0,0.0,0.0,0.0,0.0,0.0,frog-eye-leaf-spot
3.0,0.0,2.0,1.0,0.0,1.0,1.0,1.0,1.0,0.0,0.0,1,2.0,0.0,1.0,0.0,0.0,0.0,1.0,0.0,3.0,2.0,0.0,1.0,0.0,0.0,0.0,1.0,1.0,0.0,0.0,0.0,0.0,0.0,0.0,frog-eye-leaf-spot
4.0,0.0,2.0,1.0,0.0,2.0,2.0,1.0,0.0,1.0,0.0,1,2.0,0.0,1.0,0.0,0.0,0.0,1.0,0.0,3.0,2.0,0.0,1.0,0.0,0.0,0.0,1.0,1.0,0.0,0.0,0.0,0.0,0.0,0.0,frog-eye-leaf-spot
5.0,1.0,2.0,2.0,0.0,3.0,3.0,0.0,1.0,2.0,0.0,1,2.0,0.0,1.0,0.0,0.0,0.0,1.0,0.0,3.0,2.0,0.0,1.0,0.0,0.0,0.0,1.0,1.0,0.0,0.0,0.0,0.0,0.0,0.0,frog-eye-leaf-spot
4.0,0.0,2.0,1.0,0.0,1.0,0.0,1.0,0.0,0.0,0.0,1,2.0,0.0,1.0,0.0,0.0,0.0,1.0,0.0,3.0,2.0,0.0,1.0,0.0,0.0,0.0,1.0,1.0,0.0,0.0,0.0,0.0,0.0,0.0,frog-eye-leaf-spot
5.0,0.0,2.0,2.0,0.0,2.0,1.0,0.0,1.0,1.0,0.0,1,2.0,0.0,1.0,0.0,0.0,0.0,1.0,0.0,3.0,2.0,0.0,1.0,0.0,0.0,0.0,1.0,1.0,0.0,0.0,0.0,0.0,0.0,0.0,frog-eye-leaf-spot
6.0,1.0,2.0,1.0,0.0,3.0,2.0,0.0,0.0,2.0,0.0,1,2.0,0.0,1.0,0.0,0.0,0.0,1.0,0.0,3.0,2.0,0.0,1.0,0.0,0.0,0.0,1.0,1.0,0.0,0.0,0.0,0.0,0.0,0.0,frog-eye-leaf-spot
4.0,0.0,2.0,2.0,0.0,1.0,3.0,1.0,1.0,0.0,0.0,1,2.0,0.0,1.0,0.0,0.0,0.0,1.0,0.0,3.0,2.0,0.0,1.0,0.0,0.0,0.0,1.0,1.0,0.0,0.0,0.0,0.0,0.0,0.0,frog-eye-leaf-spot
5.0,0.0,2.0,1.0,0.0,2.0,0.0,0.0,0.0,1.0,0.0,1,2.0,0.0,1.0,0.0,0.0,0.0,1.0,0.0,3.0,2.0,0.0,1.0,0.0,0.0,0.0,1.0,1.0,0.0,0.0,0.0,0.0,0.0,0.0,frog-eye-leaf-spot
6.0,1.0,2.0,2.0,0.0,3.0,1.0,0.0,1.0,2.0,0.0,1,2.0,0.0,1.0,0.0,0.0,0.0,1.0,0.0,3.0,2.0,0.0,1.0,0.0,0.0,0.0,1.0,1.0,0.0,0.0,0.0,0.0,0.0,0.0,frog-eye-leaf-spot
4.0,0.0,2.0,1.0,0.0,1.0,2.0,1.0,0.0,0.0,0.0,1,2.0,0.0,1.0,0.0,0.0,0.0,1.0,0.0,3.0,2.0,0.0,1.0,0.0,0.0,0.0,1.0,1.0,0.0,0.0,0.0,0.0,0.0,0.0,frog-eye-leaf-spot
5.0,0.0,2.0,2.0,0.0,2.0,3.0,0.0,1.0,1.0,0.0,1,2.0,0.0,1.0,0.0,0.0,0.0,1.0,0.0,3.0,2.0,0.0,1.0,0.0,0.0,0.0,1.0,1.0,0.0,0.0,0.0,0.0,0.0,0.0,frog-eye-leaf-spot
6.0,,2.0,2.0,,2.0,3.0,,,,0.0,0,,,,,,,1.0,,0.0,0.0,1.0,0.0,0.0,0.0,0.0,1.0,2.0,1.0,1.0,1.0,1.0,1.0,,diaporthe-pod-&-stem-blight
6.0,,2.0,2.0,,1.0,3.0,,,,0.0,0,,,,,,,1.0,,0.0,0.0,1.0,0.0,0.0,0.0,0.0,1.0,2.0,1.0,1.0,1.0,1.0,1.0,,diaporthe-pod-&-stem-blight
5.0,,2.0,2.0,,1.0,3.0,,,,0.0,0,,,,,,,1.0,,0.0,0.0,1.0,0.0,0.0,0.0,0.0,1.0,2.0,1.0,1.0,1.0,1.0,1.0,,diaporthe-pod-&-stem-blight
6.0,,2.0,2.0,,3.0,3.0,,,,0.0,0,,,,,,,1.0,,0.0,0.0,1.0,0.0,0.0,0.0,0.0,1.0,2.0,1.0,1.0,1.0,1.0,1.0,,diaporthe-pod-&-stem-blight
6.0,,2.0,2.0,,0.0,3.0,,,,0.0,0,,,,,,,1.0,,0.0,0.0,1.0,0.0,0.0,0.0,0.0,1.0,2.0,1.0,1.0,1.0,1.0,1.0,,diaporthe-pod-&-stem-blight
1.0,1.0,1.0,2.0,,0.0,0.0,,,2.0,0.0,0,,,,,,,1.0,,0.0,0.0,1.0,0.0,0.0,0.0,0.0,1.0,2.0,0.0,1.0,1.0,1.0,1.0,,diaporthe-pod-&-stem-blight
5.0,0.0,2.0,2.0,,1.0,3.0,,,0.0,0.0,0,,,,,,,1.0,,0.0,0.0,1.0,0.0,0.0,0.0,0.0,1.0,2.0,1.0,1.0,1.0,1.0,1.0,,diaporthe-pod-&-stem-blight
5.0,0.0,2.0,2.0,,3.0,3.0,,,0.0,0.0,0,,,,,,,1.0,,0.0,0.0,1.0,0.0,0.0,0.0,0.0,1.0,2.0,1.0,1.0,1.0,1.0,1.0,,diaporthe-pod-&-stem-blight
6.0,0.0,2.0,2.0,,3.0,3.0,,,1.0,0.0,0,,,,,,,1.0,,0.0,0.0,1.0,0.0,0.0,0.0,0.0,1.0,2.0,1.0,1.0,1.0,1.0,1.0,,diaporthe-pod-&-stem-blight
2.0,,,,,1.0,1.0,,,,1.0,1,,,,,,,0.0,,,,,,,,,2.0,,1.0,0.0,,1.0,,2.0,cyst-nematode
3.0,,,,,2.0,2.0,,,,1.0,1,,,,,,,0.0,,,,,,,,,2.0,,1.0,0.0,,1.0,,2.0,cyst-nematode
4.0,,,,,1.0,1.0,,,,1.0,1,,,,,,,0.0,,,,,,,,,2.0,,1.0,0.0,,1.0,,2.0,cyst-nematode
2.0,,,,,2.0,2.0,,,,1.0,1,,,,,,,0.0,,,,,,,,,2.0,,1.0,0.0,,1.0,,2.0,cyst-nematode
3.0,,,,,2.0,1.0,,,,1.0,1,,,,,,,0.0,,,,,,,,,2.0,,1.0,0.0,,1.0,,2.0,cyst-nematode
4.0,,,,,3.0,2.0,,,,1.0,1,,,,,,,0.0,,,,,,,,,2.0,,1.0,0.0,,1.0,,2.0,cyst-nematode
4.0,,,,,3.0,1.0,,,,1.0,1,,,,,,,0.0,,,,,,,,,2.0,,1.0,0.0,,1.0,,2.0,cyst-nematode
3.0,,,,,3.0,2.0,,,,1.0,1,,,,,,,0.0,,,,,,,,,2.0,,1.0,0.0,,1.0,,2.0,cyst-nematode
5.0,,,,,,1.0,,,,,1,0.0,2.0,2.0,,1.0,,,,,,,,,,,,,,,,,,,2-4-d-injury
0.0,,,,,,0.0,,,,,1,0.0,2.0,2.0,,1.0,,,,,,,,,,,,,,,,,,,2-4-d-injury
1.0,,,,,,1.0,,,,,1,0.0,2.0,2.0,,1.0,,,,,,,,,,,,,,,,,,,2-4-d-injury
2.0,,,,,,2.0,,,,,1,0.0,2.0,2.0,,1.0,,,,,,,,,,,,,,,,,,,2-4-d-injury
3.0,,,,,,3.0,,,,,1,0.0,2.0,2.0,,1.0,,,,,,,,,,,,,,,,,,,2-4-d-injury
4.0,,,,,,0.0,,,,,1,0.0,2.0,2.0,,1.0,,,,,,,,,,,,,,,,,,,2-4-d-injury
6.0,,,,,,2.0,,,,,1,0.0,2.0,2.0,,1.0,,,,,,,,,,,,,,,,,,,2-4-d-injury
0.0,,,,,,3.0,,,,,1,0.0,2.0,2.0,,1.0,,,,,,,,,,,,,,,,,,,2-4-d-injury
1.0,,,,,,0.0,,,,,1,0.0,2.0,2.0,,1.0,,,,,,,,,,,,,,,,,,,2-4-d-injury
2.0,,,,,,1.0,,,,,1,0.0,2.0,2.0,,1.0,,,,,,,,,,,,,,,,,,,2-4-d-injury
3.0,,,,,,2.0,,,,,1,0.0,2.0,2.0,,1.0,,,,,,,,,,,,,,,,,,,2-4-d-injury
4.0,,,,,,3.0,,,,,1,0.0,2.0,2.0,,1.0,,,,,,,,,,,,,,,,,,,2-4-d-injury
5.0,,,,,,0.0,,,,,1,0.0,2.0,2.0,,1.0,,,,,,,,,,,,,,,,,,,2-4-d-injury
6.0,,,,,,1.0,,,,,1,0.0,2.0,2.0,,1.0,,,,,,,,,,,,,,,,,,,2-4-d-injury
0.0,,,,,,2.0,,,,,1,0.0,2.0,2.0,,1.0,,,,,,,,,,,,,,,,,,,2-4-d-injury
0.0,1.0,,0.0,,0.0,0.0,,,,1.0,1,0.0,2.0,2.0,0.0,1.0,,1.0,,,,,,,,,3.0,,,,,,,1.0,herbicide-injury
2.0,1.0,,0.0,,0.0,0.0,,,,1.0,1,0.0,2.0,2.0,0.0,1.0,,1.0,,,,,,,,,3.0,,,,,,,1.0,herbicide-injury
0.0,1.0,,0.0,,1.0,3.0,,,,1.0,1,2.0,1.0,1.0,0.0,1.0,,1.0,,,,,,,,,3.0,,,,,,,1.0,herbicide-injury
2.0,1.0,,0.0,,1.0,3.0,,,,1.0,1,2.0,1.0,1.0,0.0,1.0,,1.0,,,,,,,,,3.0,,,,,,,1.0,herbicide-injury
