game_name,game_params_json,n_players,index,max_order,ground_truth_method,budget,log_budget,metric,approximator_A,approximator_B,score_A,score_B,score_diff,label
AdultCensus,"{""model_name"": ""decision_tree"", ""normalize"": true, ""random_state"": 42, ""verbose"": false}",14,k-SII,2,ExactComputer,250,5.521460917862246,mse,InconsistentKernelSHAPIQ,KernelSHAPIQ,0.005627252045559453,0.009370254974871511,-0.0037430029293120583,1
AdultCensus,"{""model_name"": ""decision_tree"", ""normalize"": true, ""random_state"": 42, ""verbose"": false}",14,k-SII,2,ExactComputer,250,5.521460917862246,mse,InconsistentKernelSHAPIQ,SVARMIQ,0.005627252045559453,0.005630696417682169,-3.444372122716338e-06,1
AdultCensus,"{""model_name"": ""decision_tree"", ""normalize"": true, ""random_state"": 42, ""verbose"": false}",14,k-SII,2,ExactComputer,250,5.521460917862246,mse,KernelSHAPIQ,SVARMIQ,0.009370254974871511,0.005630696417682169,0.003739558557189342,0
AdultCensus,"{""model_name"": ""decision_tree"", ""normalize"": true, ""random_state"": 42, ""verbose"": false}",14,k-SII,2,ExactComputer,250,5.521460917862246,spearman,InconsistentKernelSHAPIQ,KernelSHAPIQ,0.0348140852857834,0.05262112101734743,-0.01780703573156403,0
AdultCensus,"{""model_name"": ""decision_tree"", ""normalize"": true, ""random_state"": 42, ""verbose"": false}",14,k-SII,2,ExactComputer,250,5.521460917862246,spearman,InconsistentKernelSHAPIQ,SVARMIQ,0.0348140852857834,0.05777282465961711,-0.022958739373833713,0
AdultCensus,"{""model_name"": ""decision_tree"", ""normalize"": true, ""random_state"": 42, ""verbose"": false}",14,k-SII,2,ExactComputer,250,5.521460917862246,spearman,KernelSHAPIQ,SVARMIQ,0.05262112101734743,0.05777282465961711,-0.005151703642269682,0
AdultCensus,"{""model_name"": ""decision_tree"", ""normalize"": true, ""random_state"": 42, ""verbose"": false}",14,k-SII,2,ExactComputer,500,6.214608098422191,mse,InconsistentKernelSHAPIQ,KernelSHAPIQ,0.0028452356283061087,0.0049189192961426416,-0.002073683667836533,1
AdultCensus,"{""model_name"": ""decision_tree"", ""normalize"": true, ""random_state"": 42, ""verbose"": false}",14,k-SII,2,ExactComputer,500,6.214608098422191,mse,InconsistentKernelSHAPIQ,SVARMIQ,0.0028452356283061087,0.0038410068162551257,-0.000995771187949017,1
AdultCensus,"{""model_name"": ""decision_tree"", ""normalize"": true, ""random_state"": 42, ""verbose"": false}",14,k-SII,2,ExactComputer,500,6.214608098422191,mse,KernelSHAPIQ,SVARMIQ,0.0049189192961426416,0.0038410068162551257,0.0010779124798875159,0
AdultCensus,"{""model_name"": ""decision_tree"", ""normalize"": true, ""random_state"": 42, ""verbose"": false}",14,k-SII,2,ExactComputer,500,6.214608098422191,spearman,InconsistentKernelSHAPIQ,KernelSHAPIQ,0.08079997426126248,0.07494012168703124,0.005859852574231245,1
AdultCensus,"{""model_name"": ""decision_tree"", ""normalize"": true, ""random_state"": 42, ""verbose"": false}",14,k-SII,2,ExactComputer,500,6.214608098422191,spearman,InconsistentKernelSHAPIQ,SVARMIQ,0.08079997426126248,0.08623299277170456,-0.005433018510442075,0
AdultCensus,"{""model_name"": ""decision_tree"", ""normalize"": true, ""random_state"": 42, ""verbose"": false}",14,k-SII,2,ExactComputer,500,6.214608098422191,spearman,KernelSHAPIQ,SVARMIQ,0.07494012168703124,0.08623299277170456,-0.01129287108467332,0
AdultCensus,"{""model_name"": ""decision_tree"", ""normalize"": true, ""random_state"": 42, ""verbose"": false}",14,k-SII,2,ExactComputer,1000,6.907755278982137,mse,InconsistentKernelSHAPIQ,KernelSHAPIQ,0.002010737606499809,0.0033948261286882815,-0.0013840885221884725,1
AdultCensus,"{""model_name"": ""decision_tree"", ""normalize"": true, ""random_state"": 42, ""verbose"": false}",14,k-SII,2,ExactComputer,1000,6.907755278982137,mse,InconsistentKernelSHAPIQ,SVARMIQ,0.002010737606499809,0.003112255027585755,-0.0011015174210859458,1
AdultCensus,"{""model_name"": ""decision_tree"", ""normalize"": true, ""random_state"": 42, ""verbose"": false}",14,k-SII,2,ExactComputer,1000,6.907755278982137,mse,KernelSHAPIQ,SVARMIQ,0.0033948261286882815,0.003112255027585755,0.00028257110110252665,0
AdultCensus,"{""model_name"": ""decision_tree"", ""normalize"": true, ""random_state"": 42, ""verbose"": false}",14,k-SII,2,ExactComputer,1000,6.907755278982137,spearman,InconsistentKernelSHAPIQ,KernelSHAPIQ,0.12234050919802383,0.09877705248557558,0.02356345671244825,1
AdultCensus,"{""model_name"": ""decision_tree"", ""normalize"": true, ""random_state"": 42, ""verbose"": false}",14,k-SII,2,ExactComputer,1000,6.907755278982137,spearman,InconsistentKernelSHAPIQ,SVARMIQ,0.12234050919802383,0.11516798101053141,0.007172528187492422,1
AdultCensus,"{""model_name"": ""decision_tree"", ""normalize"": true, ""random_state"": 42, ""verbose"": false}",14,k-SII,2,ExactComputer,1000,6.907755278982137,spearman,KernelSHAPIQ,SVARMIQ,0.09877705248557558,0.11516798101053141,-0.016390928524955828,0
AdultCensus,"{""model_name"": ""decision_tree"", ""normalize"": true, ""random_state"": 42, ""verbose"": false}",14,k-SII,2,ExactComputer,5000,8.517193191416238,mse,InconsistentKernelSHAPIQ,KernelSHAPIQ,0.0016397936974586926,0.0027578867096777018,-0.0011180930122190091,1
AdultCensus,"{""model_name"": ""decision_tree"", ""normalize"": true, ""random_state"": 42, ""verbose"": false}",14,k-SII,2,ExactComputer,5000,8.517193191416238,mse,InconsistentKernelSHAPIQ,SVARMIQ,0.0016397936974586926,0.0027339173096118624,-0.0010941236121531697,1
AdultCensus,"{""model_name"": ""decision_tree"", ""normalize"": true, ""random_state"": 42, ""verbose"": false}",14,k-SII,2,ExactComputer,5000,8.517193191416238,mse,KernelSHAPIQ,SVARMIQ,0.0027578867096777018,0.0027339173096118624,2.3969400065839384e-05,0
AdultCensus,"{""model_name"": ""decision_tree"", ""normalize"": true, ""random_state"": 42, ""verbose"": false}",14,k-SII,2,ExactComputer,5000,8.517193191416238,spearman,InconsistentKernelSHAPIQ,KernelSHAPIQ,0.18629340730837154,0.1706707086017431,0.01562269870662844,1
AdultCensus,"{""model_name"": ""decision_tree"", ""normalize"": true, ""random_state"": 42, ""verbose"": false}",14,k-SII,2,ExactComputer,5000,8.517193191416238,spearman,InconsistentKernelSHAPIQ,SVARMIQ,0.18629340730837154,0.1726811899876311,0.013612217320740444,1
AdultCensus,"{""model_name"": ""decision_tree"", ""normalize"": true, ""random_state"": 42, ""verbose"": false}",14,k-SII,2,ExactComputer,5000,8.517193191416238,spearman,KernelSHAPIQ,SVARMIQ,0.1706707086017431,0.1726811899876311,-0.0020104813858879966,0
AdultCensus,"{""model_name"": ""decision_tree"", ""normalize"": true, ""random_state"": 42, ""verbose"": false}",14,k-SII,2,ExactComputer,10000,9.210340371976184,mse,InconsistentKernelSHAPIQ,KernelSHAPIQ,0.001721555094588499,0.0029765581480462318,-0.0012550030534577328,1
AdultCensus,"{""model_name"": ""decision_tree"", ""normalize"": true, ""random_state"": 42, ""verbose"": false}",14,k-SII,2,ExactComputer,10000,9.210340371976184,mse,InconsistentKernelSHAPIQ,SVARMIQ,0.001721555094588499,0.0029704936097276796,-0.0012489385151391807,1
AdultCensus,"{""model_name"": ""decision_tree"", ""normalize"": true, ""random_state"": 42, ""verbose"": false}",14,k-SII,2,ExactComputer,10000,9.210340371976184,mse,KernelSHAPIQ,SVARMIQ,0.0029765581480462318,0.0029704936097276796,6.06453831855213e-06,0
AdultCensus,"{""model_name"": ""decision_tree"", ""normalize"": true, ""random_state"": 42, ""verbose"": false}",14,k-SII,2,ExactComputer,10000,9.210340371976184,spearman,InconsistentKernelSHAPIQ,KernelSHAPIQ,0.14760057769166424,0.1179363252232478,0.029664252468416433,1
AdultCensus,"{""model_name"": ""decision_tree"", ""normalize"": true, ""random_state"": 42, ""verbose"": false}",14,k-SII,2,ExactComputer,10000,9.210340371976184,spearman,InconsistentKernelSHAPIQ,SVARMIQ,0.14760057769166424,0.11958145952941009,0.02801911816225415,1
AdultCensus,"{""model_name"": ""decision_tree"", ""normalize"": true, ""random_state"": 42, ""verbose"": false}",14,k-SII,2,ExactComputer,10000,9.210340371976184,spearman,KernelSHAPIQ,SVARMIQ,0.1179363252232478,0.11958145952941009,-0.0016451343061622825,0
BikeSharing,"{""imputer"": ""marginal"", ""model_name"": ""decision_tree"", ""normalize"": true, ""random_state"": 42, ""verbose"": false, ""x"": 0}",12,FBII,2,ExactComputer,250,5.521460917862246,mse,MSRBiased,ProxySHAP,370.8770951576824,1.8031562944187385,369.07393886326366,0
BikeSharing,"{""imputer"": ""marginal"", ""model_name"": ""decision_tree"", ""normalize"": true, ""random_state"": 42, ""verbose"": false, ""x"": 0}",12,FBII,2,ExactComputer,250,5.521460917862246,mse,MSRBiased,RegressionFBII,370.8770951576824,3.078604369311852,367.79849078837054,0
BikeSharing,"{""imputer"": ""marginal"", ""model_name"": ""decision_tree"", ""normalize"": true, ""random_state"": 42, ""verbose"": false, ""x"": 0}",12,FBII,2,ExactComputer,250,5.521460917862246,mse,ProxySHAP,RegressionFBII,1.8031562944187385,3.078604369311852,-1.2754480748931136,1
BikeSharing,"{""imputer"": ""marginal"", ""model_name"": ""decision_tree"", ""normalize"": true, ""random_state"": 42, ""verbose"": false, ""x"": 0}",12,FBII,2,ExactComputer,250,5.521460917862246,spearman,MSRBiased,ProxySHAP,0.22853433486344876,0.8675442700759156,-0.6390099352124669,0
BikeSharing,"{""imputer"": ""marginal"", ""model_name"": ""decision_tree"", ""normalize"": true, ""random_state"": 42, ""verbose"": false, ""x"": 0}",12,FBII,2,ExactComputer,250,5.521460917862246,spearman,MSRBiased,RegressionFBII,0.22853433486344876,0.8208668968162639,-0.5923325619528151,0
BikeSharing,"{""imputer"": ""marginal"", ""model_name"": ""decision_tree"", ""normalize"": true, ""random_state"": 42, ""verbose"": false, ""x"": 0}",12,FBII,2,ExactComputer,250,5.521460917862246,spearman,ProxySHAP,RegressionFBII,0.8675442700759156,0.8208668968162639,0.04667737325965171,1
BikeSharing,"{""imputer"": ""marginal"", ""model_name"": ""decision_tree"", ""normalize"": true, ""random_state"": 42, ""verbose"": false, ""x"": 0}",12,FBII,2,ExactComputer,500,6.214608098422191,mse,MSRBiased,ProxySHAP,331.44340391798727,0.5652913856509286,330.87811253233633,0
BikeSharing,"{""imputer"": ""marginal"", ""model_name"": ""decision_tree"", ""normalize"": true, ""random_state"": 42, ""verbose"": false, ""x"": 0}",12,FBII,2,ExactComputer,500,6.214608098422191,mse,MSRBiased,RegressionFBII,331.44340391798727,1.1975257897327831,330.2458781282545,0
BikeSharing,"{""imputer"": ""marginal"", ""model_name"": ""decision_tree"", ""normalize"": true, ""random_state"": 42, ""verbose"": false, ""x"": 0}",12,FBII,2,ExactComputer,500,6.214608098422191,mse,ProxySHAP,RegressionFBII,0.5652913856509286,1.1975257897327831,-0.6322344040818545,1
BikeSharing,"{""imputer"": ""marginal"", ""model_name"": ""decision_tree"", ""normalize"": true, ""random_state"": 42, ""verbose"": false, ""x"": 0}",12,FBII,2,ExactComputer,500,6.214608098422191,spearman,MSRBiased,ProxySHAP,0.2886143392472506,0.9379076619582948,-0.6492933227110442,0
BikeSharing,"{""imputer"": ""marginal"", ""model_name"": ""decision_tree"", ""normalize"": true, ""random_state"": 42, ""verbose"": false, ""x"": 0}",12,FBII,2,ExactComputer,500,6.214608098422191,spearman,MSRBiased,RegressionFBII,0.2886143392472506,0.8830334222739286,-0.594419083026678,0
BikeSharing,"{""imputer"": ""marginal"", ""model_name"": ""decision_tree"", ""normalize"": true, ""random_state"": 42, ""verbose"": false, ""x"": 0}",12,FBII,2,ExactComputer,500,6.214608098422191,spearman,ProxySHAP,RegressionFBII,0.9379076619582948,0.8830334222739286,0.05487423968436622,1
BikeSharing,"{""imputer"": ""marginal"", ""model_name"": ""decision_tree"", ""normalize"": true, ""random_state"": 42, ""verbose"": false, ""x"": 0}",12,FBII,2,ExactComputer,1000,6.907755278982137,mse,MSRBiased,ProxySHAP,249.6999935834875,0.11355850860855016,249.58643507487895,0
BikeSharing,"{""imputer"": ""marginal"", ""model_name"": ""decision_tree"", ""normalize"": true, ""random_state"": 42, ""verbose"": false, ""x"": 0}",12,FBII,2,ExactComputer,1000,6.907755278982137,mse,MSRBiased,RegressionFBII,249.6999935834875,0.47154038450492947,249.22845319898258,0
BikeSharing,"{""imputer"": ""marginal"", ""model_name"": ""decision_tree"", ""normalize"": true, ""random_state"": 42, ""verbose"": false, ""x"": 0}",12,FBII,2,ExactComputer,1000,6.907755278982137,mse,ProxySHAP,RegressionFBII,0.11355850860855016,0.47154038450492947,-0.3579818758963793,1
BikeSharing,"{""imputer"": ""marginal"", ""model_name"": ""decision_tree"", ""normalize"": true, ""random_state"": 42, ""verbose"": false, ""x"": 0}",12,FBII,2,ExactComputer,1000,6.907755278982137,spearman,MSRBiased,ProxySHAP,0.3688800650825967,0.9755704211400413,-0.6066903560574446,0
BikeSharing,"{""imputer"": ""marginal"", ""model_name"": ""decision_tree"", ""normalize"": true, ""random_state"": 42, ""verbose"": false, ""x"": 0}",12,FBII,2,ExactComputer,1000,6.907755278982137,spearman,MSRBiased,RegressionFBII,0.3688800650825967,0.9307671231721865,-0.5618870580895898,0
BikeSharing,"{""imputer"": ""marginal"", ""model_name"": ""decision_tree"", ""normalize"": true, ""random_state"": 42, ""verbose"": false, ""x"": 0}",12,FBII,2,ExactComputer,1000,6.907755278982137,spearman,ProxySHAP,RegressionFBII,0.9755704211400413,0.9307671231721865,0.04480329796785487,1
BikeSharing,"{""loss_function"": ""mean_absolute_error"", ""model_name"": ""decision_tree"", ""normalize"": true, ""random_state"": 42, ""verbose"": false}",12,SII,2,ExactComputer,100,4.605170185988092,mse,InconsistentKernelSHAPIQ,ProxySHAP,4517.361356650394,256.78711881395367,4260.57423783644,0
BikeSharing,"{""loss_function"": ""mean_absolute_error"", ""model_name"": ""decision_tree"", ""normalize"": true, ""random_state"": 42, ""verbose"": false}",12,SII,2,ExactComputer,100,4.605170185988092,mse,InconsistentKernelSHAPIQ,SHAPIQ,4517.361356650394,1729.2650910824973,2788.0962655678964,0
BikeSharing,"{""loss_function"": ""mean_absolute_error"", ""model_name"": ""decision_tree"", ""normalize"": true, ""random_state"": 42, ""verbose"": false}",12,SII,2,ExactComputer,100,4.605170185988092,mse,ProxySHAP,SHAPIQ,256.78711881395367,1729.2650910824973,-1472.4779722685437,1
BikeSharing,"{""loss_function"": ""mean_absolute_error"", ""model_name"": ""decision_tree"", ""normalize"": true, ""random_state"": 42, ""verbose"": false}",12,SII,2,ExactComputer,100,4.605170185988092,spearman,InconsistentKernelSHAPIQ,ProxySHAP,0.0665663450473577,0.14751071713097028,-0.08094437208361258,0
BikeSharing,"{""loss_function"": ""mean_absolute_error"", ""model_name"": ""decision_tree"", ""normalize"": true, ""random_state"": 42, ""verbose"": false}",12,SII,2,ExactComputer,100,4.605170185988092,spearman,InconsistentKernelSHAPIQ,SHAPIQ,0.0665663450473577,0.10365583783305302,-0.037089492785695316,0
BikeSharing,"{""loss_function"": ""mean_absolute_error"", ""model_name"": ""decision_tree"", ""normalize"": true, ""random_state"": 42, ""verbose"": false}",12,SII,2,ExactComputer,100,4.605170185988092,spearman,ProxySHAP,SHAPIQ,0.14751071713097028,0.10365583783305302,0.04385487929791726,1
BikeSharing,"{""loss_function"": ""mean_absolute_error"", ""model_name"": ""decision_tree"", ""normalize"": true, ""random_state"": 42, ""verbose"": false}",12,SII,2,ExactComputer,250,5.521460917862246,mse,MSRBiased,PermutationSamplingSII,219.90974281481505,2484.6846909929295,-2264.7749481781143,1
BikeSharing,"{""loss_function"": ""mean_absolute_error"", ""model_name"": ""decision_tree"", ""normalize"": true, ""random_state"": 42, ""verbose"": false}",12,SII,2,ExactComputer,250,5.521460917862246,mse,MSRBiased,SHAPIQ,219.90974281481505,715.5027031760014,-495.5929603611864,1
BikeSharing,"{""loss_function"": ""mean_absolute_error"", ""model_name"": ""decision_tree"", ""normalize"": true, ""random_state"": 42, ""verbose"": false}",12,SII,2,ExactComputer,250,5.521460917862246,mse,PermutationSamplingSII,SHAPIQ,2484.6846909929295,715.5027031760014,1769.181987816928,0
BikeSharing,"{""loss_function"": ""mean_absolute_error"", ""model_name"": ""decision_tree"", ""normalize"": true, ""random_state"": 42, ""verbose"": false}",12,SII,2,ExactComputer,250,5.521460917862246,spearman,MSRBiased,PermutationSamplingSII,0.09319488891728088,0.07035773999391016,0.022837148923370715,1
BikeSharing,"{""loss_function"": ""mean_absolute_error"", ""model_name"": ""decision_tree"", ""normalize"": true, ""random_state"": 42, ""verbose"": false}",12,SII,2,ExactComputer,250,5.521460917862246,spearman,MSRBiased,SHAPIQ,0.09319488891728088,0.06639759193229293,0.02679729698498795,1
BikeSharing,"{""loss_function"": ""mean_absolute_error"", ""model_name"": ""decision_tree"", ""normalize"": true, ""random_state"": 42, ""verbose"": false}",12,SII,2,ExactComputer,250,5.521460917862246,spearman,PermutationSamplingSII,SHAPIQ,0.07035773999391016,0.06639759193229293,0.003960148061617236,1
BikeSharing,"{""loss_function"": ""mean_absolute_error"", ""model_name"": ""decision_tree"", ""normalize"": true, ""random_state"": 42, ""verbose"": false}",12,SII,2,ExactComputer,500,6.214608098422191,mse,MSRBiased,PermutationSamplingSII,182.0986713932146,3250.0965149793174,-3067.9978435861026,1
BikeSharing,"{""loss_function"": ""mean_absolute_error"", ""model_name"": ""decision_tree"", ""normalize"": true, ""random_state"": 42, ""verbose"": false}",12,SII,2,ExactComputer,500,6.214608098422191,mse,MSRBiased,SHAPIQ,182.0986713932146,290.0344749364607,-107.9358035432461,1
BikeSharing,"{""loss_function"": ""mean_absolute_error"", ""model_name"": ""decision_tree"", ""normalize"": true, ""random_state"": 42, ""verbose"": false}",12,SII,2,ExactComputer,500,6.214608098422191,mse,PermutationSamplingSII,SHAPIQ,3250.0965149793174,290.0344749364607,2960.0620400428566,0
BikeSharing,"{""loss_function"": ""mean_absolute_error"", ""model_name"": ""decision_tree"", ""normalize"": true, ""random_state"": 42, ""verbose"": false}",12,SII,2,ExactComputer,500,6.214608098422191,spearman,MSRBiased,PermutationSamplingSII,0.10992455820042026,0.07120996270385287,0.03871459549656739,1
BikeSharing,"{""loss_function"": ""mean_absolute_error"", ""model_name"": ""decision_tree"", ""normalize"": true, ""random_state"": 42, ""verbose"": false}",12,SII,2,ExactComputer,500,6.214608098422191,spearman,MSRBiased,SHAPIQ,0.10992455820042026,0.10589541405778856,0.0040291441426316965,1
BikeSharing,"{""loss_function"": ""mean_absolute_error"", ""model_name"": ""decision_tree"", ""normalize"": true, ""random_state"": 42, ""verbose"": false}",12,SII,2,ExactComputer,500,6.214608098422191,spearman,PermutationSamplingSII,SHAPIQ,0.07120996270385287,0.10589541405778856,-0.03468545135393569,0
BikeSharing,"{""loss_function"": ""mean_absolute_error"", ""model_name"": ""decision_tree"", ""normalize"": true, ""random_state"": 42, ""verbose"": false}",12,SII,2,ExactComputer,1000,6.907755278982137,mse,MSRBiased,PermutationSamplingSII,178.79049741902472,2867.7115843182414,-2688.921086899217,1
BikeSharing,"{""loss_function"": ""mean_absolute_error"", ""model_name"": ""decision_tree"", ""normalize"": true, ""random_state"": 42, ""verbose"": false}",12,SII,2,ExactComputer,1000,6.907755278982137,mse,MSRBiased,SHAPIQ,178.79049741902472,204.1897960978302,-25.39929867880548,1
BikeSharing,"{""loss_function"": ""mean_absolute_error"", ""model_name"": ""decision_tree"", ""normalize"": true, ""random_state"": 42, ""verbose"": false}",12,SII,2,ExactComputer,1000,6.907755278982137,mse,PermutationSamplingSII,SHAPIQ,2867.7115843182414,204.1897960978302,2663.521788220411,0
BikeSharing,"{""loss_function"": ""mean_absolute_error"", ""model_name"": ""decision_tree"", ""normalize"": true, ""random_state"": 42, ""verbose"": false}",12,SII,2,ExactComputer,1000,6.907755278982137,spearman,MSRBiased,PermutationSamplingSII,0.09199137832922206,0.05079920178183617,0.0411921765473859,1
BikeSharing,"{""loss_function"": ""mean_absolute_error"", ""model_name"": ""decision_tree"", ""normalize"": true, ""random_state"": 42, ""verbose"": false}",12,SII,2,ExactComputer,1000,6.907755278982137,spearman,MSRBiased,SHAPIQ,0.09199137832922206,0.09802986188843892,-0.006038483559216851,0
BikeSharing,"{""loss_function"": ""mean_absolute_error"", ""model_name"": ""decision_tree"", ""normalize"": true, ""random_state"": 42, ""verbose"": false}",12,SII,2,ExactComputer,1000,6.907755278982137,spearman,PermutationSamplingSII,SHAPIQ,0.05079920178183617,0.09802986188843892,-0.04723066010660275,0
BikeSharing,"{""loss_function"": ""mean_absolute_error"", ""model_name"": ""decision_tree"", ""normalize"": true, ""random_state"": 42, ""verbose"": false}",12,SII,2,ExactComputer,4000,8.294049640102028,mse,MSRBiased,PermutationSamplingSII,151.3603506332234,706.2073380663348,-554.8469874331115,1
BikeSharing,"{""loss_function"": ""mean_absolute_error"", ""model_name"": ""decision_tree"", ""normalize"": true, ""random_state"": 42, ""verbose"": false}",12,SII,2,ExactComputer,4000,8.294049640102028,mse,MSRBiased,SHAPIQ,151.3603506332234,151.73387527721212,-0.37352464398873053,1
BikeSharing,"{""loss_function"": ""mean_absolute_error"", ""model_name"": ""decision_tree"", ""normalize"": true, ""random_state"": 42, ""verbose"": false}",12,SII,2,ExactComputer,4000,8.294049640102028,mse,PermutationSamplingSII,SHAPIQ,706.2073380663348,151.73387527721212,554.4734627891228,0
BikeSharing,"{""loss_function"": ""mean_absolute_error"", ""model_name"": ""decision_tree"", ""normalize"": true, ""random_state"": 42, ""verbose"": false}",12,SII,2,ExactComputer,4000,8.294049640102028,spearman,MSRBiased,PermutationSamplingSII,0.09407659123940224,0.10827976039673987,-0.01420316915733763,0
BikeSharing,"{""loss_function"": ""mean_absolute_error"", ""model_name"": ""decision_tree"", ""normalize"": true, ""random_state"": 42, ""verbose"": false}",12,SII,2,ExactComputer,4000,8.294049640102028,spearman,MSRBiased,SHAPIQ,0.09407659123940224,0.09396583338093595,0.00011075785846628716,1
BikeSharing,"{""loss_function"": ""mean_absolute_error"", ""model_name"": ""decision_tree"", ""normalize"": true, ""random_state"": 42, ""verbose"": false}",12,SII,2,ExactComputer,4000,8.294049640102028,spearman,PermutationSamplingSII,SHAPIQ,0.10827976039673987,0.09396583338093595,0.014313927015803918,1
Mushroom,"{""class_to_explain"": null, ""imputer"": ""marginal"", ""model_name"": ""decision_tree"", ""normalize"": true, ""random_state"": 42, ""verbose"": false, ""x"": 0}",22,SV,1,TreeExplainer,50,3.912023005428146,mse,KernelSHAP,OwenSamplingSV,0.005024983741034996,0.0046890881768704915,0.0003358955641645043,0
Mushroom,"{""class_to_explain"": null, ""imputer"": ""marginal"", ""model_name"": ""decision_tree"", ""normalize"": true, ""random_state"": 42, ""verbose"": false, ""x"": 0}",22,SV,1,TreeExplainer,50,3.912023005428146,mse,KernelSHAP,PermutationSamplingSV,0.005024983741034996,0.004391908944242418,0.0006330747967925781,0
Mushroom,"{""class_to_explain"": null, ""imputer"": ""marginal"", ""model_name"": ""decision_tree"", ""normalize"": true, ""random_state"": 42, ""verbose"": false, ""x"": 0}",22,SV,1,TreeExplainer,50,3.912023005428146,mse,KernelSHAP,StratifiedSamplingSV,0.005024983741034996,0.003748744036251213,0.0012762397047837827,0
Mushroom,"{""class_to_explain"": null, ""imputer"": ""marginal"", ""model_name"": ""decision_tree"", ""normalize"": true, ""random_state"": 42, ""verbose"": false, ""x"": 0}",22,SV,1,TreeExplainer,50,3.912023005428146,mse,OwenSamplingSV,PermutationSamplingSV,0.0046890881768704915,0.004391908944242418,0.00029717923262807377,0
Mushroom,"{""class_to_explain"": null, ""imputer"": ""marginal"", ""model_name"": ""decision_tree"", ""normalize"": true, ""random_state"": 42, ""verbose"": false, ""x"": 0}",22,SV,1,TreeExplainer,50,3.912023005428146,mse,OwenSamplingSV,StratifiedSamplingSV,0.0046890881768704915,0.003748744036251213,0.0009403441406192784,0
Mushroom,"{""class_to_explain"": null, ""imputer"": ""marginal"", ""model_name"": ""decision_tree"", ""normalize"": true, ""random_state"": 42, ""verbose"": false, ""x"": 0}",22,SV,1,TreeExplainer,50,3.912023005428146,mse,PermutationSamplingSV,StratifiedSamplingSV,0.004391908944242418,0.003748744036251213,0.0006431649079912047,0
Mushroom,"{""class_to_explain"": null, ""imputer"": ""marginal"", ""model_name"": ""decision_tree"", ""normalize"": true, ""random_state"": 42, ""verbose"": false, ""x"": 0}",22,SV,1,TreeExplainer,50,3.912023005428146,spearman,KernelSHAP,OwenSamplingSV,0.4014270349544876,0.7821327831433638,-0.38070574818887615,0
Mushroom,"{""class_to_explain"": null, ""imputer"": ""marginal"", ""model_name"": ""decision_tree"", ""normalize"": true, ""random_state"": 42, ""verbose"": false, ""x"": 0}",22,SV,1,TreeExplainer,50,3.912023005428146,spearman,KernelSHAP,PermutationSamplingSV,0.4014270349544876,0.6665279337546673,-0.26510089880017973,0
Mushroom,"{""class_to_explain"": null, ""imputer"": ""marginal"", ""model_name"": ""decision_tree"", ""normalize"": true, ""random_state"": 42, ""verbose"": false, ""x"": 0}",22,SV,1,TreeExplainer,50,3.912023005428146,spearman,KernelSHAP,StratifiedSamplingSV,0.4014270349544876,0.5381974809978449,-0.1367704460433573,0
Mushroom,"{""class_to_explain"": null, ""imputer"": ""marginal"", ""model_name"": ""decision_tree"", ""normalize"": true, ""random_state"": 42, ""verbose"": false, ""x"": 0}",22,SV,1,TreeExplainer,50,3.912023005428146,spearman,OwenSamplingSV,PermutationSamplingSV,0.7821327831433638,0.6665279337546673,0.11560484938869642,1
Mushroom,"{""class_to_explain"": null, ""imputer"": ""marginal"", ""model_name"": ""decision_tree"", ""normalize"": true, ""random_state"": 42, ""verbose"": false, ""x"": 0}",22,SV,1,TreeExplainer,50,3.912023005428146,spearman,OwenSamplingSV,StratifiedSamplingSV,0.7821327831433638,0.5381974809978449,0.24393530214551884,1
Mushroom,"{""class_to_explain"": null, ""imputer"": ""marginal"", ""model_name"": ""decision_tree"", ""normalize"": true, ""random_state"": 42, ""verbose"": false, ""x"": 0}",22,SV,1,TreeExplainer,50,3.912023005428146,spearman,PermutationSamplingSV,StratifiedSamplingSV,0.6665279337546673,0.5381974809978449,0.12833045275682242,1
Mushroom,"{""class_to_explain"": null, ""imputer"": ""marginal"", ""model_name"": ""decision_tree"", ""normalize"": true, ""random_state"": 42, ""verbose"": false, ""x"": 0}",22,SV,1,TreeExplainer,100,4.605170185988092,mse,KernelSHAP,OwenSamplingSV,0.0019083560239712024,0.0029299804301243784,-0.001021624406153176,1
Mushroom,"{""class_to_explain"": null, ""imputer"": ""marginal"", ""model_name"": ""decision_tree"", ""normalize"": true, ""random_state"": 42, ""verbose"": false, ""x"": 0}",22,SV,1,TreeExplainer,100,4.605170185988092,mse,KernelSHAP,PermutationSamplingSV,0.0019083560239712024,0.0020749224555686252,-0.00016656643159742288,1
Mushroom,"{""class_to_explain"": null, ""imputer"": ""marginal"", ""model_name"": ""decision_tree"", ""normalize"": true, ""random_state"": 42, ""verbose"": false, ""x"": 0}",22,SV,1,TreeExplainer,100,4.605170185988092,mse,KernelSHAP,StratifiedSamplingSV,0.0019083560239712024,0.0020728975580401243,-0.00016454153406892194,1
Mushroom,"{""class_to_explain"": null, ""imputer"": ""marginal"", ""model_name"": ""decision_tree"", ""normalize"": true, ""random_state"": 42, ""verbose"": false, ""x"": 0}",22,SV,1,TreeExplainer,100,4.605170185988092,mse,OwenSamplingSV,PermutationSamplingSV,0.0029299804301243784,0.0020749224555686252,0.0008550579745557532,0
Mushroom,"{""class_to_explain"": null, ""imputer"": ""marginal"", ""model_name"": ""decision_tree"", ""normalize"": true, ""random_state"": 42, ""verbose"": false, ""x"": 0}",22,SV,1,TreeExplainer,100,4.605170185988092,mse,OwenSamplingSV,StratifiedSamplingSV,0.0029299804301243784,0.0020728975580401243,0.0008570828720842541,0
Mushroom,"{""class_to_explain"": null, ""imputer"": ""marginal"", ""model_name"": ""decision_tree"", ""normalize"": true, ""random_state"": 42, ""verbose"": false, ""x"": 0}",22,SV,1,TreeExplainer,100,4.605170185988092,mse,PermutationSamplingSV,StratifiedSamplingSV,0.0020749224555686252,0.0020728975580401243,2.024897528500949e-06,0
Mushroom,"{""class_to_explain"": null, ""imputer"": ""marginal"", ""model_name"": ""decision_tree"", ""normalize"": true, ""random_state"": 42, ""verbose"": false, ""x"": 0}",22,SV,1,TreeExplainer,100,4.605170185988092,spearman,KernelSHAP,OwenSamplingSV,0.4844400111636874,0.7957308729985249,-0.31129086183483745,0
Mushroom,"{""class_to_explain"": null, ""imputer"": ""marginal"", ""model_name"": ""decision_tree"", ""normalize"": true, ""random_state"": 42, ""verbose"": false, ""x"": 0}",22,SV,1,TreeExplainer,100,4.605170185988092,spearman,KernelSHAP,PermutationSamplingSV,0.4844400111636874,0.6980146978279606,-0.21357468666427315,0
Mushroom,"{""class_to_explain"": null, ""imputer"": ""marginal"", ""model_name"": ""decision_tree"", ""normalize"": true, ""random_state"": 42, ""verbose"": false, ""x"": 0}",22,SV,1,TreeExplainer,100,4.605170185988092,spearman,KernelSHAP,StratifiedSamplingSV,0.4844400111636874,0.8219513596356735,-0.33751134847198605,0
Mushroom,"{""class_to_explain"": null, ""imputer"": ""marginal"", ""model_name"": ""decision_tree"", ""normalize"": true, ""random_state"": 42, ""verbose"": false, ""x"": 0}",22,SV,1,TreeExplainer,100,4.605170185988092,spearman,OwenSamplingSV,PermutationSamplingSV,0.7957308729985249,0.6980146978279606,0.0977161751705643,1
Mushroom,"{""class_to_explain"": null, ""imputer"": ""marginal"", ""model_name"": ""decision_tree"", ""normalize"": true, ""random_state"": 42, ""verbose"": false, ""x"": 0}",22,SV,1,TreeExplainer,100,4.605170185988092,spearman,OwenSamplingSV,StratifiedSamplingSV,0.7957308729985249,0.8219513596356735,-0.0262204866371486,0
Mushroom,"{""class_to_explain"": null, ""imputer"": ""marginal"", ""model_name"": ""decision_tree"", ""normalize"": true, ""random_state"": 42, ""verbose"": false, ""x"": 0}",22,SV,1,TreeExplainer,100,4.605170185988092,spearman,PermutationSamplingSV,StratifiedSamplingSV,0.6980146978279606,0.8219513596356735,-0.1239366618077129,0
Mushroom,"{""class_to_explain"": null, ""imputer"": ""marginal"", ""model_name"": ""decision_tree"", ""normalize"": true, ""random_state"": 42, ""verbose"": false, ""x"": 0}",22,SV,1,TreeExplainer,200,5.298317366548036,mse,KernelSHAP,OwenSamplingSV,0.0015244081542797395,0.0017869407798240503,-0.0002625326255443108,1
Mushroom,"{""class_to_explain"": null, ""imputer"": ""marginal"", ""model_name"": ""decision_tree"", ""normalize"": true, ""random_state"": 42, ""verbose"": false, ""x"": 0}",22,SV,1,TreeExplainer,200,5.298317366548036,mse,KernelSHAP,PermutationSamplingSV,0.0015244081542797395,0.0006512504168507383,0.0008731577374290012,0
Mushroom,"{""class_to_explain"": null, ""imputer"": ""marginal"", ""model_name"": ""decision_tree"", ""normalize"": true, ""random_state"": 42, ""verbose"": false, ""x"": 0}",22,SV,1,TreeExplainer,200,5.298317366548036,mse,KernelSHAP,StratifiedSamplingSV,0.0015244081542797395,0.0005928883018088434,0.0009315198524708961,0
Mushroom,"{""class_to_explain"": null, ""imputer"": ""marginal"", ""model_name"": ""decision_tree"", ""normalize"": true, ""random_state"": 42, ""verbose"": false, ""x"": 0}",22,SV,1,TreeExplainer,200,5.298317366548036,mse,OwenSamplingSV,PermutationSamplingSV,0.0017869407798240503,0.0006512504168507383,0.001135690362973312,0
Mushroom,"{""class_to_explain"": null, ""imputer"": ""marginal"", ""model_name"": ""decision_tree"", ""normalize"": true, ""random_state"": 42, ""verbose"": false, ""x"": 0}",22,SV,1,TreeExplainer,200,5.298317366548036,mse,OwenSamplingSV,StratifiedSamplingSV,0.0017869407798240503,0.0005928883018088434,0.001194052478015207,0
Mushroom,"{""class_to_explain"": null, ""imputer"": ""marginal"", ""model_name"": ""decision_tree"", ""normalize"": true, ""random_state"": 42, ""verbose"": false, ""x"": 0}",22,SV,1,TreeExplainer,200,5.298317366548036,mse,PermutationSamplingSV,StratifiedSamplingSV,0.0006512504168507383,0.0005928883018088434,5.836211504189491e-05,0
Mushroom,"{""class_to_explain"": null, ""imputer"": ""marginal"", ""model_name"": ""decision_tree"", ""normalize"": true, ""random_state"": 42, ""verbose"": false, ""x"": 0}",22,SV,1,TreeExplainer,200,5.298317366548036,spearman,KernelSHAP,OwenSamplingSV,0.5345442718042401,0.7651852490875237,-0.2306409772832836,0
Mushroom,"{""class_to_explain"": null, ""imputer"": ""marginal"", ""model_name"": ""decision_tree"", ""normalize"": true, ""random_state"": 42, ""verbose"": false, ""x"": 0}",22,SV,1,TreeExplainer,200,5.298317366548036,spearman,KernelSHAP,PermutationSamplingSV,0.5345442718042401,0.8266644637053461,-0.29212019190110594,0
Mushroom,"{""class_to_explain"": null, ""imputer"": ""marginal"", ""model_name"": ""decision_tree"", ""normalize"": true, ""random_state"": 42, ""verbose"": false, ""x"": 0}",22,SV,1,TreeExplainer,200,5.298317366548036,spearman,KernelSHAP,StratifiedSamplingSV,0.5345442718042401,0.9252318037126326,-0.39068753190839245,0
Mushroom,"{""class_to_explain"": null, ""imputer"": ""marginal"", ""model_name"": ""decision_tree"", ""normalize"": true, ""random_state"": 42, ""verbose"": false, ""x"": 0}",22,SV,1,TreeExplainer,200,5.298317366548036,spearman,OwenSamplingSV,PermutationSamplingSV,0.7651852490875237,0.8266644637053461,-0.06147921461782235,0
Mushroom,"{""class_to_explain"": null, ""imputer"": ""marginal"", ""model_name"": ""decision_tree"", ""normalize"": true, ""random_state"": 42, ""verbose"": false, ""x"": 0}",22,SV,1,TreeExplainer,200,5.298317366548036,spearman,OwenSamplingSV,StratifiedSamplingSV,0.7651852490875237,0.9252318037126326,-0.16004655462510886,0
Mushroom,"{""class_to_explain"": null, ""imputer"": ""marginal"", ""model_name"": ""decision_tree"", ""normalize"": true, ""random_state"": 42, ""verbose"": false, ""x"": 0}",22,SV,1,TreeExplainer,200,5.298317366548036,spearman,PermutationSamplingSV,StratifiedSamplingSV,0.8266644637053461,0.9252318037126326,-0.09856734000728651,0
Mushroom,"{""class_to_explain"": null, ""imputer"": ""marginal"", ""model_name"": ""decision_tree"", ""normalize"": true, ""random_state"": 42, ""verbose"": false, ""x"": 0}",22,SV,1,TreeExplainer,1000,6.907755278982137,mse,KernelSHAP,PermutationSamplingSV,0.0008879125866252977,0.0009347713218311351,-4.685873520583739e-05,1
Mushroom,"{""class_to_explain"": null, ""imputer"": ""marginal"", ""model_name"": ""decision_tree"", ""normalize"": true, ""random_state"": 42, ""verbose"": false, ""x"": 0}",22,SV,1,TreeExplainer,1000,6.907755278982137,mse,KernelSHAP,UnbiasedKernelSHAP,0.0008879125866252977,0.0014230562628122301,-0.0005351436761869324,1
Mushroom,"{""class_to_explain"": null, ""imputer"": ""marginal"", ""model_name"": ""decision_tree"", ""normalize"": true, ""random_state"": 42, ""verbose"": false, ""x"": 0}",22,SV,1,TreeExplainer,1000,6.907755278982137,mse,PermutationSamplingSV,UnbiasedKernelSHAP,0.0009347713218311351,0.0014230562628122301,-0.000488284940981095,1
Mushroom,"{""class_to_explain"": null, ""imputer"": ""marginal"", ""model_name"": ""decision_tree"", ""normalize"": true, ""random_state"": 42, ""verbose"": false, ""x"": 0}",22,SV,1,TreeExplainer,1000,6.907755278982137,spearman,KernelSHAP,PermutationSamplingSV,0.5789166840874909,0.7223843204941326,-0.14346763640664173,0
Mushroom,"{""class_to_explain"": null, ""imputer"": ""marginal"", ""model_name"": ""decision_tree"", ""normalize"": true, ""random_state"": 42, ""verbose"": false, ""x"": 0}",22,SV,1,TreeExplainer,1000,6.907755278982137,spearman,KernelSHAP,UnbiasedKernelSHAP,0.5789166840874909,0.4959037078782912,0.08301297620919967,1
Mushroom,"{""class_to_explain"": null, ""imputer"": ""marginal"", ""model_name"": ""decision_tree"", ""normalize"": true, ""random_state"": 42, ""verbose"": false, ""x"": 0}",22,SV,1,TreeExplainer,1000,6.907755278982137,spearman,PermutationSamplingSV,UnbiasedKernelSHAP,0.7223843204941326,0.4959037078782912,0.2264806126158414,1
Mushroom,"{""class_to_explain"": null, ""imputer"": ""marginal"", ""model_name"": ""decision_tree"", ""normalize"": true, ""random_state"": 42, ""verbose"": false, ""x"": 0}",22,SV,1,TreeExplainer,5000,8.517193191416238,mse,KernelSHAP,PermutationSamplingSV,0.0008220039005743914,0.0008631630491784044,-4.115914860401302e-05,1
Mushroom,"{""class_to_explain"": null, ""imputer"": ""marginal"", ""model_name"": ""decision_tree"", ""normalize"": true, ""random_state"": 42, ""verbose"": false, ""x"": 0}",22,SV,1,TreeExplainer,5000,8.517193191416238,mse,KernelSHAP,UnbiasedKernelSHAP,0.0008220039005743914,0.0009093660415032202,-8.736214092882884e-05,1
Mushroom,"{""class_to_explain"": null, ""imputer"": ""marginal"", ""model_name"": ""decision_tree"", ""normalize"": true, ""random_state"": 42, ""verbose"": false, ""x"": 0}",22,SV,1,TreeExplainer,5000,8.517193191416238,mse,PermutationSamplingSV,UnbiasedKernelSHAP,0.0008631630491784044,0.0009093660415032202,-4.620299232481581e-05,1
Mushroom,"{""class_to_explain"": null, ""imputer"": ""marginal"", ""model_name"": ""decision_tree"", ""normalize"": true, ""random_state"": 42, ""verbose"": false, ""x"": 0}",22,SV,1,TreeExplainer,5000,8.517193191416238,spearman,KernelSHAP,PermutationSamplingSV,0.6858453034426745,0.7940665707575273,-0.10822126731485282,0
Mushroom,"{""class_to_explain"": null, ""imputer"": ""marginal"", ""model_name"": ""decision_tree"", ""normalize"": true, ""random_state"": 42, ""verbose"": false, ""x"": 0}",22,SV,1,TreeExplainer,5000,8.517193191416238,spearman,KernelSHAP,UnbiasedKernelSHAP,0.6858453034426745,0.6109359749110393,0.07490932853163512,1
Mushroom,"{""class_to_explain"": null, ""imputer"": ""marginal"", ""model_name"": ""decision_tree"", ""normalize"": true, ""random_state"": 42, ""verbose"": false, ""x"": 0}",22,SV,1,TreeExplainer,5000,8.517193191416238,spearman,PermutationSamplingSV,UnbiasedKernelSHAP,0.7940665707575273,0.6109359749110393,0.18313059584648794,1
Mushroom,"{""class_to_explain"": null, ""imputer"": ""marginal"", ""model_name"": ""decision_tree"", ""normalize"": true, ""random_state"": 42, ""verbose"": false, ""x"": 0}",22,SV,1,TreeExplainer,10000,9.210340371976184,mse,KernelSHAP,PermutationSamplingSV,0.0008136950126855798,0.0008305220180325891,-1.682700534700926e-05,1
Mushroom,"{""class_to_explain"": null, ""imputer"": ""marginal"", ""model_name"": ""decision_tree"", ""normalize"": true, ""random_state"": 42, ""verbose"": false, ""x"": 0}",22,SV,1,TreeExplainer,10000,9.210340371976184,mse,KernelSHAP,UnbiasedKernelSHAP,0.0008136950126855798,0.0008474842507327082,-3.378923804712834e-05,1
Mushroom,"{""class_to_explain"": null, ""imputer"": ""marginal"", ""model_name"": ""decision_tree"", ""normalize"": true, ""random_state"": 42, ""verbose"": false, ""x"": 0}",22,SV,1,TreeExplainer,10000,9.210340371976184,mse,PermutationSamplingSV,UnbiasedKernelSHAP,0.0008305220180325891,0.0008474842507327082,-1.696223270011908e-05,1
Mushroom,"{""class_to_explain"": null, ""imputer"": ""marginal"", ""model_name"": ""decision_tree"", ""normalize"": true, ""random_state"": 42, ""verbose"": false, ""x"": 0}",22,SV,1,TreeExplainer,10000,9.210340371976184,spearman,KernelSHAP,PermutationSamplingSV,0.7429068420893316,0.8008286434976307,-0.05792180140829917,0
Mushroom,"{""class_to_explain"": null, ""imputer"": ""marginal"", ""model_name"": ""decision_tree"", ""normalize"": true, ""random_state"": 42, ""verbose"": false, ""x"": 0}",22,SV,1,TreeExplainer,10000,9.210340371976184,spearman,KernelSHAP,UnbiasedKernelSHAP,0.7429068420893316,0.6458607199019099,0.0970461221874217,1
Mushroom,"{""class_to_explain"": null, ""imputer"": ""marginal"", ""model_name"": ""decision_tree"", ""normalize"": true, ""random_state"": 42, ""verbose"": false, ""x"": 0}",22,SV,1,TreeExplainer,10000,9.210340371976184,spearman,PermutationSamplingSV,UnbiasedKernelSHAP,0.8008286434976307,0.6458607199019099,0.15496792359572087,1
Nursery,"{""class_to_explain"": null, ""imputer"": ""marginal"", ""model_name"": ""decision_tree"", ""normalize"": true, ""random_state"": 42, ""verbose"": false, ""x"": 0}",8,SV,1,ExactComputer,100,4.605170185988092,mse,KernelSHAP,OwenSamplingSV,9.687098856050792e-05,0.002351750150922805,-0.002254879162362297,1
Nursery,"{""class_to_explain"": null, ""imputer"": ""marginal"", ""model_name"": ""decision_tree"", ""normalize"": true, ""random_state"": 42, ""verbose"": false, ""x"": 0}",8,SV,1,ExactComputer,100,4.605170185988092,mse,KernelSHAP,PermutationSamplingSV,9.687098856050792e-05,0.00015095552971100014,-5.408454115049222e-05,1
Nursery,"{""class_to_explain"": null, ""imputer"": ""marginal"", ""model_name"": ""decision_tree"", ""normalize"": true, ""random_state"": 42, ""verbose"": false, ""x"": 0}",8,SV,1,ExactComputer,100,4.605170185988092,mse,KernelSHAP,StratifiedSamplingSV,9.687098856050792e-05,0.0008728077000690589,-0.0007759367115085509,1
Nursery,"{""class_to_explain"": null, ""imputer"": ""marginal"", ""model_name"": ""decision_tree"", ""normalize"": true, ""random_state"": 42, ""verbose"": false, ""x"": 0}",8,SV,1,ExactComputer,100,4.605170185988092,mse,OwenSamplingSV,PermutationSamplingSV,0.002351750150922805,0.00015095552971100014,0.002200794621211805,0
Nursery,"{""class_to_explain"": null, ""imputer"": ""marginal"", ""model_name"": ""decision_tree"", ""normalize"": true, ""random_state"": 42, ""verbose"": false, ""x"": 0}",8,SV,1,ExactComputer,100,4.605170185988092,mse,OwenSamplingSV,StratifiedSamplingSV,0.002351750150922805,0.0008728077000690589,0.0014789424508537463,0
Nursery,"{""class_to_explain"": null, ""imputer"": ""marginal"", ""model_name"": ""decision_tree"", ""normalize"": true, ""random_state"": 42, ""verbose"": false, ""x"": 0}",8,SV,1,ExactComputer,100,4.605170185988092,mse,PermutationSamplingSV,StratifiedSamplingSV,0.00015095552971100014,0.0008728077000690589,-0.0007218521703580588,1
Nursery,"{""class_to_explain"": null, ""imputer"": ""marginal"", ""model_name"": ""decision_tree"", ""normalize"": true, ""random_state"": 42, ""verbose"": false, ""x"": 0}",8,SV,1,ExactComputer,100,4.605170185988092,spearman,KernelSHAP,OwenSamplingSV,0.9404761904761905,0.9880952380952381,-0.04761904761904767,0
Nursery,"{""class_to_explain"": null, ""imputer"": ""marginal"", ""model_name"": ""decision_tree"", ""normalize"": true, ""random_state"": 42, ""verbose"": false, ""x"": 0}",8,SV,1,ExactComputer,100,4.605170185988092,spearman,KernelSHAP,PermutationSamplingSV,0.9404761904761905,0.9880952380952381,-0.04761904761904767,0
Nursery,"{""class_to_explain"": null, ""imputer"": ""marginal"", ""model_name"": ""decision_tree"", ""normalize"": true, ""random_state"": 42, ""verbose"": false, ""x"": 0}",8,SV,1,ExactComputer,100,4.605170185988092,spearman,KernelSHAP,StratifiedSamplingSV,0.9404761904761905,0.9880952380952381,-0.04761904761904767,0
Nursery,"{""class_to_explain"": null, ""imputer"": ""marginal"", ""model_name"": ""decision_tree"", ""normalize"": true, ""random_state"": 42, ""verbose"": false, ""x"": 0}",8,SV,1,ExactComputer,200,5.298317366548036,mse,KernelSHAP,OwenSamplingSV,1.674215714112104e-05,0.00027497358944321296,-0.0002582314323020919,1
Nursery,"{""class_to_explain"": null, ""imputer"": ""marginal"", ""model_name"": ""decision_tree"", ""normalize"": true, ""random_state"": 42, ""verbose"": false, ""x"": 0}",8,SV,1,ExactComputer,200,5.298317366548036,mse,KernelSHAP,PermutationSamplingSV,1.674215714112104e-05,0.0002371749922440336,-0.00022043283510291256,1
Nursery,"{""class_to_explain"": null, ""imputer"": ""marginal"", ""model_name"": ""decision_tree"", ""normalize"": true, ""random_state"": 42, ""verbose"": false, ""x"": 0}",8,SV,1,ExactComputer,200,5.298317366548036,mse,KernelSHAP,StratifiedSamplingSV,1.674215714112104e-05,0.00018874728732639064,-0.0001720051301852696,1
Nursery,"{""class_to_explain"": null, ""imputer"": ""marginal"", ""model_name"": ""decision_tree"", ""normalize"": true, ""random_state"": 42, ""verbose"": false, ""x"": 0}",8,SV,1,ExactComputer,200,5.298317366548036,mse,OwenSamplingSV,PermutationSamplingSV,0.00027497358944321296,0.0002371749922440336,3.779859719917937e-05,0
Nursery,"{""class_to_explain"": null, ""imputer"": ""marginal"", ""model_name"": ""decision_tree"", ""normalize"": true, ""random_state"": 42, ""verbose"": false, ""x"": 0}",8,SV,1,ExactComputer,200,5.298317366548036,mse,OwenSamplingSV,StratifiedSamplingSV,0.00027497358944321296,0.00018874728732639064,8.622630211682232e-05,0
Nursery,"{""class_to_explain"": null, ""imputer"": ""marginal"", ""model_name"": ""decision_tree"", ""normalize"": true, ""random_state"": 42, ""verbose"": false, ""x"": 0}",8,SV,1,ExactComputer,200,5.298317366548036,mse,PermutationSamplingSV,StratifiedSamplingSV,0.0002371749922440336,0.00018874728732639064,4.842770491764295e-05,0
Nursery,"{""class_to_explain"": null, ""imputer"": ""marginal"", ""model_name"": ""decision_tree"", ""normalize"": true, ""random_state"": 42, ""verbose"": false, ""x"": 0}",8,SV,1,ExactComputer,200,5.298317366548036,spearman,KernelSHAP,StratifiedSamplingSV,0.9880952380952381,1.0,-0.011904761904761862,0
Nursery,"{""class_to_explain"": null, ""imputer"": ""marginal"", ""model_name"": ""decision_tree"", ""normalize"": true, ""random_state"": 42, ""verbose"": false, ""x"": 0}",8,SV,1,ExactComputer,200,5.298317366548036,spearman,OwenSamplingSV,StratifiedSamplingSV,0.9880952380952381,1.0,-0.011904761904761862,0
Nursery,"{""class_to_explain"": null, ""imputer"": ""marginal"", ""model_name"": ""decision_tree"", ""normalize"": true, ""random_state"": 42, ""verbose"": false, ""x"": 0}",8,SV,1,ExactComputer,200,5.298317366548036,spearman,PermutationSamplingSV,StratifiedSamplingSV,0.9880952380952381,1.0,-0.011904761904761862,0
Soybean,"{""class_to_explain"": null, ""imputer"": ""marginal"", ""model_name"": ""decision_tree"", ""normalize"": true, ""random_state"": 42, ""verbose"": false, ""x"": 0}",35,SII,2,TreeExplainer,250,5.521460917862246,mse,InconsistentKernelSHAPIQ,KernelSHAPIQ,0.0010892667796346572,8.42814340425066,-8.427054137471025,1
Soybean,"{""class_to_explain"": null, ""imputer"": ""marginal"", ""model_name"": ""decision_tree"", ""normalize"": true, ""random_state"": 42, ""verbose"": false, ""x"": 0}",35,SII,2,TreeExplainer,250,5.521460917862246,mse,InconsistentKernelSHAPIQ,SHAPIQ,0.0010892667796346572,0.07852638505766546,-0.0774371182780308,1
Soybean,"{""class_to_explain"": null, ""imputer"": ""marginal"", ""model_name"": ""decision_tree"", ""normalize"": true, ""random_state"": 42, ""verbose"": false, ""x"": 0}",35,SII,2,TreeExplainer,250,5.521460917862246,mse,KernelSHAPIQ,SHAPIQ,8.42814340425066,0.07852638505766546,8.349617019192994,0
Soybean,"{""class_to_explain"": null, ""imputer"": ""marginal"", ""model_name"": ""decision_tree"", ""normalize"": true, ""random_state"": 42, ""verbose"": false, ""x"": 0}",35,SII,2,TreeExplainer,250,5.521460917862246,spearman,InconsistentKernelSHAPIQ,KernelSHAPIQ,0.013690073766811878,0.0020020089856818074,0.011688064781130072,1
Soybean,"{""class_to_explain"": null, ""imputer"": ""marginal"", ""model_name"": ""decision_tree"", ""normalize"": true, ""random_state"": 42, ""verbose"": false, ""x"": 0}",35,SII,2,TreeExplainer,250,5.521460917862246,spearman,InconsistentKernelSHAPIQ,SHAPIQ,0.013690073766811878,0.01236983907526087,0.0013202346915510092,1
Soybean,"{""class_to_explain"": null, ""imputer"": ""marginal"", ""model_name"": ""decision_tree"", ""normalize"": true, ""random_state"": 42, ""verbose"": false, ""x"": 0}",35,SII,2,TreeExplainer,250,5.521460917862246,spearman,KernelSHAPIQ,SHAPIQ,0.0020020089856818074,0.01236983907526087,-0.010367830089579061,0
Soybean,"{""class_to_explain"": null, ""imputer"": ""marginal"", ""model_name"": ""decision_tree"", ""normalize"": true, ""random_state"": 42, ""verbose"": false, ""x"": 0}",35,SII,2,TreeExplainer,500,6.214608098422191,mse,InconsistentKernelSHAPIQ,KernelSHAPIQ,0.001619106564400079,0.011282042948146921,-0.009662936383746842,1
Soybean,"{""class_to_explain"": null, ""imputer"": ""marginal"", ""model_name"": ""decision_tree"", ""normalize"": true, ""random_state"": 42, ""verbose"": false, ""x"": 0}",35,SII,2,TreeExplainer,500,6.214608098422191,mse,InconsistentKernelSHAPIQ,SHAPIQ,0.001619106564400079,0.03544609135178257,-0.03382698478738249,1
Soybean,"{""class_to_explain"": null, ""imputer"": ""marginal"", ""model_name"": ""decision_tree"", ""normalize"": true, ""random_state"": 42, ""verbose"": false, ""x"": 0}",35,SII,2,TreeExplainer,500,6.214608098422191,mse,KernelSHAPIQ,SHAPIQ,0.011282042948146921,0.03544609135178257,-0.024164048403635646,1
Soybean,"{""class_to_explain"": null, ""imputer"": ""marginal"", ""model_name"": ""decision_tree"", ""normalize"": true, ""random_state"": 42, ""verbose"": false, ""x"": 0}",35,SII,2,TreeExplainer,500,6.214608098422191,spearman,InconsistentKernelSHAPIQ,KernelSHAPIQ,0.003956373055471203,0.003827409456925401,0.00012896359854580207,1
Soybean,"{""class_to_explain"": null, ""imputer"": ""marginal"", ""model_name"": ""decision_tree"", ""normalize"": true, ""random_state"": 42, ""verbose"": false, ""x"": 0}",35,SII,2,TreeExplainer,500,6.214608098422191,spearman,InconsistentKernelSHAPIQ,SHAPIQ,0.003956373055471203,-0.008296087619688306,0.01225246067515951,1
Soybean,"{""class_to_explain"": null, ""imputer"": ""marginal"", ""model_name"": ""decision_tree"", ""normalize"": true, ""random_state"": 42, ""verbose"": false, ""x"": 0}",35,SII,2,TreeExplainer,500,6.214608098422191,spearman,KernelSHAPIQ,SHAPIQ,0.003827409456925401,-0.008296087619688306,0.012123497076613707,1
Soybean,"{""class_to_explain"": null, ""imputer"": ""marginal"", ""model_name"": ""decision_tree"", ""normalize"": true, ""random_state"": 42, ""verbose"": false, ""x"": 0}",35,SII,2,TreeExplainer,1000,6.907755278982137,mse,InconsistentKernelSHAPIQ,KernelSHAPIQ,0.0016399926573793914,0.0016193119525644757,2.0680704814915766e-05,0
Soybean,"{""class_to_explain"": null, ""imputer"": ""marginal"", ""model_name"": ""decision_tree"", ""normalize"": true, ""random_state"": 42, ""verbose"": false, ""x"": 0}",35,SII,2,TreeExplainer,1000,6.907755278982137,mse,InconsistentKernelSHAPIQ,SHAPIQ,0.0016399926573793914,0.016848148294474074,-0.015208155637094682,1
Soybean,"{""class_to_explain"": null, ""imputer"": ""marginal"", ""model_name"": ""decision_tree"", ""normalize"": true, ""random_state"": 42, ""verbose"": false, ""x"": 0}",35,SII,2,TreeExplainer,1000,6.907755278982137,mse,KernelSHAPIQ,SHAPIQ,0.0016193119525644757,0.016848148294474074,-0.015228836341909599,1
Soybean,"{""class_to_explain"": null, ""imputer"": ""marginal"", ""model_name"": ""decision_tree"", ""normalize"": true, ""random_state"": 42, ""verbose"": false, ""x"": 0}",35,SII,2,TreeExplainer,1000,6.907755278982137,spearman,InconsistentKernelSHAPIQ,KernelSHAPIQ,-0.001815526933074597,-0.010016917503757449,0.008201390570682853,1
Soybean,"{""class_to_explain"": null, ""imputer"": ""marginal"", ""model_name"": ""decision_tree"", ""normalize"": true, ""random_state"": 42, ""verbose"": false, ""x"": 0}",35,SII,2,TreeExplainer,1000,6.907755278982137,spearman,InconsistentKernelSHAPIQ,SHAPIQ,-0.001815526933074597,-0.000747847344677093,-0.001067679588397504,0
Soybean,"{""class_to_explain"": null, ""imputer"": ""marginal"", ""model_name"": ""decision_tree"", ""normalize"": true, ""random_state"": 42, ""verbose"": false, ""x"": 0}",35,SII,2,TreeExplainer,1000,6.907755278982137,spearman,KernelSHAPIQ,SHAPIQ,-0.010016917503757449,-0.000747847344677093,-0.009269070159080356,0
Soybean,"{""class_to_explain"": null, ""imputer"": ""marginal"", ""model_name"": ""decision_tree"", ""normalize"": true, ""random_state"": 42, ""verbose"": false, ""x"": 0}",35,SII,2,TreeExplainer,5000,8.517193191416238,mse,InconsistentKernelSHAPIQ,KernelSHAPIQ,0.0013335245182614357,0.0013271171103653994,6.407407896036332e-06,0
Soybean,"{""class_to_explain"": null, ""imputer"": ""marginal"", ""model_name"": ""decision_tree"", ""normalize"": true, ""random_state"": 42, ""verbose"": false, ""x"": 0}",35,SII,2,TreeExplainer,5000,8.517193191416238,mse,InconsistentKernelSHAPIQ,SHAPIQ,0.0013335245182614357,0.004297896085463459,-0.0029643715672020236,1
Soybean,"{""class_to_explain"": null, ""imputer"": ""marginal"", ""model_name"": ""decision_tree"", ""normalize"": true, ""random_state"": 42, ""verbose"": false, ""x"": 0}",35,SII,2,TreeExplainer,5000,8.517193191416238,mse,KernelSHAPIQ,SHAPIQ,0.0013271171103653994,0.004297896085463459,-0.00297077897509806,1
Soybean,"{""class_to_explain"": null, ""imputer"": ""marginal"", ""model_name"": ""decision_tree"", ""normalize"": true, ""random_state"": 42, ""verbose"": false, ""x"": 0}",35,SII,2,TreeExplainer,5000,8.517193191416238,spearman,InconsistentKernelSHAPIQ,KernelSHAPIQ,-0.039982642735112935,-0.03162435367740614,-0.008358289057706796,0
Soybean,"{""class_to_explain"": null, ""imputer"": ""marginal"", ""model_name"": ""decision_tree"", ""normalize"": true, ""random_state"": 42, ""verbose"": false, ""x"": 0}",35,SII,2,TreeExplainer,5000,8.517193191416238,spearman,InconsistentKernelSHAPIQ,SHAPIQ,-0.039982642735112935,-0.01046597268848964,-0.029516670046623294,0
Soybean,"{""class_to_explain"": null, ""imputer"": ""marginal"", ""model_name"": ""decision_tree"", ""normalize"": true, ""random_state"": 42, ""verbose"": false, ""x"": 0}",35,SII,2,TreeExplainer,5000,8.517193191416238,spearman,KernelSHAPIQ,SHAPIQ,-0.03162435367740614,-0.01046597268848964,-0.021158380988916498,0
Soybean,"{""class_to_explain"": null, ""imputer"": ""marginal"", ""model_name"": ""decision_tree"", ""normalize"": true, ""random_state"": 42, ""verbose"": false, ""x"": 0}",35,SII,2,TreeExplainer,10000,9.210340371976184,mse,InconsistentKernelSHAPIQ,KernelSHAPIQ,0.0013308967220309305,0.001326563893218477,4.332828812453468e-06,0
Soybean,"{""class_to_explain"": null, ""imputer"": ""marginal"", ""model_name"": ""decision_tree"", ""normalize"": true, ""random_state"": 42, ""verbose"": false, ""x"": 0}",35,SII,2,TreeExplainer,10000,9.210340371976184,mse,InconsistentKernelSHAPIQ,SHAPIQ,0.0013308967220309305,0.0023621447829297107,-0.0010312480608987802,1
Soybean,"{""class_to_explain"": null, ""imputer"": ""marginal"", ""model_name"": ""decision_tree"", ""normalize"": true, ""random_state"": 42, ""verbose"": false, ""x"": 0}",35,SII,2,TreeExplainer,10000,9.210340371976184,mse,KernelSHAPIQ,SHAPIQ,0.001326563893218477,0.0023621447829297107,-0.0010355808897112336,1
Soybean,"{""class_to_explain"": null, ""imputer"": ""marginal"", ""model_name"": ""decision_tree"", ""normalize"": true, ""random_state"": 42, ""verbose"": false, ""x"": 0}",35,SII,2,TreeExplainer,10000,9.210340371976184,spearman,InconsistentKernelSHAPIQ,KernelSHAPIQ,-0.06922232761828764,-0.06381327367389078,-0.005409053944396863,0
Soybean,"{""class_to_explain"": null, ""imputer"": ""marginal"", ""model_name"": ""decision_tree"", ""normalize"": true, ""random_state"": 42, ""verbose"": false, ""x"": 0}",35,SII,2,TreeExplainer,10000,9.210340371976184,spearman,InconsistentKernelSHAPIQ,SHAPIQ,-0.06922232761828764,-0.02317122678478379,-0.046051100833503854,0
Soybean,"{""class_to_explain"": null, ""imputer"": ""marginal"", ""model_name"": ""decision_tree"", ""normalize"": true, ""random_state"": 42, ""verbose"": false, ""x"": 0}",35,SII,2,TreeExplainer,10000,9.210340371976184,spearman,KernelSHAPIQ,SHAPIQ,-0.06381327367389078,-0.02317122678478379,-0.04064204688910699,0
Thyroid,"{""class_to_explain"": null, ""imputer"": ""marginal"", ""model_name"": ""decision_tree"", ""normalize"": true, ""random_state"": 42, ""verbose"": false, ""x"": 0}",21,SII,2,TreeExplainer,250,5.521460917862246,mse,InconsistentKernelSHAPIQ,KernelSHAPIQ,0.0016857503423147462,0.002855541671726724,-0.0011697913294119776,1
Thyroid,"{""class_to_explain"": null, ""imputer"": ""marginal"", ""model_name"": ""decision_tree"", ""normalize"": true, ""random_state"": 42, ""verbose"": false, ""x"": 0}",21,SII,2,TreeExplainer,250,5.521460917862246,mse,InconsistentKernelSHAPIQ,PermutationSamplingSII,0.0016857503423147462,0.00041327827219421784,0.0012724720701205283,0
Thyroid,"{""class_to_explain"": null, ""imputer"": ""marginal"", ""model_name"": ""decision_tree"", ""normalize"": true, ""random_state"": 42, ""verbose"": false, ""x"": 0}",21,SII,2,TreeExplainer,250,5.521460917862246,mse,InconsistentKernelSHAPIQ,SVARMIQ,0.0016857503423147462,0.0238536344671874,-0.022167884124872653,1
Thyroid,"{""class_to_explain"": null, ""imputer"": ""marginal"", ""model_name"": ""decision_tree"", ""normalize"": true, ""random_state"": 42, ""verbose"": false, ""x"": 0}",21,SII,2,TreeExplainer,250,5.521460917862246,mse,KernelSHAPIQ,PermutationSamplingSII,0.002855541671726724,0.00041327827219421784,0.002442263399532506,0
Thyroid,"{""class_to_explain"": null, ""imputer"": ""marginal"", ""model_name"": ""decision_tree"", ""normalize"": true, ""random_state"": 42, ""verbose"": false, ""x"": 0}",21,SII,2,TreeExplainer,250,5.521460917862246,mse,KernelSHAPIQ,SVARMIQ,0.002855541671726724,0.0238536344671874,-0.020998092795460676,1
Thyroid,"{""class_to_explain"": null, ""imputer"": ""marginal"", ""model_name"": ""decision_tree"", ""normalize"": true, ""random_state"": 42, ""verbose"": false, ""x"": 0}",21,SII,2,TreeExplainer,250,5.521460917862246,mse,PermutationSamplingSII,SVARMIQ,0.00041327827219421784,0.0238536344671874,-0.02344035619499318,1
Thyroid,"{""class_to_explain"": null, ""imputer"": ""marginal"", ""model_name"": ""decision_tree"", ""normalize"": true, ""random_state"": 42, ""verbose"": false, ""x"": 0}",21,SII,2,TreeExplainer,250,5.521460917862246,spearman,InconsistentKernelSHAPIQ,KernelSHAPIQ,0.18702641940393364,0.12376261469011626,0.06326380471381737,1
Thyroid,"{""class_to_explain"": null, ""imputer"": ""marginal"", ""model_name"": ""decision_tree"", ""normalize"": true, ""random_state"": 42, ""verbose"": false, ""x"": 0}",21,SII,2,TreeExplainer,250,5.521460917862246,spearman,InconsistentKernelSHAPIQ,PermutationSamplingSII,0.18702641940393364,0.40319616675961145,-0.21616974735567782,0
Thyroid,"{""class_to_explain"": null, ""imputer"": ""marginal"", ""model_name"": ""decision_tree"", ""normalize"": true, ""random_state"": 42, ""verbose"": false, ""x"": 0}",21,SII,2,TreeExplainer,250,5.521460917862246,spearman,InconsistentKernelSHAPIQ,SVARMIQ,0.18702641940393364,0.13593775093805513,0.051088668465878506,1
Thyroid,"{""class_to_explain"": null, ""imputer"": ""marginal"", ""model_name"": ""decision_tree"", ""normalize"": true, ""random_state"": 42, ""verbose"": false, ""x"": 0}",21,SII,2,TreeExplainer,250,5.521460917862246,spearman,KernelSHAPIQ,PermutationSamplingSII,0.12376261469011626,0.40319616675961145,-0.27943355206949516,0
Thyroid,"{""class_to_explain"": null, ""imputer"": ""marginal"", ""model_name"": ""decision_tree"", ""normalize"": true, ""random_state"": 42, ""verbose"": false, ""x"": 0}",21,SII,2,TreeExplainer,250,5.521460917862246,spearman,KernelSHAPIQ,SVARMIQ,0.12376261469011626,0.13593775093805513,-0.012175136247938867,0
Thyroid,"{""class_to_explain"": null, ""imputer"": ""marginal"", ""model_name"": ""decision_tree"", ""normalize"": true, ""random_state"": 42, ""verbose"": false, ""x"": 0}",21,SII,2,TreeExplainer,250,5.521460917862246,spearman,PermutationSamplingSII,SVARMIQ,0.40319616675961145,0.13593775093805513,0.2672584158215563,1
Thyroid,"{""class_to_explain"": null, ""imputer"": ""marginal"", ""model_name"": ""decision_tree"", ""normalize"": true, ""random_state"": 42, ""verbose"": false, ""x"": 0}",21,SII,2,TreeExplainer,500,6.214608098422191,mse,InconsistentKernelSHAPIQ,KernelSHAPIQ,0.0002980890219947485,0.00040978964605664403,-0.00011170062406189553,1
Thyroid,"{""class_to_explain"": null, ""imputer"": ""marginal"", ""model_name"": ""decision_tree"", ""normalize"": true, ""random_state"": 42, ""verbose"": false, ""x"": 0}",21,SII,2,TreeExplainer,500,6.214608098422191,mse,InconsistentKernelSHAPIQ,PermutationSamplingSII,0.0002980890219947485,0.00039347827055374814,-9.538924855899964e-05,1
Thyroid,"{""class_to_explain"": null, ""imputer"": ""marginal"", ""model_name"": ""decision_tree"", ""normalize"": true, ""random_state"": 42, ""verbose"": false, ""x"": 0}",21,SII,2,TreeExplainer,500,6.214608098422191,mse,InconsistentKernelSHAPIQ,SVARMIQ,0.0002980890219947485,0.018326668245260674,-0.018028579223265926,1
Thyroid,"{""class_to_explain"": null, ""imputer"": ""marginal"", ""model_name"": ""decision_tree"", ""normalize"": true, ""random_state"": 42, ""verbose"": false, ""x"": 0}",21,SII,2,TreeExplainer,500,6.214608098422191,mse,KernelSHAPIQ,PermutationSamplingSII,0.00040978964605664403,0.00039347827055374814,1.6311375502895895e-05,0
Thyroid,"{""class_to_explain"": null, ""imputer"": ""marginal"", ""model_name"": ""decision_tree"", ""normalize"": true, ""random_state"": 42, ""verbose"": false, ""x"": 0}",21,SII,2,TreeExplainer,500,6.214608098422191,mse,KernelSHAPIQ,SVARMIQ,0.00040978964605664403,0.018326668245260674,-0.01791687859920403,1
Thyroid,"{""class_to_explain"": null, ""imputer"": ""marginal"", ""model_name"": ""decision_tree"", ""normalize"": true, ""random_state"": 42, ""verbose"": false, ""x"": 0}",21,SII,2,TreeExplainer,500,6.214608098422191,mse,PermutationSamplingSII,SVARMIQ,0.00039347827055374814,0.018326668245260674,-0.017933189974706925,1
Thyroid,"{""class_to_explain"": null, ""imputer"": ""marginal"", ""model_name"": ""decision_tree"", ""normalize"": true, ""random_state"": 42, ""verbose"": false, ""x"": 0}",21,SII,2,TreeExplainer,500,6.214608098422191,spearman,InconsistentKernelSHAPIQ,KernelSHAPIQ,0.29880338299271947,0.2740520049800534,0.02475137801266608,1
Thyroid,"{""class_to_explain"": null, ""imputer"": ""marginal"", ""model_name"": ""decision_tree"", ""normalize"": true, ""random_state"": 42, ""verbose"": false, ""x"": 0}",21,SII,2,TreeExplainer,500,6.214608098422191,spearman,InconsistentKernelSHAPIQ,PermutationSamplingSII,0.29880338299271947,0.4073114244688684,-0.10850804147614895,0
Thyroid,"{""class_to_explain"": null, ""imputer"": ""marginal"", ""model_name"": ""decision_tree"", ""normalize"": true, ""random_state"": 42, ""verbose"": false, ""x"": 0}",21,SII,2,TreeExplainer,500,6.214608098422191,spearman,InconsistentKernelSHAPIQ,SVARMIQ,0.29880338299271947,0.181904214176935,0.11689916881578447,1
Thyroid,"{""class_to_explain"": null, ""imputer"": ""marginal"", ""model_name"": ""decision_tree"", ""normalize"": true, ""random_state"": 42, ""verbose"": false, ""x"": 0}",21,SII,2,TreeExplainer,500,6.214608098422191,spearman,KernelSHAPIQ,PermutationSamplingSII,0.2740520049800534,0.4073114244688684,-0.13325941948881503,0
Thyroid,"{""class_to_explain"": null, ""imputer"": ""marginal"", ""model_name"": ""decision_tree"", ""normalize"": true, ""random_state"": 42, ""verbose"": false, ""x"": 0}",21,SII,2,TreeExplainer,500,6.214608098422191,spearman,KernelSHAPIQ,SVARMIQ,0.2740520049800534,0.181904214176935,0.09214779080311838,1
Thyroid,"{""class_to_explain"": null, ""imputer"": ""marginal"", ""model_name"": ""decision_tree"", ""normalize"": true, ""random_state"": 42, ""verbose"": false, ""x"": 0}",21,SII,2,TreeExplainer,500,6.214608098422191,spearman,PermutationSamplingSII,SVARMIQ,0.4073114244688684,0.181904214176935,0.22540721029193342,1
Thyroid,"{""class_to_explain"": null, ""imputer"": ""marginal"", ""model_name"": ""decision_tree"", ""normalize"": true, ""random_state"": 42, ""verbose"": false, ""x"": 0}",21,SII,2,TreeExplainer,1000,6.907755278982137,mse,InconsistentKernelSHAPIQ,KernelSHAPIQ,0.0002746700509609916,0.0003165765147114216,-4.1906463750430013e-05,1
Thyroid,"{""class_to_explain"": null, ""imputer"": ""marginal"", ""model_name"": ""decision_tree"", ""normalize"": true, ""random_state"": 42, ""verbose"": false, ""x"": 0}",21,SII,2,TreeExplainer,1000,6.907755278982137,mse,InconsistentKernelSHAPIQ,PermutationSamplingSII,0.0002746700509609916,0.00037277158352148405,-9.810153256049247e-05,1
Thyroid,"{""class_to_explain"": null, ""imputer"": ""marginal"", ""model_name"": ""decision_tree"", ""normalize"": true, ""random_state"": 42, ""verbose"": false, ""x"": 0}",21,SII,2,TreeExplainer,1000,6.907755278982137,mse,InconsistentKernelSHAPIQ,SVARMIQ,0.0002746700509609916,0.006602168074474003,-0.006327498023513011,1
Thyroid,"{""class_to_explain"": null, ""imputer"": ""marginal"", ""model_name"": ""decision_tree"", ""normalize"": true, ""random_state"": 42, ""verbose"": false, ""x"": 0}",21,SII,2,TreeExplainer,1000,6.907755278982137,mse,KernelSHAPIQ,PermutationSamplingSII,0.0003165765147114216,0.00037277158352148405,-5.619506881006245e-05,1
Thyroid,"{""class_to_explain"": null, ""imputer"": ""marginal"", ""model_name"": ""decision_tree"", ""normalize"": true, ""random_state"": 42, ""verbose"": false, ""x"": 0}",21,SII,2,TreeExplainer,1000,6.907755278982137,mse,KernelSHAPIQ,SVARMIQ,0.0003165765147114216,0.006602168074474003,-0.006285591559762581,1
Thyroid,"{""class_to_explain"": null, ""imputer"": ""marginal"", ""model_name"": ""decision_tree"", ""normalize"": true, ""random_state"": 42, ""verbose"": false, ""x"": 0}",21,SII,2,TreeExplainer,1000,6.907755278982137,mse,PermutationSamplingSII,SVARMIQ,0.00037277158352148405,0.006602168074474003,-0.006229396490952519,1
Thyroid,"{""class_to_explain"": null, ""imputer"": ""marginal"", ""model_name"": ""decision_tree"", ""normalize"": true, ""random_state"": 42, ""verbose"": false, ""x"": 0}",21,SII,2,TreeExplainer,1000,6.907755278982137,spearman,InconsistentKernelSHAPIQ,KernelSHAPIQ,0.33018273389793007,0.30278867734006765,0.027394056557862423,1
Thyroid,"{""class_to_explain"": null, ""imputer"": ""marginal"", ""model_name"": ""decision_tree"", ""normalize"": true, ""random_state"": 42, ""verbose"": false, ""x"": 0}",21,SII,2,TreeExplainer,1000,6.907755278982137,spearman,InconsistentKernelSHAPIQ,PermutationSamplingSII,0.33018273389793007,0.424342110314867,-0.09415937641693695,0
Thyroid,"{""class_to_explain"": null, ""imputer"": ""marginal"", ""model_name"": ""decision_tree"", ""normalize"": true, ""random_state"": 42, ""verbose"": false, ""x"": 0}",21,SII,2,TreeExplainer,1000,6.907755278982137,spearman,InconsistentKernelSHAPIQ,SVARMIQ,0.33018273389793007,0.19877716998615538,0.1314055639117747,1
Thyroid,"{""class_to_explain"": null, ""imputer"": ""marginal"", ""model_name"": ""decision_tree"", ""normalize"": true, ""random_state"": 42, ""verbose"": false, ""x"": 0}",21,SII,2,TreeExplainer,1000,6.907755278982137,spearman,KernelSHAPIQ,PermutationSamplingSII,0.30278867734006765,0.424342110314867,-0.12155343297479937,0
Thyroid,"{""class_to_explain"": null, ""imputer"": ""marginal"", ""model_name"": ""decision_tree"", ""normalize"": true, ""random_state"": 42, ""verbose"": false, ""x"": 0}",21,SII,2,TreeExplainer,1000,6.907755278982137,spearman,KernelSHAPIQ,SVARMIQ,0.30278867734006765,0.19877716998615538,0.10401150735391226,1
Thyroid,"{""class_to_explain"": null, ""imputer"": ""marginal"", ""model_name"": ""decision_tree"", ""normalize"": true, ""random_state"": 42, ""verbose"": false, ""x"": 0}",21,SII,2,TreeExplainer,1000,6.907755278982137,spearman,PermutationSamplingSII,SVARMIQ,0.424342110314867,0.19877716998615538,0.22556494032871163,1
Thyroid,"{""class_to_explain"": null, ""imputer"": ""marginal"", ""model_name"": ""decision_tree"", ""normalize"": true, ""random_state"": 42, ""verbose"": false, ""x"": 0}",21,SII,2,TreeExplainer,5000,8.517193191416238,mse,InconsistentKernelSHAPIQ,KernelSHAPIQ,0.000267985653191101,0.0002706139931803475,-2.628339989246462e-06,1
Thyroid,"{""class_to_explain"": null, ""imputer"": ""marginal"", ""model_name"": ""decision_tree"", ""normalize"": true, ""random_state"": 42, ""verbose"": false, ""x"": 0}",21,SII,2,TreeExplainer,5000,8.517193191416238,mse,InconsistentKernelSHAPIQ,PermutationSamplingSII,0.000267985653191101,0.0002794507307973821,-1.1465077606281101e-05,1
Thyroid,"{""class_to_explain"": null, ""imputer"": ""marginal"", ""model_name"": ""decision_tree"", ""normalize"": true, ""random_state"": 42, ""verbose"": false, ""x"": 0}",21,SII,2,TreeExplainer,5000,8.517193191416238,mse,InconsistentKernelSHAPIQ,SVARMIQ,0.000267985653191101,0.0005917160385233947,-0.0003237303853322937,1
Thyroid,"{""class_to_explain"": null, ""imputer"": ""marginal"", ""model_name"": ""decision_tree"", ""normalize"": true, ""random_state"": 42, ""verbose"": false, ""x"": 0}",21,SII,2,TreeExplainer,5000,8.517193191416238,mse,KernelSHAPIQ,PermutationSamplingSII,0.0002706139931803475,0.0002794507307973821,-8.83673761703464e-06,1
Thyroid,"{""class_to_explain"": null, ""imputer"": ""marginal"", ""model_name"": ""decision_tree"", ""normalize"": true, ""random_state"": 42, ""verbose"": false, ""x"": 0}",21,SII,2,TreeExplainer,5000,8.517193191416238,mse,KernelSHAPIQ,SVARMIQ,0.0002706139931803475,0.0005917160385233947,-0.0003211020453430472,1
Thyroid,"{""class_to_explain"": null, ""imputer"": ""marginal"", ""model_name"": ""decision_tree"", ""normalize"": true, ""random_state"": 42, ""verbose"": false, ""x"": 0}",21,SII,2,TreeExplainer,5000,8.517193191416238,mse,PermutationSamplingSII,SVARMIQ,0.0002794507307973821,0.0005917160385233947,-0.0003122653077260126,1
Thyroid,"{""class_to_explain"": null, ""imputer"": ""marginal"", ""model_name"": ""decision_tree"", ""normalize"": true, ""random_state"": 42, ""verbose"": false, ""x"": 0}",21,SII,2,TreeExplainer,5000,8.517193191416238,spearman,InconsistentKernelSHAPIQ,KernelSHAPIQ,0.3489871787846634,0.3359426625488615,0.013044516235801884,1
Thyroid,"{""class_to_explain"": null, ""imputer"": ""marginal"", ""model_name"": ""decision_tree"", ""normalize"": true, ""random_state"": 42, ""verbose"": false, ""x"": 0}",21,SII,2,TreeExplainer,5000,8.517193191416238,spearman,InconsistentKernelSHAPIQ,PermutationSamplingSII,0.3489871787846634,0.4213316999084715,-0.07234452112380813,0
Thyroid,"{""class_to_explain"": null, ""imputer"": ""marginal"", ""model_name"": ""decision_tree"", ""normalize"": true, ""random_state"": 42, ""verbose"": false, ""x"": 0}",21,SII,2,TreeExplainer,5000,8.517193191416238,spearman,InconsistentKernelSHAPIQ,SVARMIQ,0.3489871787846634,0.24642457447022512,0.10256260431443828,1
Thyroid,"{""class_to_explain"": null, ""imputer"": ""marginal"", ""model_name"": ""decision_tree"", ""normalize"": true, ""random_state"": 42, ""verbose"": false, ""x"": 0}",21,SII,2,TreeExplainer,5000,8.517193191416238,spearman,KernelSHAPIQ,PermutationSamplingSII,0.3359426625488615,0.4213316999084715,-0.08538903735961001,0
Thyroid,"{""class_to_explain"": null, ""imputer"": ""marginal"", ""model_name"": ""decision_tree"", ""normalize"": true, ""random_state"": 42, ""verbose"": false, ""x"": 0}",21,SII,2,TreeExplainer,5000,8.517193191416238,spearman,KernelSHAPIQ,SVARMIQ,0.3359426625488615,0.24642457447022512,0.0895180880786364,1
Thyroid,"{""class_to_explain"": null, ""imputer"": ""marginal"", ""model_name"": ""decision_tree"", ""normalize"": true, ""random_state"": 42, ""verbose"": false, ""x"": 0}",21,SII,2,TreeExplainer,5000,8.517193191416238,spearman,PermutationSamplingSII,SVARMIQ,0.4213316999084715,0.24642457447022512,0.1749071254382464,1
Thyroid,"{""class_to_explain"": null, ""imputer"": ""marginal"", ""model_name"": ""decision_tree"", ""normalize"": true, ""random_state"": 42, ""verbose"": false, ""x"": 0}",21,SII,2,TreeExplainer,10000,9.210340371976184,mse,InconsistentKernelSHAPIQ,KernelSHAPIQ,0.0002682214763745901,0.000270077482133557,-1.8560057589669292e-06,1
Thyroid,"{""class_to_explain"": null, ""imputer"": ""marginal"", ""model_name"": ""decision_tree"", ""normalize"": true, ""random_state"": 42, ""verbose"": false, ""x"": 0}",21,SII,2,TreeExplainer,10000,9.210340371976184,mse,InconsistentKernelSHAPIQ,PermutationSamplingSII,0.0002682214763745901,0.000277844887237668,-9.623410863077934e-06,1
Thyroid,"{""class_to_explain"": null, ""imputer"": ""marginal"", ""model_name"": ""decision_tree"", ""normalize"": true, ""random_state"": 42, ""verbose"": false, ""x"": 0}",21,SII,2,TreeExplainer,10000,9.210340371976184,mse,InconsistentKernelSHAPIQ,SVARMIQ,0.0002682214763745901,0.00041742148720219445,-0.00014920001082760438,1
Thyroid,"{""class_to_explain"": null, ""imputer"": ""marginal"", ""model_name"": ""decision_tree"", ""normalize"": true, ""random_state"": 42, ""verbose"": false, ""x"": 0}",21,SII,2,TreeExplainer,10000,9.210340371976184,mse,KernelSHAPIQ,PermutationSamplingSII,0.000270077482133557,0.000277844887237668,-7.767405104111005e-06,1
Thyroid,"{""class_to_explain"": null, ""imputer"": ""marginal"", ""model_name"": ""decision_tree"", ""normalize"": true, ""random_state"": 42, ""verbose"": false, ""x"": 0}",21,SII,2,TreeExplainer,10000,9.210340371976184,mse,KernelSHAPIQ,SVARMIQ,0.000270077482133557,0.00041742148720219445,-0.00014734400506863745,1
Thyroid,"{""class_to_explain"": null, ""imputer"": ""marginal"", ""model_name"": ""decision_tree"", ""normalize"": true, ""random_state"": 42, ""verbose"": false, ""x"": 0}",21,SII,2,TreeExplainer,10000,9.210340371976184,mse,PermutationSamplingSII,SVARMIQ,0.000277844887237668,0.00041742148720219445,-0.00013957659996452644,1
Thyroid,"{""class_to_explain"": null, ""imputer"": ""marginal"", ""model_name"": ""decision_tree"", ""normalize"": true, ""random_state"": 42, ""verbose"": false, ""x"": 0}",21,SII,2,TreeExplainer,10000,9.210340371976184,spearman,InconsistentKernelSHAPIQ,KernelSHAPIQ,0.36780421785032535,0.3594979752050911,0.008306242645234274,1
Thyroid,"{""class_to_explain"": null, ""imputer"": ""marginal"", ""model_name"": ""decision_tree"", ""normalize"": true, ""random_state"": 42, ""verbose"": false, ""x"": 0}",21,SII,2,TreeExplainer,10000,9.210340371976184,spearman,InconsistentKernelSHAPIQ,PermutationSamplingSII,0.36780421785032535,0.38442410737602295,-0.016619889525697595,0
Thyroid,"{""class_to_explain"": null, ""imputer"": ""marginal"", ""model_name"": ""decision_tree"", ""normalize"": true, ""random_state"": 42, ""verbose"": false, ""x"": 0}",21,SII,2,TreeExplainer,10000,9.210340371976184,spearman,InconsistentKernelSHAPIQ,SVARMIQ,0.36780421785032535,0.2708973539793179,0.09690686387100744,1
Thyroid,"{""class_to_explain"": null, ""imputer"": ""marginal"", ""model_name"": ""decision_tree"", ""normalize"": true, ""random_state"": 42, ""verbose"": false, ""x"": 0}",21,SII,2,TreeExplainer,10000,9.210340371976184,spearman,KernelSHAPIQ,PermutationSamplingSII,0.3594979752050911,0.38442410737602295,-0.02492613217093187,0
Thyroid,"{""class_to_explain"": null, ""imputer"": ""marginal"", ""model_name"": ""decision_tree"", ""normalize"": true, ""random_state"": 42, ""verbose"": false, ""x"": 0}",21,SII,2,TreeExplainer,10000,9.210340371976184,spearman,KernelSHAPIQ,SVARMIQ,0.3594979752050911,0.2708973539793179,0.08860062122577317,1
Thyroid,"{""class_to_explain"": null, ""imputer"": ""marginal"", ""model_name"": ""decision_tree"", ""normalize"": true, ""random_state"": 42, ""verbose"": false, ""x"": 0}",21,SII,2,TreeExplainer,10000,9.210340371976184,spearman,PermutationSamplingSII,SVARMIQ,0.38442410737602295,0.2708973539793179,0.11352675339670504,1
Zoo,"{""class_to_explain"": null, ""imputer"": ""marginal"", ""model_name"": ""decision_tree"", ""normalize"": true, ""random_state"": 42, ""verbose"": false, ""x"": 0}",16,SII,2,TreeExplainer,50,3.912023005428146,mse,KernelSHAPIQ,PermutationSamplingSII,0.004223934743770897,0.0005446623093681948,0.003679272434402702,0
Zoo,"{""class_to_explain"": null, ""imputer"": ""marginal"", ""model_name"": ""decision_tree"", ""normalize"": true, ""random_state"": 42, ""verbose"": false, ""x"": 0}",16,SII,2,TreeExplainer,50,3.912023005428146,mse,KernelSHAPIQ,SHAPIQ,0.004223934743770897,0.2762940878718959,-0.272070153128125,1
Zoo,"{""class_to_explain"": null, ""imputer"": ""marginal"", ""model_name"": ""decision_tree"", ""normalize"": true, ""random_state"": 42, ""verbose"": false, ""x"": 0}",16,SII,2,TreeExplainer,50,3.912023005428146,mse,PermutationSamplingSII,SHAPIQ,0.0005446623093681948,0.2762940878718959,-0.27574942556252774,1
Zoo,"{""class_to_explain"": null, ""imputer"": ""marginal"", ""model_name"": ""decision_tree"", ""normalize"": true, ""random_state"": 42, ""verbose"": false, ""x"": 0}",16,SII,2,TreeExplainer,50,3.912023005428146,spearman,KernelSHAPIQ,PermutationSamplingSII,-0.11653590322698829,0.0,-0.11653590322698829,0
Zoo,"{""class_to_explain"": null, ""imputer"": ""marginal"", ""model_name"": ""decision_tree"", ""normalize"": true, ""random_state"": 42, ""verbose"": false, ""x"": 0}",16,SII,2,TreeExplainer,50,3.912023005428146,spearman,KernelSHAPIQ,SHAPIQ,-0.11653590322698829,-0.08502940820410028,-0.031506495022888006,0
Zoo,"{""class_to_explain"": null, ""imputer"": ""marginal"", ""model_name"": ""decision_tree"", ""normalize"": true, ""random_state"": 42, ""verbose"": false, ""x"": 0}",16,SII,2,TreeExplainer,50,3.912023005428146,spearman,PermutationSamplingSII,SHAPIQ,0.0,-0.08502940820410028,0.08502940820410028,1
Zoo,"{""class_to_explain"": null, ""imputer"": ""marginal"", ""model_name"": ""decision_tree"", ""normalize"": true, ""random_state"": 42, ""verbose"": false, ""x"": 0}",16,SII,2,TreeExplainer,100,4.605170185988092,mse,KernelSHAPIQ,PermutationSamplingSII,0.00422393395284579,0.004223934658454169,-7.056083790174528e-10,1
Zoo,"{""class_to_explain"": null, ""imputer"": ""marginal"", ""model_name"": ""decision_tree"", ""normalize"": true, ""random_state"": 42, ""verbose"": false, ""x"": 0}",16,SII,2,TreeExplainer,100,4.605170185988092,mse,KernelSHAPIQ,SHAPIQ,0.00422393395284579,0.0688347984325207,-0.06461086447967491,1
Zoo,"{""class_to_explain"": null, ""imputer"": ""marginal"", ""model_name"": ""decision_tree"", ""normalize"": true, ""random_state"": 42, ""verbose"": false, ""x"": 0}",16,SII,2,TreeExplainer,100,4.605170185988092,mse,PermutationSamplingSII,SHAPIQ,0.004223934658454169,0.0688347984325207,-0.06461086377406654,1
Zoo,"{""class_to_explain"": null, ""imputer"": ""marginal"", ""model_name"": ""decision_tree"", ""normalize"": true, ""random_state"": 42, ""verbose"": false, ""x"": 0}",16,SII,2,TreeExplainer,100,4.605170185988092,spearman,KernelSHAPIQ,PermutationSamplingSII,-0.07319180405820701,-0.5816321780696437,0.5084403740114367,1
Zoo,"{""class_to_explain"": null, ""imputer"": ""marginal"", ""model_name"": ""decision_tree"", ""normalize"": true, ""random_state"": 42, ""verbose"": false, ""x"": 0}",16,SII,2,TreeExplainer,100,4.605170185988092,spearman,KernelSHAPIQ,SHAPIQ,-0.07319180405820701,-0.08426721951290744,0.011075415454700435,1
Zoo,"{""class_to_explain"": null, ""imputer"": ""marginal"", ""model_name"": ""decision_tree"", ""normalize"": true, ""random_state"": 42, ""verbose"": false, ""x"": 0}",16,SII,2,TreeExplainer,100,4.605170185988092,spearman,PermutationSamplingSII,SHAPIQ,-0.5816321780696437,-0.08426721951290744,-0.4973649585567363,0
Zoo,"{""class_to_explain"": null, ""imputer"": ""marginal"", ""model_name"": ""decision_tree"", ""normalize"": true, ""random_state"": 42, ""verbose"": false, ""x"": 0}",16,SII,2,TreeExplainer,200,5.298317366548036,mse,KernelSHAPIQ,PermutationSamplingSII,0.0042239342707188305,0.004223934658454169,-3.8773533862779264e-10,1
Zoo,"{""class_to_explain"": null, ""imputer"": ""marginal"", ""model_name"": ""decision_tree"", ""normalize"": true, ""random_state"": 42, ""verbose"": false, ""x"": 0}",16,SII,2,TreeExplainer,200,5.298317366548036,mse,KernelSHAPIQ,SHAPIQ,0.0042239342707188305,0.03279248831020798,-0.028568554039489148,1
Zoo,"{""class_to_explain"": null, ""imputer"": ""marginal"", ""model_name"": ""decision_tree"", ""normalize"": true, ""random_state"": 42, ""verbose"": false, ""x"": 0}",16,SII,2,TreeExplainer,200,5.298317366548036,mse,PermutationSamplingSII,SHAPIQ,0.004223934658454169,0.03279248831020798,-0.02856855365175381,1
Zoo,"{""class_to_explain"": null, ""imputer"": ""marginal"", ""model_name"": ""decision_tree"", ""normalize"": true, ""random_state"": 42, ""verbose"": false, ""x"": 0}",16,SII,2,TreeExplainer,200,5.298317366548036,spearman,KernelSHAPIQ,PermutationSamplingSII,-0.13663751443569844,-0.5816321780696437,0.4449946636339453,1
Zoo,"{""class_to_explain"": null, ""imputer"": ""marginal"", ""model_name"": ""decision_tree"", ""normalize"": true, ""random_state"": 42, ""verbose"": false, ""x"": 0}",16,SII,2,TreeExplainer,200,5.298317366548036,spearman,KernelSHAPIQ,SHAPIQ,-0.13663751443569844,-0.12375529894020021,-0.012882215495498228,0
Zoo,"{""class_to_explain"": null, ""imputer"": ""marginal"", ""model_name"": ""decision_tree"", ""normalize"": true, ""random_state"": 42, ""verbose"": false, ""x"": 0}",16,SII,2,TreeExplainer,200,5.298317366548036,spearman,PermutationSamplingSII,SHAPIQ,-0.5816321780696437,-0.12375529894020021,-0.4578768791294435,0
Zoo,"{""class_to_explain"": null, ""imputer"": ""marginal"", ""model_name"": ""decision_tree"", ""normalize"": true, ""random_state"": 42, ""verbose"": false, ""x"": 0}",16,SV,1,ExactComputer,100,4.605170185988092,mse,KernelSHAP,OwenSamplingSV,5.695322459668425e-16,1.6611241254335433e-27,5.695322459651814e-16,0
Zoo,"{""class_to_explain"": null, ""imputer"": ""marginal"", ""model_name"": ""decision_tree"", ""normalize"": true, ""random_state"": 42, ""verbose"": false, ""x"": 0}",16,SV,1,ExactComputer,100,4.605170185988092,mse,KernelSHAP,PermutationSamplingSV,5.695322459668425e-16,1.6611241254335433e-27,5.695322459651814e-16,0
Zoo,"{""class_to_explain"": null, ""imputer"": ""marginal"", ""model_name"": ""decision_tree"", ""normalize"": true, ""random_state"": 42, ""verbose"": false, ""x"": 0}",16,SV,1,ExactComputer,100,4.605170185988092,mse,KernelSHAP,StratifiedSamplingSV,5.695322459668425e-16,1.6611241254335433e-27,5.695322459651814e-16,0
Zoo,"{""class_to_explain"": null, ""imputer"": ""marginal"", ""model_name"": ""decision_tree"", ""normalize"": true, ""random_state"": 42, ""verbose"": false, ""x"": 0}",16,SV,1,ExactComputer,100,4.605170185988092,spearman,KernelSHAP,OwenSamplingSV,0.21372549019607845,0.4200840252084029,-0.20635853501232443,0
Zoo,"{""class_to_explain"": null, ""imputer"": ""marginal"", ""model_name"": ""decision_tree"", ""normalize"": true, ""random_state"": 42, ""verbose"": false, ""x"": 0}",16,SV,1,ExactComputer,100,4.605170185988092,spearman,KernelSHAP,PermutationSamplingSV,0.21372549019607845,0.4200840252084029,-0.20635853501232443,0
Zoo,"{""class_to_explain"": null, ""imputer"": ""marginal"", ""model_name"": ""decision_tree"", ""normalize"": true, ""random_state"": 42, ""verbose"": false, ""x"": 0}",16,SV,1,ExactComputer,100,4.605170185988092,spearman,KernelSHAP,StratifiedSamplingSV,0.21372549019607845,0.4200840252084029,-0.20635853501232443,0
Zoo,"{""class_to_explain"": null, ""imputer"": ""marginal"", ""model_name"": ""decision_tree"", ""normalize"": true, ""random_state"": 42, ""verbose"": false, ""x"": 0}",16,SV,1,ExactComputer,200,5.298317366548036,mse,KernelSHAP,OwenSamplingSV,8.509507756042796e-16,1.6611241254335433e-27,8.509507756026184e-16,0
Zoo,"{""class_to_explain"": null, ""imputer"": ""marginal"", ""model_name"": ""decision_tree"", ""normalize"": true, ""random_state"": 42, ""verbose"": false, ""x"": 0}",16,SV,1,ExactComputer,200,5.298317366548036,mse,KernelSHAP,PermutationSamplingSV,8.509507756042796e-16,1.6611241254335433e-27,8.509507756026184e-16,0
Zoo,"{""class_to_explain"": null, ""imputer"": ""marginal"", ""model_name"": ""decision_tree"", ""normalize"": true, ""random_state"": 42, ""verbose"": false, ""x"": 0}",16,SV,1,ExactComputer,200,5.298317366548036,mse,KernelSHAP,StratifiedSamplingSV,8.509507756042796e-16,1.6611241254335433e-27,8.509507756026184e-16,0
Zoo,"{""class_to_explain"": null, ""imputer"": ""marginal"", ""model_name"": ""decision_tree"", ""normalize"": true, ""random_state"": 42, ""verbose"": false, ""x"": 0}",16,SV,1,ExactComputer,200,5.298317366548036,spearman,KernelSHAP,OwenSamplingSV,0.15098039215686276,0.4200840252084029,-0.2691036330515401,0
Zoo,"{""class_to_explain"": null, ""imputer"": ""marginal"", ""model_name"": ""decision_tree"", ""normalize"": true, ""random_state"": 42, ""verbose"": false, ""x"": 0}",16,SV,1,ExactComputer,200,5.298317366548036,spearman,KernelSHAP,PermutationSamplingSV,0.15098039215686276,0.4200840252084029,-0.2691036330515401,0
Zoo,"{""class_to_explain"": null, ""imputer"": ""marginal"", ""model_name"": ""decision_tree"", ""normalize"": true, ""random_state"": 42, ""verbose"": false, ""x"": 0}",16,SV,1,ExactComputer,200,5.298317366548036,spearman,KernelSHAP,StratifiedSamplingSV,0.15098039215686276,0.4200840252084029,-0.2691036330515401,0
Zoo,"{""class_to_explain"": null, ""imputer"": ""marginal"", ""model_name"": ""decision_tree"", ""normalize"": true, ""random_state"": 42, ""verbose"": false, ""x"": 0}",16,SV,1,TreeExplainer,100,4.605170185988092,mse,KernelSHAP,OwenSamplingSV,0.032817023579370594,0.032817024843774016,-1.2644034222408784e-09,1
Zoo,"{""class_to_explain"": null, ""imputer"": ""marginal"", ""model_name"": ""decision_tree"", ""normalize"": true, ""random_state"": 42, ""verbose"": false, ""x"": 0}",16,SV,1,TreeExplainer,100,4.605170185988092,mse,KernelSHAP,PermutationSamplingSV,0.032817023579370594,0.032817024843774016,-1.2644034222408784e-09,1
Zoo,"{""class_to_explain"": null, ""imputer"": ""marginal"", ""model_name"": ""decision_tree"", ""normalize"": true, ""random_state"": 42, ""verbose"": false, ""x"": 0}",16,SV,1,TreeExplainer,100,4.605170185988092,mse,KernelSHAP,StratifiedSamplingSV,0.032817023579370594,0.032817024843774016,-1.2644034222408784e-09,1
Zoo,"{""class_to_explain"": null, ""imputer"": ""marginal"", ""model_name"": ""decision_tree"", ""normalize"": true, ""random_state"": 42, ""verbose"": false, ""x"": 0}",16,SV,1,TreeExplainer,100,4.605170185988092,spearman,KernelSHAP,OwenSamplingSV,-0.21091537193302687,-0.7302967433402214,0.5193813714071945,1
Zoo,"{""class_to_explain"": null, ""imputer"": ""marginal"", ""model_name"": ""decision_tree"", ""normalize"": true, ""random_state"": 42, ""verbose"": false, ""x"": 0}",16,SV,1,TreeExplainer,100,4.605170185988092,spearman,KernelSHAP,PermutationSamplingSV,-0.21091537193302687,-0.7302967433402214,0.5193813714071945,1
Zoo,"{""class_to_explain"": null, ""imputer"": ""marginal"", ""model_name"": ""decision_tree"", ""normalize"": true, ""random_state"": 42, ""verbose"": false, ""x"": 0}",16,SV,1,TreeExplainer,100,4.605170185988092,spearman,KernelSHAP,StratifiedSamplingSV,-0.21091537193302687,-0.7302967433402214,0.5193813714071945,1
Zoo,"{""class_to_explain"": null, ""imputer"": ""marginal"", ""model_name"": ""decision_tree"", ""normalize"": true, ""random_state"": 42, ""verbose"": false, ""x"": 0}",16,SV,1,TreeExplainer,200,5.298317366548036,mse,KernelSHAP,OwenSamplingSV,0.03281701544905635,0.032817024843774016,-9.394717663535612e-09,1
Zoo,"{""class_to_explain"": null, ""imputer"": ""marginal"", ""model_name"": ""decision_tree"", ""normalize"": true, ""random_state"": 42, ""verbose"": false, ""x"": 0}",16,SV,1,TreeExplainer,200,5.298317366548036,mse,KernelSHAP,PermutationSamplingSV,0.03281701544905635,0.032817024843774016,-9.394717663535612e-09,1
Zoo,"{""class_to_explain"": null, ""imputer"": ""marginal"", ""model_name"": ""decision_tree"", ""normalize"": true, ""random_state"": 42, ""verbose"": false, ""x"": 0}",16,SV,1,TreeExplainer,200,5.298317366548036,mse,KernelSHAP,StratifiedSamplingSV,0.03281701544905635,0.032817024843774016,-9.394717663535612e-09,1
Zoo,"{""class_to_explain"": null, ""imputer"": ""marginal"", ""model_name"": ""decision_tree"", ""normalize"": true, ""random_state"": 42, ""verbose"": false, ""x"": 0}",16,SV,1,TreeExplainer,200,5.298317366548036,spearman,KernelSHAP,OwenSamplingSV,-0.3834824944236852,-0.7302967433402214,0.3468142489165362,1
Zoo,"{""class_to_explain"": null, ""imputer"": ""marginal"", ""model_name"": ""decision_tree"", ""normalize"": true, ""random_state"": 42, ""verbose"": false, ""x"": 0}",16,SV,1,TreeExplainer,200,5.298317366548036,spearman,KernelSHAP,PermutationSamplingSV,-0.3834824944236852,-0.7302967433402214,0.3468142489165362,1
Zoo,"{""class_to_explain"": null, ""imputer"": ""marginal"", ""model_name"": ""decision_tree"", ""normalize"": true, ""random_state"": 42, ""verbose"": false, ""x"": 0}",16,SV,1,TreeExplainer,200,5.298317366548036,spearman,KernelSHAP,StratifiedSamplingSV,-0.3834824944236852,-0.7302967433402214,0.3468142489165362,1
Zoo,"{""class_to_explain"": null, ""imputer"": ""marginal"", ""model_name"": ""decision_tree"", ""normalize"": true, ""random_state"": 42, ""verbose"": false, ""x"": 0}",16,SV,1,TreeExplainer,250,5.521460917862246,mse,KernelSHAP,OwenSamplingSV,0.03281702634516552,0.032817024843774016,1.501391504177274e-09,0
Zoo,"{""class_to_explain"": null, ""imputer"": ""marginal"", ""model_name"": ""decision_tree"", ""normalize"": true, ""random_state"": 42, ""verbose"": false, ""x"": 0}",16,SV,1,TreeExplainer,250,5.521460917862246,mse,KernelSHAP,kADDSHAP,0.03281702634516552,0.032817016619146266,9.72601925386396e-09,0
Zoo,"{""class_to_explain"": null, ""imputer"": ""marginal"", ""model_name"": ""decision_tree"", ""normalize"": true, ""random_state"": 42, ""verbose"": false, ""x"": 0}",16,SV,1,TreeExplainer,250,5.521460917862246,mse,OwenSamplingSV,kADDSHAP,0.032817024843774016,0.032817016619146266,8.224627749686686e-09,0
Zoo,"{""class_to_explain"": null, ""imputer"": ""marginal"", ""model_name"": ""decision_tree"", ""normalize"": true, ""random_state"": 42, ""verbose"": false, ""x"": 0}",16,SV,1,TreeExplainer,250,5.521460917862246,spearman,KernelSHAP,OwenSamplingSV,-0.3160424695422785,-0.7302967433402214,0.41425427379794294,1
Zoo,"{""class_to_explain"": null, ""imputer"": ""marginal"", ""model_name"": ""decision_tree"", ""normalize"": true, ""random_state"": 42, ""verbose"": false, ""x"": 0}",16,SV,1,TreeExplainer,250,5.521460917862246,spearman,KernelSHAP,kADDSHAP,-0.3160424695422785,-0.31075305582608975,-0.00528941371618874,0
Zoo,"{""class_to_explain"": null, ""imputer"": ""marginal"", ""model_name"": ""decision_tree"", ""normalize"": true, ""random_state"": 42, ""verbose"": false, ""x"": 0}",16,SV,1,TreeExplainer,250,5.521460917862246,spearman,OwenSamplingSV,kADDSHAP,-0.7302967433402214,-0.31075305582608975,-0.4195436875141317,0
Zoo,"{""class_to_explain"": null, ""imputer"": ""marginal"", ""model_name"": ""decision_tree"", ""normalize"": true, ""random_state"": 42, ""verbose"": false, ""x"": 0}",16,SV,1,TreeExplainer,500,6.214608098422191,mse,KernelSHAP,OwenSamplingSV,0.03281703622785119,0.032817024843774016,1.138407717399259e-08,0
Zoo,"{""class_to_explain"": null, ""imputer"": ""marginal"", ""model_name"": ""decision_tree"", ""normalize"": true, ""random_state"": 42, ""verbose"": false, ""x"": 0}",16,SV,1,TreeExplainer,500,6.214608098422191,mse,KernelSHAP,kADDSHAP,0.03281703622785119,0.03281702404790621,1.2179944983148339e-08,0
Zoo,"{""class_to_explain"": null, ""imputer"": ""marginal"", ""model_name"": ""decision_tree"", ""normalize"": true, ""random_state"": 42, ""verbose"": false, ""x"": 0}",16,SV,1,TreeExplainer,500,6.214608098422191,mse,OwenSamplingSV,kADDSHAP,0.032817024843774016,0.03281702404790621,7.958678091557481e-10,0
Zoo,"{""class_to_explain"": null, ""imputer"": ""marginal"", ""model_name"": ""decision_tree"", ""normalize"": true, ""random_state"": 42, ""verbose"": false, ""x"": 0}",16,SV,1,TreeExplainer,500,6.214608098422191,spearman,KernelSHAP,OwenSamplingSV,-0.3504236586975054,-0.7302967433402214,0.379873084642716,1
Zoo,"{""class_to_explain"": null, ""imputer"": ""marginal"", ""model_name"": ""decision_tree"", ""normalize"": true, ""random_state"": 42, ""verbose"": false, ""x"": 0}",16,SV,1,TreeExplainer,500,6.214608098422191,spearman,KernelSHAP,kADDSHAP,-0.3504236586975054,-0.3292660038327504,-0.021157654864755016,0
Zoo,"{""class_to_explain"": null, ""imputer"": ""marginal"", ""model_name"": ""decision_tree"", ""normalize"": true, ""random_state"": 42, ""verbose"": false, ""x"": 0}",16,SV,1,TreeExplainer,500,6.214608098422191,spearman,OwenSamplingSV,kADDSHAP,-0.7302967433402214,-0.3292660038327504,-0.40103073950747103,0
Zoo,"{""class_to_explain"": null, ""imputer"": ""marginal"", ""model_name"": ""decision_tree"", ""normalize"": true, ""random_state"": 42, ""verbose"": false, ""x"": 0}",16,SV,1,TreeExplainer,1000,6.907755278982137,mse,KernelSHAP,OwenSamplingSV,0.03281700357755663,0.032817024843774016,-2.1266217384297015e-08,1
Zoo,"{""class_to_explain"": null, ""imputer"": ""marginal"", ""model_name"": ""decision_tree"", ""normalize"": true, ""random_state"": 42, ""verbose"": false, ""x"": 0}",16,SV,1,TreeExplainer,1000,6.907755278982137,mse,KernelSHAP,kADDSHAP,0.03281700357755663,0.03281701512082151,-1.1543264878677295e-08,1
Zoo,"{""class_to_explain"": null, ""imputer"": ""marginal"", ""model_name"": ""decision_tree"", ""normalize"": true, ""random_state"": 42, ""verbose"": false, ""x"": 0}",16,SV,1,TreeExplainer,1000,6.907755278982137,mse,OwenSamplingSV,kADDSHAP,0.032817024843774016,0.03281701512082151,9.72295250561972e-09,0
Zoo,"{""class_to_explain"": null, ""imputer"": ""marginal"", ""model_name"": ""decision_tree"", ""normalize"": true, ""random_state"": 42, ""verbose"": false, ""x"": 0}",16,SV,1,TreeExplainer,1000,6.907755278982137,spearman,KernelSHAP,OwenSamplingSV,-0.2591812720932493,-0.7302967433402214,0.4711154712469721,1
Zoo,"{""class_to_explain"": null, ""imputer"": ""marginal"", ""model_name"": ""decision_tree"", ""normalize"": true, ""random_state"": 42, ""verbose"": false, ""x"": 0}",16,SV,1,TreeExplainer,1000,6.907755278982137,spearman,KernelSHAP,kADDSHAP,-0.2591812720932493,-0.32000952982942005,0.06082825773617073,1
Zoo,"{""class_to_explain"": null, ""imputer"": ""marginal"", ""model_name"": ""decision_tree"", ""normalize"": true, ""random_state"": 42, ""verbose"": false, ""x"": 0}",16,SV,1,TreeExplainer,1000,6.907755278982137,spearman,OwenSamplingSV,kADDSHAP,-0.7302967433402214,-0.32000952982942005,-0.4102872135108014,0
Zoo,"{""class_to_explain"": null, ""imputer"": ""marginal"", ""model_name"": ""decision_tree"", ""normalize"": true, ""random_state"": 42, ""verbose"": false, ""x"": 0}",16,SV,1,TreeExplainer,5000,8.517193191416238,mse,KernelSHAP,OwenSamplingSV,0.032816996047623746,0.032817024843774016,-2.879615026984972e-08,1
Zoo,"{""class_to_explain"": null, ""imputer"": ""marginal"", ""model_name"": ""decision_tree"", ""normalize"": true, ""random_state"": 42, ""verbose"": false, ""x"": 0}",16,SV,1,TreeExplainer,5000,8.517193191416238,mse,KernelSHAP,kADDSHAP,0.032816996047623746,0.032817143889909514,-1.4784228576786296e-07,1
Zoo,"{""class_to_explain"": null, ""imputer"": ""marginal"", ""model_name"": ""decision_tree"", ""normalize"": true, ""random_state"": 42, ""verbose"": false, ""x"": 0}",16,SV,1,TreeExplainer,5000,8.517193191416238,mse,OwenSamplingSV,kADDSHAP,0.032817024843774016,0.032817143889909514,-1.1904613549801324e-07,1
Zoo,"{""class_to_explain"": null, ""imputer"": ""marginal"", ""model_name"": ""decision_tree"", ""normalize"": true, ""random_state"": 42, ""verbose"": false, ""x"": 0}",16,SV,1,TreeExplainer,5000,8.517193191416238,spearman,KernelSHAP,OwenSamplingSV,-0.2737271598127684,-0.7302967433402214,0.456569583527453,1
Zoo,"{""class_to_explain"": null, ""imputer"": ""marginal"", ""model_name"": ""decision_tree"", ""normalize"": true, ""random_state"": 42, ""verbose"": false, ""x"": 0}",16,SV,1,TreeExplainer,5000,8.517193191416238,spearman,KernelSHAP,kADDSHAP,-0.2737271598127684,-0.2459577378027774,-0.027769422009990996,0
Zoo,"{""class_to_explain"": null, ""imputer"": ""marginal"", ""model_name"": ""decision_tree"", ""normalize"": true, ""random_state"": 42, ""verbose"": false, ""x"": 0}",16,SV,1,TreeExplainer,5000,8.517193191416238,spearman,OwenSamplingSV,kADDSHAP,-0.7302967433402214,-0.2459577378027774,-0.484339005537444,0
Zoo,"{""class_to_explain"": null, ""imputer"": ""marginal"", ""model_name"": ""decision_tree"", ""normalize"": true, ""random_state"": 42, ""verbose"": false, ""x"": 0}",16,SV,1,TreeExplainer,10000,9.210340371976184,mse,KernelSHAP,OwenSamplingSV,0.03281698008844712,0.032817024843773995,-4.4755326875089985e-08,1
Zoo,"{""class_to_explain"": null, ""imputer"": ""marginal"", ""model_name"": ""decision_tree"", ""normalize"": true, ""random_state"": 42, ""verbose"": false, ""x"": 0}",16,SV,1,TreeExplainer,10000,9.210340371976184,mse,KernelSHAP,kADDSHAP,0.03281698008844712,0.03281700038037632,-2.0291929199445224e-08,1
Zoo,"{""class_to_explain"": null, ""imputer"": ""marginal"", ""model_name"": ""decision_tree"", ""normalize"": true, ""random_state"": 42, ""verbose"": false, ""x"": 0}",16,SV,1,TreeExplainer,10000,9.210340371976184,mse,OwenSamplingSV,kADDSHAP,0.032817024843773995,0.03281700038037632,2.446339767564476e-08,0
Zoo,"{""class_to_explain"": null, ""imputer"": ""marginal"", ""model_name"": ""decision_tree"", ""normalize"": true, ""random_state"": 42, ""verbose"": false, ""x"": 0}",16,SV,1,TreeExplainer,10000,9.210340371976184,spearman,KernelSHAP,OwenSamplingSV,-0.27769422009991,-0.7302967433402214,0.4526025232403114,1
Zoo,"{""class_to_explain"": null, ""imputer"": ""marginal"", ""model_name"": ""decision_tree"", ""normalize"": true, ""random_state"": 42, ""verbose"": false, ""x"": 0}",16,SV,1,TreeExplainer,10000,9.210340371976184,spearman,KernelSHAP,kADDSHAP,-0.27769422009991,-0.2618259789513437,-0.01586824114856633,0
Zoo,"{""class_to_explain"": null, ""imputer"": ""marginal"", ""model_name"": ""decision_tree"", ""normalize"": true, ""random_state"": 42, ""verbose"": false, ""x"": 0}",16,SV,1,TreeExplainer,10000,9.210340371976184,spearman,OwenSamplingSV,kADDSHAP,-0.7302967433402214,-0.2618259789513437,-0.46847076438887775,0
